GOLD,IV,EUW1_5224368044
GOLD,IV,EUW1_5162304174
GOLD,IV,EUW1_5162237394
GOLD,IV,EUW1_5160755048
GOLD,IV,EUW1_5160750565
GOLD,IV,EUW1_5160644156
GOLD,IV,EUW1_5160319196
GOLD,IV,EUW1_5160382252
GOLD,IV,EUW1_5160285684
GOLD,IV,EUW1_5160188393
GOLD,IV,EUW1_5160171815
GOLD,IV,EUW1_5160096092
GOLD,IV,EUW1_5158983297
GOLD,IV,EUW1_5158956559
GOLD,IV,EUW1_5158862149
GOLD,IV,EUW1_5158825312
GOLD,IV,EUW1_5158727817
GOLD,IV,EUW1_5158700470
GOLD,IV,EUW1_5152488313
GOLD,IV,EUW1_5148562527
GOLD,IV,EUW1_5148494087
GOLD,IV,EUW1_5148298093
GOLD,IV,EUW1_5148160413
GOLD,IV,EUW1_5148114585
GOLD,IV,EUW1_5147916492
GOLD,IV,EUW1_5141039314
GOLD,IV,EUW1_5141091580
GOLD,IV,EUW1_5140905937
GOLD,IV,EUW1_5139138692
GOLD,IV,EUW1_5139082364
GOLD,IV,EUW1_5138987128
GOLD,IV,EUW1_5138653358
GOLD,IV,EUW1_5138575451
GOLD,IV,EUW1_5137850604
GOLD,IV,EUW1_5137683247
GOLD,IV,EUW1_5137553999
GOLD,IV,EUW1_5137246577
GOLD,IV,EUW1_5137157419
GOLD,IV,EUW1_5137046608
GOLD,IV,EUW1_5136742941
GOLD,IV,EUW1_5136635202
GOLD,IV,EUW1_5136500271
GOLD,IV,EUW1_5136552378
GOLD,IV,EUW1_5135678361
GOLD,IV,EUW1_5135650999
GOLD,IV,EUW1_5135554590
GOLD,IV,EUW1_5135398354
GOLD,IV,EUW1_5135371187
GOLD,IV,EUW1_5135171436
GOLD,IV,EUW1_5134915280
GOLD,IV,EUW1_5273297247
GOLD,IV,EUW1_5273065896
GOLD,IV,EUW1_5272995027
GOLD,IV,EUW1_5271163951
GOLD,IV,EUW1_5269907581
GOLD,IV,EUW1_5269272234
GOLD,IV,EUW1_5268017733
GOLD,IV,EUW1_5267928841
GOLD,IV,EUW1_5267643559
GOLD,IV,EUW1_5267602302
GOLD,IV,EUW1_5267228486
GOLD,IV,EUW1_5267215641
GOLD,IV,EUW1_5266821966
GOLD,IV,EUW1_5266672425
GOLD,IV,EUW1_5266435155
GOLD,IV,EUW1_5266314016
GOLD,IV,EUW1_5266286171
GOLD,IV,EUW1_5266190644
GOLD,IV,EUW1_5266081304
GOLD,IV,EUW1_5265328435
GOLD,IV,EUW1_5265255684
GOLD,IV,EUW1_5256514921
GOLD,IV,EUW1_5256309674
GOLD,IV,EUW1_5256313260
GOLD,IV,EUW1_5256189083
GOLD,IV,EUW1_5140329333
GOLD,IV,EUW1_5140374363
GOLD,IV,EUW1_5140321740
GOLD,IV,EUW1_5126528460
GOLD,IV,EUW1_5126504974
GOLD,IV,EUW1_5121265656
GOLD,IV,EUW1_5110100754
GOLD,IV,EUW1_5109979980
GOLD,IV,EUW1_5107814533
GOLD,IV,EUW1_5107629257
GOLD,IV,EUW1_5101507648
GOLD,IV,EUW1_5101490865
GOLD,IV,EUW1_5100895382
GOLD,IV,EUW1_5100829663
GOLD,IV,EUW1_5099180365
GOLD,IV,EUW1_5099174226
GOLD,IV,EUW1_5098941304
GOLD,IV,EUW1_5098677731
GOLD,IV,EUW1_5098674585
GOLD,IV,EUW1_5097932339
GOLD,IV,EUW1_5097864201
GOLD,IV,EUW1_5096994064
GOLD,IV,EUW1_5096991059
GOLD,IV,EUW1_5096837137
GOLD,IV,EUW1_5092808934
GOLD,IV,EUW1_5547129392
GOLD,IV,EUW1_5545990839
GOLD,IV,EUW1_5545628302
GOLD,IV,EUW1_5543538689
GOLD,IV,EUW1_5543513781
GOLD,IV,EUW1_5542471620
GOLD,IV,EUW1_5540949926
GOLD,IV,EUW1_5540347836
GOLD,IV,EUW1_5540411788
GOLD,IV,EUW1_5540277314
GOLD,IV,EUW1_5540137826
GOLD,IV,EUW1_5540104071
GOLD,IV,EUW1_5538556757
GOLD,IV,EUW1_5538530550
GOLD,IV,EUW1_5536976123
GOLD,IV,EUW1_5536941016
GOLD,IV,EUW1_5536823718
GOLD,IV,EUW1_5536772078
GOLD,IV,EUW1_5518418225
GOLD,IV,EUW1_5518451564
GOLD,IV,EUW1_5515132147
GOLD,IV,EUW1_5515076705
GOLD,IV,EUW1_5507065028
GOLD,IV,EUW1_5507060587
GOLD,IV,EUW1_5500178360
GOLD,IV,EUW1_5541633277
GOLD,IV,EUW1_5538124515
GOLD,IV,EUW1_5535250027
GOLD,IV,EUW1_5485568738
GOLD,IV,EUW1_5485605952
GOLD,IV,EUW1_5485592542
GOLD,IV,EUW1_5485425886
GOLD,IV,EUW1_5483927799
GOLD,IV,EUW1_5483253167
GOLD,IV,EUW1_5483128902
GOLD,IV,EUW1_5483143900
GOLD,IV,EUW1_5482738819
GOLD,IV,EUW1_5482688714
GOLD,IV,EUW1_5482716689
GOLD,IV,EUW1_5475832264
GOLD,IV,EUW1_5472599685
GOLD,IV,EUW1_5471457552
GOLD,IV,EUW1_5471424421
GOLD,IV,EUW1_5471321789
GOLD,IV,EUW1_5471097410
GOLD,IV,EUW1_5459534510
GOLD,IV,EUW1_5459448179
GOLD,IV,EUW1_5459443171
GOLD,IV,EUW1_5459393262
GOLD,IV,EUW1_5459238167
GOLD,IV,EUW1_5431643337
GOLD,IV,EUW1_5420727496
GOLD,IV,EUW1_5420762091
GOLD,IV,EUW1_5420676746
GOLD,IV,EUW1_5160229044
GOLD,IV,EUW1_5160245087
GOLD,IV,EUW1_5160208580
GOLD,IV,EUW1_5160162131
GOLD,IV,EUW1_5160037214
GOLD,IV,EUW1_5155343560
GOLD,IV,EUW1_5135779370
GOLD,IV,EUW1_5135701902
GOLD,IV,EUW1_5129917883
GOLD,IV,EUW1_5129905281
GOLD,IV,EUW1_5119208928
GOLD,IV,EUW1_5119290670
GOLD,IV,EUW1_5102617420
GOLD,IV,EUW1_5102606150
GOLD,IV,EUW1_5090028799
GOLD,IV,EUW1_5090093809
GOLD,IV,EUW1_5080856338
GOLD,IV,EUW1_5080095192
GOLD,IV,EUW1_5079448808
GOLD,IV,EUW1_5079348434
GOLD,IV,EUW1_5079238926
GOLD,IV,EUW1_5073946082
GOLD,IV,EUW1_5073939243
GOLD,IV,EUW1_5073842430
GOLD,IV,EUW1_5073664363
GOLD,IV,EUW1_5070571366
GOLD,IV,EUW1_5070435164
GOLD,IV,EUW1_5070359497
GOLD,IV,EUW1_5070372238
GOLD,IV,EUW1_5070243251
GOLD,IV,EUW1_5070184210
GOLD,IV,EUW1_5070059645
GOLD,IV,EUW1_5070023000
GOLD,IV,EUW1_5061093158
GOLD,IV,EUW1_5059517124
GOLD,IV,EUW1_5059408576
GOLD,IV,EUW1_5059309261
GOLD,IV,EUW1_5059332264
GOLD,IV,EUW1_5058430286
GOLD,IV,EUW1_5058370214
GOLD,IV,EUW1_5058381949
GOLD,IV,EUW1_5058204461
GOLD,IV,EUW1_5057867499
GOLD,IV,EUW1_5057831827
GOLD,IV,EUW1_5057701388
GOLD,IV,EUW1_5057624931
GOLD,IV,EUW1_5523394897
GOLD,IV,EUW1_5520773342
GOLD,IV,EUW1_5520771335
GOLD,IV,EUW1_5520654831
GOLD,IV,EUW1_5520660821
GOLD,IV,EUW1_5520547709
GOLD,IV,EUW1_5517179546
GOLD,IV,EUW1_5517196090
GOLD,IV,EUW1_5517190677
GOLD,IV,EUW1_5517094435
GOLD,IV,EUW1_5509605052
GOLD,IV,EUW1_5498813174
GOLD,IV,EUW1_5490835135
GOLD,IV,EUW1_5490218547
GOLD,IV,EUW1_5490232097
GOLD,IV,EUW1_5489833145
GOLD,IV,EUW1_5489579433
GOLD,IV,EUW1_5489487145
GOLD,IV,EUW1_5252278329
GOLD,IV,EUW1_5252009541
GOLD,IV,EUW1_5252085772
GOLD,IV,EUW1_5252083968
GOLD,IV,EUW1_5225841058
GOLD,IV,EUW1_5225659642
GOLD,IV,EUW1_5060511815
GOLD,IV,EUW1_5045514381
GOLD,IV,EUW1_5045395401
GOLD,IV,EUW1_5045284088
GOLD,IV,EUW1_5044935270
GOLD,IV,EUW1_5044921158
GOLD,IV,EUW1_5035911480
GOLD,IV,EUW1_5032611173
GOLD,IV,EUW1_5032453706
GOLD,IV,EUW1_5032234817
GOLD,IV,EUW1_5032051725
GOLD,IV,EUW1_5028880434
GOLD,IV,EUW1_5028897445
GOLD,IV,EUW1_5028922915
GOLD,IV,EUW1_5028268569
GOLD,IV,EUW1_5028182143
GOLD,IV,EUW1_5025735871
GOLD,IV,EUW1_5025764345
GOLD,IV,EUW1_5025763260
GOLD,IV,EUW1_5497646947
GOLD,IV,EUW1_5497641625
GOLD,IV,EUW1_5497582093
GOLD,IV,EUW1_5497468420
GOLD,IV,EUW1_5497462343
GOLD,IV,EUW1_5497325863
GOLD,IV,EUW1_5496036173
GOLD,IV,EUW1_5495971021
GOLD,IV,EUW1_5495922892
GOLD,IV,EUW1_5495805983
GOLD,IV,EUW1_5495759617
GOLD,IV,EUW1_5494686404
GOLD,IV,EUW1_5494588754
GOLD,IV,EUW1_5494602038
GOLD,IV,EUW1_5493267546
GOLD,IV,EUW1_5493120325
GOLD,IV,EUW1_5490381626
GOLD,IV,EUW1_5490247650
GOLD,IV,EUW1_5490251186
GOLD,IV,EUW1_5482654422
GOLD,IV,EUW1_5482538388
GOLD,IV,EUW1_5464143741
GOLD,IV,EUW1_5464124079
GOLD,IV,EUW1_5439680756
GOLD,IV,EUW1_5439604771
GOLD,IV,EUW1_5437028536
GOLD,IV,EUW1_5435624643
GOLD,IV,EUW1_5435518769
GOLD,IV,EUW1_5435563265
GOLD,IV,EUW1_5435368479
GOLD,IV,EUW1_5435324429
GOLD,IV,EUW1_5434098547
GOLD,IV,EUW1_5434113324
GOLD,IV,EUW1_5434038276
GOLD,IV,EUW1_5429679151
GOLD,IV,EUW1_5358065943
GOLD,IV,EUW1_5357872440
GOLD,IV,EUW1_5356333075
GOLD,IV,EUW1_5355619441
GOLD,IV,EUW1_5355615882
GOLD,IV,EUW1_5355563144
GOLD,IV,EUW1_5355526913
GOLD,IV,EUW1_5355472812
GOLD,IV,EUW1_5355454560
GOLD,IV,EUW1_5349019403
GOLD,IV,EUW1_5347907464
GOLD,IV,EUW1_5347525128
GOLD,IV,EUW1_5346416588
GOLD,IV,EUW1_5345478280
GOLD,IV,EUW1_5345390075
GOLD,IV,EUW1_5548590121
GOLD,IV,EUW1_5548537382
GOLD,IV,EUW1_5548581548
GOLD,IV,EUW1_5548486432
GOLD,IV,EUW1_5545502581
GOLD,IV,EUW1_5545344337
GOLD,IV,EUW1_5540972968
GOLD,IV,EUW1_5538286332
GOLD,IV,EUW1_5538278234
GOLD,IV,EUW1_5538203427
GOLD,IV,EUW1_5538156828
GOLD,IV,EUW1_5537860242
GOLD,IV,EUW1_5537826892
GOLD,IV,EUW1_5535525941
GOLD,IV,EUW1_5535515828
GOLD,IV,EUW1_5535451159
GOLD,IV,EUW1_5535324656
GOLD,IV,EUW1_5527343393
GOLD,IV,EUW1_5527335262
GOLD,IV,EUW1_5527239938
GOLD,IV,EUW1_5527206140
GOLD,IV,EUW1_5526913722
GOLD,IV,EUW1_5526820400
GOLD,IV,EUW1_5526836892
GOLD,IV,EUW1_5526630575
GOLD,IV,EUW1_5547237438
GOLD,IV,EUW1_5547235105
GOLD,IV,EUW1_5547160701
GOLD,IV,EUW1_5547141749
GOLD,IV,EUW1_5545804944
GOLD,IV,EUW1_5541276138
GOLD,IV,EUW1_5531270342
GOLD,IV,EUW1_5531297708
GOLD,IV,EUW1_5529072318
GOLD,IV,EUW1_5528928827
GOLD,IV,EUW1_5524446883
GOLD,IV,EUW1_5524415320
GOLD,IV,EUW1_5524359094
GOLD,IV,EUW1_5519379183
GOLD,IV,EUW1_5519375135
GOLD,IV,EUW1_5519309785
GOLD,IV,EUW1_5517657029
GOLD,IV,EUW1_5517744516
GOLD,IV,EUW1_5516873685
GOLD,IV,EUW1_5516705490
GOLD,IV,EUW1_5516700181
GOLD,IV,EUW1_5515665112
GOLD,IV,EUW1_5513731890
GOLD,IV,EUW1_5513559563
GOLD,IV,EUW1_5509579932
GOLD,IV,EUW1_5509420406
GOLD,IV,EUW1_5509424182
GOLD,IV,EUW1_5509072784
GOLD,IV,EUW1_5509053367
GOLD,IV,EUW1_5508880381
GOLD,IV,EUW1_5508769758
GOLD,IV,EUW1_5506297010
GOLD,IV,EUW1_5506281650
GOLD,IV,EUW1_5506157826
GOLD,IV,EUW1_5506032859
GOLD,IV,EUW1_5504716724
GOLD,IV,EUW1_5504630077
GOLD,IV,EUW1_5501798316
GOLD,IV,EUW1_5478108622
GOLD,IV,EUW1_5452270081
GOLD,IV,EUW1_5451922428
GOLD,IV,EUW1_5450774162
GOLD,IV,EUW1_5448551781
GOLD,IV,EUW1_5447812751
GOLD,IV,EUW1_5445786055
GOLD,IV,EUW1_5443351138
GOLD,IV,EUW1_5440964428
GOLD,IV,EUW1_5439662790
GOLD,IV,EUW1_5438931437
GOLD,IV,EUW1_5437933849
GOLD,IV,EUW1_5546607639
GOLD,IV,EUW1_5546552677
GOLD,IV,EUW1_5546482904
GOLD,IV,EUW1_5546404953
GOLD,IV,EUW1_5546363981
GOLD,IV,EUW1_5545601385
GOLD,IV,EUW1_5544887913
GOLD,IV,EUW1_5544833522
GOLD,IV,EUW1_5544703500
GOLD,IV,EUW1_5544677060
GOLD,IV,EUW1_5544547463
GOLD,IV,EUW1_5543882938
GOLD,IV,EUW1_5539873424
GOLD,IV,EUW1_5534845487
GOLD,IV,EUW1_5534745403
GOLD,IV,EUW1_5534656474
GOLD,IV,EUW1_5530336745
GOLD,IV,EUW1_5526175688
GOLD,IV,EUW1_5524195454
GOLD,IV,EUW1_5523984779
GOLD,IV,EUW1_5522443814
GOLD,IV,EUW1_5521699854
GOLD,IV,EUW1_5521675074
GOLD,IV,EUW1_5518702293
GOLD,IV,EUW1_5518635937
GOLD,IV,EUW1_5517799642
GOLD,IV,EUW1_5517763148
GOLD,IV,EUW1_5517820807
GOLD,IV,EUW1_5516718365
GOLD,IV,EUW1_5516764027
GOLD,IV,EUW1_5515556567
GOLD,IV,EUW1_5515450254
GOLD,IV,EUW1_5515375879
GOLD,IV,EUW1_5512978232
GOLD,IV,EUW1_5512869264
GOLD,IV,EUW1_5512827695
GOLD,IV,EUW1_5512351434
GOLD,IV,EUW1_5512165595
GOLD,IV,EUW1_5511695285
GOLD,IV,EUW1_5507778098
GOLD,IV,EUW1_5507528300
GOLD,IV,EUW1_5507570536
GOLD,IV,EUW1_5502729502
GOLD,IV,EUW1_5501597362
GOLD,IV,EUW1_5501374415
GOLD,IV,EUW1_5501341068
GOLD,IV,EUW1_5492315870
GOLD,IV,EUW1_5491091223
GOLD,IV,EUW1_5484700342
GOLD,IV,EUW1_5484716840
GOLD,IV,EUW1_5547410493
GOLD,IV,EUW1_5544779517
GOLD,IV,EUW1_5544725821
GOLD,IV,EUW1_5544712303
GOLD,IV,EUW1_5544696112
GOLD,IV,EUW1_5533486595
GOLD,IV,EUW1_5533369818
GOLD,IV,EUW1_5533451978
GOLD,IV,EUW1_5533354219
GOLD,IV,EUW1_5533004708
GOLD,IV,EUW1_5533011212
GOLD,IV,EUW1_5532940013
GOLD,IV,EUW1_5532937573
GOLD,IV,EUW1_5532901064
GOLD,IV,EUW1_5532847958
GOLD,IV,EUW1_5526379907
GOLD,IV,EUW1_5523424953
GOLD,IV,EUW1_5522660264
GOLD,IV,EUW1_5522523919
GOLD,IV,EUW1_5522373855
GOLD,IV,EUW1_5521973688
GOLD,IV,EUW1_5521870094
GOLD,IV,EUW1_5518778746
GOLD,IV,EUW1_5518844027
GOLD,IV,EUW1_5517981998
GOLD,IV,EUW1_5512459006
GOLD,IV,EUW1_5511924036
GOLD,IV,EUW1_5511868549
GOLD,IV,EUW1_5511865123
GOLD,IV,EUW1_5511881017
GOLD,IV,EUW1_5511778010
GOLD,IV,EUW1_5511529701
GOLD,IV,EUW1_5511173067
GOLD,IV,EUW1_5511003135
GOLD,IV,EUW1_5510724164
GOLD,IV,EUW1_5509317903
GOLD,IV,EUW1_5507469598
GOLD,IV,EUW1_5504837837
GOLD,IV,EUW1_5504784718
GOLD,IV,EUW1_5504500046
GOLD,IV,EUW1_5503681311
GOLD,IV,EUW1_5503545129
GOLD,IV,EUW1_5501347179
GOLD,IV,EUW1_5501372733
GOLD,IV,EUW1_5501213839
GOLD,IV,EUW1_5500658858
GOLD,IV,EUW1_5500074884
GOLD,IV,EUW1_5499929196
GOLD,IV,EUW1_5499961376
GOLD,IV,EUW1_5499865803
GOLD,IV,EUW1_5537063522
GOLD,IV,EUW1_5534857051
GOLD,IV,EUW1_5534891756
GOLD,IV,EUW1_5534787788
GOLD,IV,EUW1_5534737040
GOLD,IV,EUW1_5534599291
GOLD,IV,EUW1_5531498774
GOLD,IV,EUW1_5526772711
GOLD,IV,EUW1_5526741623
GOLD,IV,EUW1_5526660226
GOLD,IV,EUW1_5509871362
GOLD,IV,EUW1_5509788447
GOLD,IV,EUW1_5507430945
GOLD,IV,EUW1_5504495599
GOLD,IV,EUW1_5497256446
GOLD,IV,EUW1_5497140400
GOLD,IV,EUW1_5497100928
GOLD,IV,EUW1_5496930353
GOLD,IV,EUW1_5496966512
GOLD,IV,EUW1_5496921886
GOLD,IV,EUW1_5496696896
GOLD,IV,EUW1_5496772366
GOLD,IV,EUW1_5496448867
GOLD,IV,EUW1_5495268365
GOLD,IV,EUW1_5495323483
GOLD,IV,EUW1_5483942942
GOLD,IV,EUW1_5483875574
GOLD,IV,EUW1_5483724031
GOLD,IV,EUW1_5483528672
GOLD,IV,EUW1_5483414722
GOLD,IV,EUW1_5483288550
GOLD,IV,EUW1_5475198771
GOLD,IV,EUW1_5475144616
GOLD,IV,EUW1_5470189429
GOLD,IV,EUW1_5470226180
GOLD,IV,EUW1_5470176497
GOLD,IV,EUW1_5470233945
GOLD,IV,EUW1_5469332075
GOLD,IV,EUW1_5464965693
GOLD,IV,EUW1_5464991705
GOLD,IV,EUW1_5464877553
GOLD,IV,EUW1_5464892661
GOLD,IV,EUW1_5463941977
GOLD,IV,EUW1_5463924522
GOLD,IV,EUW1_5463860902
GOLD,IV,EUW1_5463498759
GOLD,IV,EUW1_5463495841
GOLD,IV,EUW1_5463512011
GOLD,IV,EUW1_5463239701
GOLD,IV,EUW1_5460721057
GOLD,IV,EUW1_5540317473
GOLD,IV,EUW1_5533112596
GOLD,IV,EUW1_5524146190
GOLD,IV,EUW1_5524170906
GOLD,IV,EUW1_5524079622
GOLD,IV,EUW1_5523927174
GOLD,IV,EUW1_5523953906
GOLD,IV,EUW1_5523323149
GOLD,IV,EUW1_5522289239
GOLD,IV,EUW1_5521678928
GOLD,IV,EUW1_5520849162
GOLD,IV,EUW1_5520914915
GOLD,IV,EUW1_5520501476
GOLD,IV,EUW1_5520292040
GOLD,IV,EUW1_5519907367
GOLD,IV,EUW1_5512078630
GOLD,IV,EUW1_5511171103
GOLD,IV,EUW1_5510765018
GOLD,IV,EUW1_5510584174
GOLD,IV,EUW1_5510107397
GOLD,IV,EUW1_5508924045
GOLD,IV,EUW1_5508303701
GOLD,IV,EUW1_5505832900
GOLD,IV,EUW1_5503161190
GOLD,IV,EUW1_5503133935
GOLD,IV,EUW1_5502896101
GOLD,IV,EUW1_5502842786
GOLD,IV,EUW1_5502735309
GOLD,IV,EUW1_5501866448
GOLD,IV,EUW1_5501433511
GOLD,IV,EUW1_5501362199
GOLD,IV,EUW1_5501085566
GOLD,IV,EUW1_5499726288
GOLD,IV,EUW1_5498354803
GOLD,IV,EUW1_5496394521
GOLD,IV,EUW1_5496329731
GOLD,IV,EUW1_5495814737
GOLD,IV,EUW1_5495363585
GOLD,IV,EUW1_5489564207
GOLD,IV,EUW1_5468221610
GOLD,IV,EUW1_5467938837
GOLD,IV,EUW1_5467839051
GOLD,IV,EUW1_5466704086
GOLD,IV,EUW1_5448108504
GOLD,IV,EUW1_5448038402
GOLD,IV,EUW1_5447898277
GOLD,IV,EUW1_5437104643
GOLD,IV,EUW1_5433659849
GOLD,IV,EUW1_5433723447
GOLD,IV,EUW1_5433628666
GOLD,IV,EUW1_5545633306
GOLD,IV,EUW1_5540507703
GOLD,IV,EUW1_5540471579
GOLD,IV,EUW1_5538601322
GOLD,IV,EUW1_5538549322
GOLD,IV,EUW1_5537547477
GOLD,IV,EUW1_5335263320
GOLD,IV,EUW1_5319115617
GOLD,IV,EUW1_5316253775
GOLD,IV,EUW1_5313886619
GOLD,IV,EUW1_5311617033
GOLD,IV,EUW1_5310898446
GOLD,IV,EUW1_5305732750
GOLD,IV,EUW1_5284522955
GOLD,IV,EUW1_5284427585
GOLD,IV,EUW1_5282821990
GOLD,IV,EUW1_5281974121
GOLD,IV,EUW1_5281908700
GOLD,IV,EUW1_5279178865
GOLD,IV,EUW1_5277576413
GOLD,IV,EUW1_5277551006
GOLD,IV,EUW1_5275601455
GOLD,IV,EUW1_5271502074
GOLD,IV,EUW1_5270342317
GOLD,IV,EUW1_5269625059
GOLD,IV,EUW1_5548706334
GOLD,IV,EUW1_5548569700
GOLD,IV,EUW1_5548413462
GOLD,IV,EUW1_5548319840
GOLD,IV,EUW1_5548299820
GOLD,IV,EUW1_5548286498
GOLD,IV,EUW1_5547388444
GOLD,IV,EUW1_5546855388
GOLD,IV,EUW1_5546793721
GOLD,IV,EUW1_5546634493
GOLD,IV,EUW1_5546182311
GOLD,IV,EUW1_5544401481
GOLD,IV,EUW1_5544387431
GOLD,IV,EUW1_5544326680
GOLD,IV,EUW1_5534235657
GOLD,IV,EUW1_5534230733
GOLD,IV,EUW1_5533018088
GOLD,IV,EUW1_5529574648
GOLD,IV,EUW1_5529561516
GOLD,IV,EUW1_5528757634
GOLD,IV,EUW1_5528713735
GOLD,IV,EUW1_5528285600
GOLD,IV,EUW1_5527839914
GOLD,IV,EUW1_5527523607
GOLD,IV,EUW1_5527399464
GOLD,IV,EUW1_5526636115
GOLD,IV,EUW1_5525845886
GOLD,IV,EUW1_5525742529
GOLD,IV,EUW1_5525042704
GOLD,IV,EUW1_5524980744
GOLD,IV,EUW1_5524628929
GOLD,IV,EUW1_5524602086
GOLD,IV,EUW1_5524447413
GOLD,IV,EUW1_5524421280
GOLD,IV,EUW1_5524197297
GOLD,IV,EUW1_5524169607
GOLD,IV,EUW1_5524126621
GOLD,IV,EUW1_5524104417
GOLD,IV,EUW1_5524029333
GOLD,IV,EUW1_5521947231
GOLD,IV,EUW1_5521975342
GOLD,IV,EUW1_5519406489
GOLD,IV,EUW1_5519400677
GOLD,IV,EUW1_5518088485
GOLD,IV,EUW1_5518072572
GOLD,IV,EUW1_5517889720
GOLD,IV,EUW1_5517955108
GOLD,IV,EUW1_5517829259
GOLD,IV,EUW1_5517855335
GOLD,IV,EUW1_5517063093
GOLD,IV,EUW1_5122090550
GOLD,IV,EUW1_5122023378
GOLD,IV,EUW1_5121877772
GOLD,IV,EUW1_5121849093
GOLD,IV,EUW1_5121773920
GOLD,IV,EUW1_5121726316
GOLD,IV,EUW1_5121672643
GOLD,IV,EUW1_5120923475
GOLD,IV,EUW1_5120890980
GOLD,IV,EUW1_5120836452
GOLD,IV,EUW1_5120784205
GOLD,IV,EUW1_5120801911
GOLD,IV,EUW1_5120760044
GOLD,IV,EUW1_5120485310
GOLD,IV,EUW1_5120379728
GOLD,IV,EUW1_5120417428
GOLD,IV,EUW1_5120349479
GOLD,IV,EUW1_5120323100
GOLD,IV,EUW1_5119963152
GOLD,IV,EUW1_5119657545
GOLD,IV,EUW1_5119691343
GOLD,IV,EUW1_5119508428
GOLD,IV,EUW1_5119510673
GOLD,IV,EUW1_5118674537
GOLD,IV,EUW1_5118631824
GOLD,IV,EUW1_5118160018
GOLD,IV,EUW1_5118102624
GOLD,IV,EUW1_5118078462
GOLD,IV,EUW1_5118033153
GOLD,IV,EUW1_5116322960
GOLD,IV,EUW1_5116155603
GOLD,IV,EUW1_5116127441
GOLD,IV,EUW1_5114944234
GOLD,IV,EUW1_5114932910
GOLD,IV,EUW1_5114931551
GOLD,IV,EUW1_5114753263
GOLD,IV,EUW1_5114698953
GOLD,IV,EUW1_5114617569
GOLD,IV,EUW1_5114641297
GOLD,IV,EUW1_5114515646
GOLD,IV,EUW1_5114058929
GOLD,IV,EUW1_5114072128
GOLD,IV,EUW1_5112707921
GOLD,IV,EUW1_5112733616
GOLD,IV,EUW1_5112548599
GOLD,IV,EUW1_5112459616
GOLD,IV,EUW1_5112470591
GOLD,IV,EUW1_5112361755
GOLD,IV,EUW1_5112272814
GOLD,IV,EUW1_5112155925
GOLD,IV,EUW1_5527028917
GOLD,IV,EUW1_5524291716
GOLD,IV,EUW1_5524197359
GOLD,IV,EUW1_5521854594
GOLD,IV,EUW1_5521759574
GOLD,IV,EUW1_5509343282
GOLD,IV,EUW1_5508589722
GOLD,IV,EUW1_5508587033
GOLD,IV,EUW1_5508128986
GOLD,IV,EUW1_5508087236
GOLD,IV,EUW1_5508076185
GOLD,IV,EUW1_5507672386
GOLD,IV,EUW1_5507576824
GOLD,IV,EUW1_5507513106
GOLD,IV,EUW1_5507486324
GOLD,IV,EUW1_5507193257
GOLD,IV,EUW1_5507079357
GOLD,IV,EUW1_5498849981
GOLD,IV,EUW1_5498826765
GOLD,IV,EUW1_5498861166
GOLD,IV,EUW1_5498795886
GOLD,IV,EUW1_5498510307
GOLD,IV,EUW1_5495854624
GOLD,IV,EUW1_5495718544
GOLD,IV,EUW1_5495704788
GOLD,IV,EUW1_5490257188
GOLD,IV,EUW1_5490238123
GOLD,IV,EUW1_5490205151
GOLD,IV,EUW1_5488311466
GOLD,IV,EUW1_5488225165
GOLD,IV,EUW1_5486559956
GOLD,IV,EUW1_5486585293
GOLD,IV,EUW1_5479024705
GOLD,IV,EUW1_5478911489
GOLD,IV,EUW1_5467071156
GOLD,IV,EUW1_5466918397
GOLD,IV,EUW1_5466932727
GOLD,IV,EUW1_5465327897
GOLD,IV,EUW1_5446505923
GOLD,IV,EUW1_5446452752
GOLD,IV,EUW1_5444878010
GOLD,IV,EUW1_5444871530
GOLD,IV,EUW1_5444688614
GOLD,IV,EUW1_5435730425
GOLD,IV,EUW1_5413730900
GOLD,IV,EUW1_5413628543
GOLD,IV,EUW1_5412744443
GOLD,IV,EUW1_5412659687
GOLD,IV,EUW1_5412684939
GOLD,IV,EUW1_5412418437
GOLD,IV,EUW1_5542499074
GOLD,IV,EUW1_5542433482
GOLD,IV,EUW1_5535649930
GOLD,IV,EUW1_5535666014
GOLD,IV,EUW1_5535622459
GOLD,IV,EUW1_5535617001
GOLD,IV,EUW1_5528989048
GOLD,IV,EUW1_5528916712
GOLD,IV,EUW1_5527924176
GOLD,IV,EUW1_5527903482
GOLD,IV,EUW1_5527891236
GOLD,IV,EUW1_5527836647
GOLD,IV,EUW1_5527255301
GOLD,IV,EUW1_5527260666
GOLD,IV,EUW1_5527222423
GOLD,IV,EUW1_5527080098
GOLD,IV,EUW1_5520758350
GOLD,IV,EUW1_5520767135
GOLD,IV,EUW1_5520745328
GOLD,IV,EUW1_5520812348
GOLD,IV,EUW1_5520659319
GOLD,IV,EUW1_5520627467
GOLD,IV,EUW1_5520664761
GOLD,IV,EUW1_5520651378
GOLD,IV,EUW1_5520528405
GOLD,IV,EUW1_5520430333
GOLD,IV,EUW1_5520454093
GOLD,IV,EUW1_5520327602
GOLD,IV,EUW1_5520251889
GOLD,IV,EUW1_5452267721
GOLD,IV,EUW1_5452259887
GOLD,IV,EUW1_5415437993
GOLD,IV,EUW1_5381907952
GOLD,IV,EUW1_5381846502
GOLD,IV,EUW1_5381825232
GOLD,IV,EUW1_5381853351
GOLD,IV,EUW1_5381841363
GOLD,IV,EUW1_5381809523
GOLD,IV,EUW1_5381788943
GOLD,IV,EUW1_5375831576
GOLD,IV,EUW1_5375659624
GOLD,IV,EUW1_5357228472
GOLD,IV,EUW1_5357304029
GOLD,IV,EUW1_5347355262
GOLD,IV,EUW1_5347332126
GOLD,IV,EUW1_5347208813
GOLD,IV,EUW1_5347041093
GOLD,IV,EUW1_5346964251
GOLD,IV,EUW1_5346691717
GOLD,IV,EUW1_5345801557
GOLD,IV,EUW1_5546479817
GOLD,IV,EUW1_5546486206
GOLD,IV,EUW1_5546521692
GOLD,IV,EUW1_5544044616
GOLD,IV,EUW1_5539908743
GOLD,IV,EUW1_5539657973
GOLD,IV,EUW1_5538436414
GOLD,IV,EUW1_5538470628
GOLD,IV,EUW1_5537907805
GOLD,IV,EUW1_5537934394
GOLD,IV,EUW1_5537146874
GOLD,IV,EUW1_5537039818
GOLD,IV,EUW1_5536837845
GOLD,IV,EUW1_5536749547
GOLD,IV,EUW1_5536711261
GOLD,IV,EUW1_5535401012
GOLD,IV,EUW1_5535248459
GOLD,IV,EUW1_5535161707
GOLD,IV,EUW1_5535055954
GOLD,IV,EUW1_5533260373
GOLD,IV,EUW1_5533246407
GOLD,IV,EUW1_5533011837
GOLD,IV,EUW1_5532875522
GOLD,IV,EUW1_5532043210
GOLD,IV,EUW1_5530409945
GOLD,IV,EUW1_5530433234
GOLD,IV,EUW1_5530344976
GOLD,IV,EUW1_5527310254
GOLD,IV,EUW1_5527314410
GOLD,IV,EUW1_5526038447
GOLD,IV,EUW1_5525886704
GOLD,IV,EUW1_5525250269
GOLD,IV,EUW1_5505768618
GOLD,IV,EUW1_5504472940
GOLD,IV,EUW1_5504406357
GOLD,IV,EUW1_5504402219
GOLD,IV,EUW1_5503212990
GOLD,IV,EUW1_5503089195
GOLD,IV,EUW1_5502886985
GOLD,IV,EUW1_5501713196
GOLD,IV,EUW1_5501587240
GOLD,IV,EUW1_5501266014
GOLD,IV,EUW1_5501061015
GOLD,IV,EUW1_5500940454
GOLD,IV,EUW1_5500760188
GOLD,IV,EUW1_5500715102
GOLD,IV,EUW1_5464123674
GOLD,IV,EUW1_5463980147
GOLD,IV,EUW1_5463816803
GOLD,IV,EUW1_5426069620
GOLD,IV,EUW1_5073542639
GOLD,IV,EUW1_5073508025
GOLD,IV,EUW1_5073522821
GOLD,IV,EUW1_5073294368
GOLD,IV,EUW1_5073242473
GOLD,IV,EUW1_5072658388
GOLD,IV,EUW1_5072394592
GOLD,IV,EUW1_5072325893
GOLD,IV,EUW1_5072261367
GOLD,IV,EUW1_5071061214
GOLD,IV,EUW1_5070540924
GOLD,IV,EUW1_5070401304
GOLD,IV,EUW1_5070320975
GOLD,IV,EUW1_5070252104
GOLD,IV,EUW1_5069245973
GOLD,IV,EUW1_5068695093
GOLD,IV,EUW1_5066668218
GOLD,IV,EUW1_5066145963
GOLD,IV,EUW1_5065299563
GOLD,IV,EUW1_5065290908
GOLD,IV,EUW1_5064907449
GOLD,IV,EUW1_5064556220
GOLD,IV,EUW1_5063617017
GOLD,IV,EUW1_5063347521
GOLD,IV,EUW1_5063133527
GOLD,IV,EUW1_5540312532
GOLD,IV,EUW1_5507962503
GOLD,IV,EUW1_5485532783
GOLD,IV,EUW1_5485517386
GOLD,IV,EUW1_5485493489
GOLD,IV,EUW1_5474018315
GOLD,IV,EUW1_5474070976
GOLD,IV,EUW1_5470742696
GOLD,IV,EUW1_5464266570
GOLD,IV,EUW1_5394920685
GOLD,IV,EUW1_5394028860
GOLD,IV,EUW1_5394027362
GOLD,IV,EUW1_5394034885
GOLD,IV,EUW1_5394013196
GOLD,IV,EUW1_5393975677
GOLD,IV,EUW1_5393960524
GOLD,IV,EUW1_5393738470
GOLD,IV,EUW1_5393714770
GOLD,IV,EUW1_5383238619
GOLD,IV,EUW1_5381666304
GOLD,IV,EUW1_5378732085
GOLD,IV,EUW1_5378650525
GOLD,IV,EUW1_5378636750
GOLD,IV,EUW1_5372690817
GOLD,IV,EUW1_5372476592
GOLD,IV,EUW1_5372442665
GOLD,IV,EUW1_5372267332
GOLD,IV,EUW1_5372224793
GOLD,IV,EUW1_5372138938
GOLD,IV,EUW1_5371163454
GOLD,IV,EUW1_5371141737
GOLD,IV,EUW1_5371088424
GOLD,IV,EUW1_5359978666
GOLD,IV,EUW1_5348936040
GOLD,IV,EUW1_5348904861
GOLD,IV,EUW1_5347321731
GOLD,IV,EUW1_5347263590
GOLD,IV,EUW1_5347015278
GOLD,IV,EUW1_5346889455
GOLD,IV,EUW1_5345774254
GOLD,IV,EUW1_5345792463
GOLD,IV,EUW1_5345790741
GOLD,IV,EUW1_5345696996
GOLD,IV,EUW1_5345663338
GOLD,IV,EUW1_5345089063
GOLD,IV,EUW1_5345134574
GOLD,IV,EUW1_5345083566
GOLD,IV,EUW1_5344078121
GOLD,IV,EUW1_5344093794
GOLD,IV,EUW1_5344071676
GOLD,IV,EUW1_5547135842
GOLD,IV,EUW1_5547020046
GOLD,IV,EUW1_5547042559
GOLD,IV,EUW1_5546780455
GOLD,IV,EUW1_5546832945
GOLD,IV,EUW1_5545552453
GOLD,IV,EUW1_5545317130
GOLD,IV,EUW1_5544779552
GOLD,IV,EUW1_5544726666
GOLD,IV,EUW1_5544720787
GOLD,IV,EUW1_5544637469
GOLD,IV,EUW1_5544663873
GOLD,IV,EUW1_5544546186
GOLD,IV,EUW1_5544552548
GOLD,IV,EUW1_5543782891
GOLD,IV,EUW1_5543604867
GOLD,IV,EUW1_5543333544
GOLD,IV,EUW1_5539956647
GOLD,IV,EUW1_5539961832
GOLD,IV,EUW1_5539846487
GOLD,IV,EUW1_5539788826
GOLD,IV,EUW1_5539744729
GOLD,IV,EUW1_5538504322
GOLD,IV,EUW1_5538476409
GOLD,IV,EUW1_5538310331
GOLD,IV,EUW1_5538361335
GOLD,IV,EUW1_5538195377
GOLD,IV,EUW1_5538169880
GOLD,IV,EUW1_5538144569
GOLD,IV,EUW1_5538013825
GOLD,IV,EUW1_5537916172
GOLD,IV,EUW1_5537912022
GOLD,IV,EUW1_5537868312
GOLD,IV,EUW1_5535417155
GOLD,IV,EUW1_5535333241
GOLD,IV,EUW1_5535227272
GOLD,IV,EUW1_5535231707
GOLD,IV,EUW1_5535203061
GOLD,IV,EUW1_5535078161
GOLD,IV,EUW1_5535054051
GOLD,IV,EUW1_5535002350
GOLD,IV,EUW1_5534858959
GOLD,IV,EUW1_5532163865
GOLD,IV,EUW1_5532147364
GOLD,IV,EUW1_5531973037
GOLD,IV,EUW1_5531945149
GOLD,IV,EUW1_5426077628
GOLD,IV,EUW1_5426004597
GOLD,IV,EUW1_5410513947
GOLD,IV,EUW1_5410511031
GOLD,IV,EUW1_5538622027
GOLD,IV,EUW1_5538563067
GOLD,IV,EUW1_5538434832
GOLD,IV,EUW1_5510963964
GOLD,IV,EUW1_5510836257
GOLD,IV,EUW1_5510713450
GOLD,IV,EUW1_5510593374
GOLD,IV,EUW1_5506489923
GOLD,IV,EUW1_5506416375
GOLD,IV,EUW1_5506388021
GOLD,IV,EUW1_5506300501
GOLD,IV,EUW1_5506280840
GOLD,IV,EUW1_5506117445
GOLD,IV,EUW1_5505861619
GOLD,IV,EUW1_5505708205
GOLD,IV,EUW1_5505550525
GOLD,IV,EUW1_5505358053
GOLD,IV,EUW1_5505354064
GOLD,IV,EUW1_5505380613
GOLD,IV,EUW1_5504492238
GOLD,IV,EUW1_5504416504
GOLD,IV,EUW1_5504308583
GOLD,IV,EUW1_5503937533
GOLD,IV,EUW1_5503401752
GOLD,IV,EUW1_5503173345
GOLD,IV,EUW1_5503137593
GOLD,IV,EUW1_5503071069
GOLD,IV,EUW1_5502975788
GOLD,IV,EUW1_5423690729
GOLD,IV,EUW1_5423585284
GOLD,IV,EUW1_5417177609
GOLD,IV,EUW1_5417001029
GOLD,IV,EUW1_5416894159
GOLD,IV,EUW1_5416750400
GOLD,IV,EUW1_5416721156
GOLD,IV,EUW1_5416681901
GOLD,IV,EUW1_5412412672
GOLD,IV,EUW1_5412065407
GOLD,IV,EUW1_5411797901
GOLD,IV,EUW1_5411716195
GOLD,IV,EUW1_5411713668
GOLD,IV,EUW1_5411349370
GOLD,IV,EUW1_5410561921
GOLD,IV,EUW1_5410232630
GOLD,IV,EUW1_5410088971
GOLD,IV,EUW1_5409525157
GOLD,IV,EUW1_5409456500
GOLD,IV,EUW1_5409432377
GOLD,IV,EUW1_5409340048
GOLD,IV,EUW1_5408396463
GOLD,IV,EUW1_5543397103
GOLD,IV,EUW1_5540248930
GOLD,IV,EUW1_5540312008
GOLD,IV,EUW1_5475367188
GOLD,IV,EUW1_5438836371
GOLD,IV,EUW1_5389910582
GOLD,IV,EUW1_5362621939
GOLD,IV,EUW1_5362217606
GOLD,IV,EUW1_5359056420
GOLD,IV,EUW1_5356839837
GOLD,IV,EUW1_5354724933
GOLD,IV,EUW1_5352549902
GOLD,IV,EUW1_5352409487
GOLD,IV,EUW1_5350593938
GOLD,IV,EUW1_5330828247
GOLD,IV,EUW1_5315653435
GOLD,IV,EUW1_5314020678
GOLD,IV,EUW1_5312940262
GOLD,IV,EUW1_5311839830
GOLD,IV,EUW1_5308017647
GOLD,IV,EUW1_5287815086
GOLD,IV,EUW1_5287842654
GOLD,IV,EUW1_5282039847
GOLD,IV,EUW1_5273267268
GOLD,IV,EUW1_5273195060
GOLD,IV,EUW1_5264296998
GOLD,IV,EUW1_5263907144
GOLD,IV,EUW1_5261845909
GOLD,IV,EUW1_5257037256
GOLD,IV,EUW1_5250740511
GOLD,IV,EUW1_5249112705
GOLD,IV,EUW1_5248751010
GOLD,IV,EUW1_5247011940
GOLD,IV,EUW1_5243783908
GOLD,IV,EUW1_5243488014
GOLD,IV,EUW1_5234993144
GOLD,IV,EUW1_5231633810
GOLD,IV,EUW1_5224788919
GOLD,IV,EUW1_5224731338
GOLD,IV,EUW1_5223109151
GOLD,IV,EUW1_5220822883
GOLD,IV,EUW1_5220330789
GOLD,IV,EUW1_5219832483
GOLD,IV,EUW1_5201138243
GOLD,IV,EUW1_5197912749
GOLD,IV,EUW1_5197815105
GOLD,IV,EUW1_5189077967
GOLD,IV,EUW1_5189130699
GOLD,IV,EUW1_5186720031
GOLD,IV,EUW1_5182349731
GOLD,IV,EUW1_5469893634
GOLD,IV,EUW1_5469777437
GOLD,IV,EUW1_5469728435
GOLD,IV,EUW1_5468754106
GOLD,IV,EUW1_5468706941
GOLD,IV,EUW1_5468700976
GOLD,IV,EUW1_5468634695
GOLD,IV,EUW1_5455645893
GOLD,IV,EUW1_5455611234
GOLD,IV,EUW1_5454104426
GOLD,IV,EUW1_5448179370
GOLD,IV,EUW1_5448193430
GOLD,IV,EUW1_5448046539
GOLD,IV,EUW1_5445483085
GOLD,IV,EUW1_5443773605
GOLD,IV,EUW1_5437194072
GOLD,IV,EUW1_5437087102
GOLD,IV,EUW1_5432821187
GOLD,IV,EUW1_5429419633
GOLD,IV,EUW1_5429430604
GOLD,IV,EUW1_5429344008
GOLD,IV,EUW1_5427898149
GOLD,IV,EUW1_5427842121
GOLD,IV,EUW1_5427804626
GOLD,IV,EUW1_5426501452
GOLD,IV,EUW1_5426341648
GOLD,IV,EUW1_5426266360
GOLD,IV,EUW1_5423944922
GOLD,IV,EUW1_5423942469
GOLD,IV,EUW1_5423950569
GOLD,IV,EUW1_5423890724
GOLD,IV,EUW1_5423818651
GOLD,IV,EUW1_5423875171
GOLD,IV,EUW1_5422011746
GOLD,IV,EUW1_5420686351
GOLD,IV,EUW1_5420081107
GOLD,IV,EUW1_5419718435
GOLD,IV,EUW1_5419674320
GOLD,IV,EUW1_5418980799
GOLD,IV,EUW1_5418472703
GOLD,IV,EUW1_5415549379
GOLD,IV,EUW1_5415470381
GOLD,IV,EUW1_5415406152
GOLD,IV,EUW1_5415307691
GOLD,IV,EUW1_5415229498
GOLD,IV,EUW1_5415214449
GOLD,IV,EUW1_5415159879
GOLD,IV,EUW1_5415174975
GOLD,IV,EUW1_5414028665
GOLD,IV,EUW1_5414013338
GOLD,IV,EUW1_5041715868
GOLD,IV,EUW1_5041549897
GOLD,IV,EUW1_5041530037
GOLD,IV,EUW1_5040797502
GOLD,IV,EUW1_5040783443
GOLD,IV,EUW1_5040152462
GOLD,IV,EUW1_5040017218
GOLD,IV,EUW1_5040001003
GOLD,IV,EUW1_5039941117
GOLD,IV,EUW1_5039679272
GOLD,IV,EUW1_5039399569
GOLD,IV,EUW1_5039442986
GOLD,IV,EUW1_5039357795
GOLD,IV,EUW1_5035799134
GOLD,IV,EUW1_5035726183
GOLD,IV,EUW1_5035638854
GOLD,IV,EUW1_5032165685
GOLD,IV,EUW1_5031988731
GOLD,IV,EUW1_5031325344
GOLD,IV,EUW1_5030475422
GOLD,IV,EUW1_5030178268
GOLD,IV,EUW1_5026901791
GOLD,IV,EUW1_5026775800
GOLD,IV,EUW1_5026660274
GOLD,IV,EUW1_5026634513
GOLD,IV,EUW1_5026608651
GOLD,IV,EUW1_5026542428
GOLD,IV,EUW1_4994301571
GOLD,IV,EUW1_4994211794
GOLD,IV,EUW1_4992921412
GOLD,IV,EUW1_4992706855
GOLD,IV,EUW1_4992633853
GOLD,IV,EUW1_4991274820
GOLD,IV,EUW1_4991216696
GOLD,IV,EUW1_5422035628
GOLD,IV,EUW1_5421990341
GOLD,IV,EUW1_5418020405
GOLD,IV,EUW1_5417996946
GOLD,IV,EUW1_5417964362
GOLD,IV,EUW1_5102686047
GOLD,IV,EUW1_5102733114
GOLD,IV,EUW1_5077761453
GOLD,IV,EUW1_5077657689
GOLD,IV,EUW1_5077643602
GOLD,IV,EUW1_5065418718
GOLD,IV,EUW1_5051138036
GOLD,IV,EUW1_5051123486
GOLD,IV,EUW1_5051049902
GOLD,IV,EUW1_5051021338
GOLD,IV,EUW1_5050958000
GOLD,IV,EUW1_5050892206
GOLD,IV,EUW1_5050930899
GOLD,IV,EUW1_5318505951
GOLD,IV,EUW1_5318470080
GOLD,IV,EUW1_5318444800
GOLD,IV,EUW1_5309184119
GOLD,IV,EUW1_5309083326
GOLD,IV,EUW1_5308978409
GOLD,IV,EUW1_5308161301
GOLD,IV,EUW1_5308066200
GOLD,IV,EUW1_5308032806
GOLD,IV,EUW1_5306624852
GOLD,IV,EUW1_5306560019
GOLD,IV,EUW1_5305693628
GOLD,IV,EUW1_5305608221
GOLD,IV,EUW1_5305572429
GOLD,IV,EUW1_5293110108
GOLD,IV,EUW1_5291797073
GOLD,IV,EUW1_5291861122
GOLD,IV,EUW1_5291683230
GOLD,IV,EUW1_5291471107
GOLD,IV,EUW1_5291356144
GOLD,IV,EUW1_5290960409
GOLD,IV,EUW1_5287981654
GOLD,IV,EUW1_5287863312
GOLD,IV,EUW1_5287097687
GOLD,IV,EUW1_5286081845
GOLD,IV,EUW1_5282502685
GOLD,IV,EUW1_5281132939
GOLD,IV,EUW1_5279503802
GOLD,IV,EUW1_5278241368
GOLD,IV,EUW1_5275837425
GOLD,IV,EUW1_5275759436
GOLD,IV,EUW1_5275016449
GOLD,IV,EUW1_5274933685
GOLD,IV,EUW1_5274388193
GOLD,IV,EUW1_5274268365
GOLD,IV,EUW1_5273168154
GOLD,IV,EUW1_5273145345
GOLD,IV,EUW1_5273056351
GOLD,IV,EUW1_5273004578
GOLD,IV,EUW1_5272227513
GOLD,IV,EUW1_5271512014
GOLD,IV,EUW1_5271454813
GOLD,IV,EUW1_5271480719
GOLD,IV,EUW1_5271355518
GOLD,IV,EUW1_5271350468
GOLD,IV,EUW1_5271308065
GOLD,IV,EUW1_5270900632
GOLD,IV,EUW1_5270806151
GOLD,IV,EUW1_5270601782
GOLD,IV,EUW1_5267946070
GOLD,IV,EUW1_5543873133
GOLD,IV,EUW1_5543709112
GOLD,IV,EUW1_5543710998
GOLD,IV,EUW1_5540129163
GOLD,IV,EUW1_5540133186
GOLD,IV,EUW1_5539136466
GOLD,IV,EUW1_5539133513
GOLD,IV,EUW1_5538928345
GOLD,IV,EUW1_5537083008
GOLD,IV,EUW1_5537005761
GOLD,IV,EUW1_5536907952
GOLD,IV,EUW1_5536951951
GOLD,IV,EUW1_5536796184
GOLD,IV,EUW1_5536553209
GOLD,IV,EUW1_5536388853
GOLD,IV,EUW1_5536425530
GOLD,IV,EUW1_5526581042
GOLD,IV,EUW1_5526466644
GOLD,IV,EUW1_5526216674
GOLD,IV,EUW1_5526089286
GOLD,IV,EUW1_5523168619
GOLD,IV,EUW1_5523171375
GOLD,IV,EUW1_5522856409
GOLD,IV,EUW1_5522689807
GOLD,IV,EUW1_5516791338
GOLD,IV,EUW1_5515520990
GOLD,IV,EUW1_5515404525
GOLD,IV,EUW1_5515396391
GOLD,IV,EUW1_5515380621
GOLD,IV,EUW1_5515234726
GOLD,IV,EUW1_5514090293
GOLD,IV,EUW1_5514019263
GOLD,IV,EUW1_5514084607
GOLD,IV,EUW1_5514032757
GOLD,IV,EUW1_5513846718
GOLD,IV,EUW1_5513509330
GOLD,IV,EUW1_5513513526
GOLD,IV,EUW1_5510602022
GOLD,IV,EUW1_5509963553
GOLD,IV,EUW1_5509888304
GOLD,IV,EUW1_5509952117
GOLD,IV,EUW1_5509113769
GOLD,IV,EUW1_5509057182
GOLD,IV,EUW1_5506003419
GOLD,IV,EUW1_5505929994
GOLD,IV,EUW1_5504995970
GOLD,IV,EUW1_5504940452
GOLD,IV,EUW1_5504980605
GOLD,IV,EUW1_5504037205
GOLD,IV,EUW1_5499954962
