DIAMOND,II,EUW1_5547754080
DIAMOND,II,EUW1_5547497294
DIAMOND,II,EUW1_5547069883
DIAMOND,II,EUW1_5546860830
DIAMOND,II,EUW1_5544908712
DIAMOND,II,EUW1_5543663088
DIAMOND,II,EUW1_5543506252
DIAMOND,II,EUW1_5543389869
DIAMOND,II,EUW1_5543383478
DIAMOND,II,EUW1_5542589593
DIAMOND,II,EUW1_5542511878
DIAMOND,II,EUW1_5532703931
DIAMOND,II,EUW1_5529433300
DIAMOND,II,EUW1_5529366613
DIAMOND,II,EUW1_5526887853
DIAMOND,II,EUW1_5526545788
DIAMOND,II,EUW1_5526562515
DIAMOND,II,EUW1_5526537425
DIAMOND,II,EUW1_5526465863
DIAMOND,II,EUW1_5526442659
DIAMOND,II,EUW1_5526395846
DIAMOND,II,EUW1_5524631778
DIAMOND,II,EUW1_5523697100
DIAMOND,II,EUW1_5522369894
DIAMOND,II,EUW1_5521996625
DIAMOND,II,EUW1_5521844284
DIAMOND,II,EUW1_5520719732
DIAMOND,II,EUW1_5520628575
DIAMOND,II,EUW1_5518883456
DIAMOND,II,EUW1_5518857279
DIAMOND,II,EUW1_5517095445
DIAMOND,II,EUW1_5515859790
DIAMOND,II,EUW1_5515603466
DIAMOND,II,EUW1_5514107807
DIAMOND,II,EUW1_5513604681
DIAMOND,II,EUW1_5512697577
DIAMOND,II,EUW1_5512675801
DIAMOND,II,EUW1_5512560090
DIAMOND,II,EUW1_5512536409
DIAMOND,II,EUW1_5512385142
DIAMOND,II,EUW1_5511389211
DIAMOND,II,EUW1_5511376522
DIAMOND,II,EUW1_5511400908
DIAMOND,II,EUW1_5510185536
DIAMOND,II,EUW1_5509105490
DIAMOND,II,EUW1_5506263055
DIAMOND,II,EUW1_5506185261
DIAMOND,II,EUW1_5506111677
DIAMOND,II,EUW1_5505848464
DIAMOND,II,EUW1_5504849576
DIAMOND,II,EUW1_5498167739
DIAMOND,II,EUW1_5498203202
DIAMOND,II,EUW1_5497256534
DIAMOND,II,EUW1_5497291490
DIAMOND,II,EUW1_5497103896
DIAMOND,II,EUW1_5497009257
DIAMOND,II,EUW1_5495660819
DIAMOND,II,EUW1_5495644422
DIAMOND,II,EUW1_5495457566
DIAMOND,II,EUW1_5495441928
DIAMOND,II,EUW1_5494415017
DIAMOND,II,EUW1_5494287401
DIAMOND,II,EUW1_5494322950
DIAMOND,II,EUW1_5494291639
DIAMOND,II,EUW1_5494238021
DIAMOND,II,EUW1_5491258217
DIAMOND,II,EUW1_5491253684
DIAMOND,II,EUW1_5491059483
DIAMOND,II,EUW1_5491083327
DIAMOND,II,EUW1_5490969236
DIAMOND,II,EUW1_5488311626
DIAMOND,II,EUW1_5488195481
DIAMOND,II,EUW1_5470676681
DIAMOND,II,EUW1_5470663387
DIAMOND,II,EUW1_5470571115
DIAMOND,II,EUW1_5542924038
DIAMOND,II,EUW1_5542847402
DIAMOND,II,EUW1_5542826438
DIAMOND,II,EUW1_5540982326
DIAMOND,II,EUW1_5540941895
DIAMOND,II,EUW1_5518430735
DIAMOND,II,EUW1_5518265995
DIAMOND,II,EUW1_5518242695
DIAMOND,II,EUW1_5518148523
DIAMOND,II,EUW1_5517902301
DIAMOND,II,EUW1_5517831465
DIAMOND,II,EUW1_5517780556
DIAMOND,II,EUW1_5517679223
DIAMOND,II,EUW1_5516533916
DIAMOND,II,EUW1_5516428662
DIAMOND,II,EUW1_5516431464
DIAMOND,II,EUW1_5516006195
DIAMOND,II,EUW1_5515539800
DIAMOND,II,EUW1_5515572783
DIAMOND,II,EUW1_5515458251
DIAMOND,II,EUW1_5515472710
DIAMOND,II,EUW1_5514997325
DIAMOND,II,EUW1_5514935054
DIAMOND,II,EUW1_5514992024
DIAMOND,II,EUW1_5514489813
DIAMOND,II,EUW1_5543032351
DIAMOND,II,EUW1_5540107669
DIAMOND,II,EUW1_5540131802
DIAMOND,II,EUW1_5539616478
DIAMOND,II,EUW1_5534785891
DIAMOND,II,EUW1_5534782861
DIAMOND,II,EUW1_5495764647
DIAMOND,II,EUW1_5487552227
DIAMOND,II,EUW1_5479269837
DIAMOND,II,EUW1_5475513813
DIAMOND,II,EUW1_5473929935
DIAMOND,II,EUW1_5473922302
DIAMOND,II,EUW1_5473548760
DIAMOND,II,EUW1_5473507560
DIAMOND,II,EUW1_5470543465
DIAMOND,II,EUW1_5470511011
DIAMOND,II,EUW1_5470011636
DIAMOND,II,EUW1_5466153190
DIAMOND,II,EUW1_5458584857
DIAMOND,II,EUW1_5455561313
DIAMOND,II,EUW1_5454611830
DIAMOND,II,EUW1_5452164316
DIAMOND,II,EUW1_5451994815
DIAMOND,II,EUW1_5435546554
DIAMOND,II,EUW1_5433961861
DIAMOND,II,EUW1_5548925934
DIAMOND,II,EUW1_5547361033
DIAMOND,II,EUW1_5547322723
DIAMOND,II,EUW1_5547206244
DIAMOND,II,EUW1_5545919732
DIAMOND,II,EUW1_5545574894
DIAMOND,II,EUW1_5545378039
DIAMOND,II,EUW1_5545077463
DIAMOND,II,EUW1_5540260073
DIAMOND,II,EUW1_5539844406
DIAMOND,II,EUW1_5539816214
DIAMOND,II,EUW1_5539833790
DIAMOND,II,EUW1_5539708322
DIAMOND,II,EUW1_5539239638
DIAMOND,II,EUW1_5539188483
DIAMOND,II,EUW1_5539196325
DIAMOND,II,EUW1_5539213093
DIAMOND,II,EUW1_5539120716
DIAMOND,II,EUW1_5538699554
DIAMOND,II,EUW1_5538742356
DIAMOND,II,EUW1_5538637447
DIAMOND,II,EUW1_5538488934
DIAMOND,II,EUW1_5538479943
DIAMOND,II,EUW1_5538434245
DIAMOND,II,EUW1_5538134785
DIAMOND,II,EUW1_5538060379
DIAMOND,II,EUW1_5538027125
DIAMOND,II,EUW1_5537095413
DIAMOND,II,EUW1_5536996193
DIAMOND,II,EUW1_5536728993
DIAMOND,II,EUW1_5536714547
DIAMOND,II,EUW1_5536680516
DIAMOND,II,EUW1_5536653417
DIAMOND,II,EUW1_5535784280
DIAMOND,II,EUW1_5535741304
DIAMOND,II,EUW1_5535716006
DIAMOND,II,EUW1_5534365649
DIAMOND,II,EUW1_5534360458
DIAMOND,II,EUW1_5534300677
DIAMOND,II,EUW1_5534065627
DIAMOND,II,EUW1_5533887435
DIAMOND,II,EUW1_5533871998
DIAMOND,II,EUW1_5533617291
DIAMOND,II,EUW1_5533385536
DIAMOND,II,EUW1_5533357620
DIAMOND,II,EUW1_5533264812
DIAMOND,II,EUW1_5532649823
DIAMOND,II,EUW1_5532647014
DIAMOND,II,EUW1_5532583774
DIAMOND,II,EUW1_5532429851
DIAMOND,II,EUW1_5548614155
DIAMOND,II,EUW1_5548519266
DIAMOND,II,EUW1_5544967346
DIAMOND,II,EUW1_5536962797
DIAMOND,II,EUW1_5526262304
DIAMOND,II,EUW1_5525758046
DIAMOND,II,EUW1_5524478171
DIAMOND,II,EUW1_5524394401
DIAMOND,II,EUW1_5522646680
DIAMOND,II,EUW1_5522671775
DIAMOND,II,EUW1_5478708967
DIAMOND,II,EUW1_5464065398
DIAMOND,II,EUW1_5463905597
DIAMOND,II,EUW1_5463910801
DIAMOND,II,EUW1_5457422183
DIAMOND,II,EUW1_5427559716
DIAMOND,II,EUW1_5421244239
DIAMOND,II,EUW1_5421158277
DIAMOND,II,EUW1_5420014123
DIAMOND,II,EUW1_5418423773
DIAMOND,II,EUW1_5418346226
DIAMOND,II,EUW1_5418302766
DIAMOND,II,EUW1_5418177541
DIAMOND,II,EUW1_5410721971
DIAMOND,II,EUW1_5410658434
DIAMOND,II,EUW1_5405294207
DIAMOND,II,EUW1_5405246818
DIAMOND,II,EUW1_5404092351
DIAMOND,II,EUW1_5402438145
DIAMOND,II,EUW1_5402432668
DIAMOND,II,EUW1_5402386126
DIAMOND,II,EUW1_5388956423
DIAMOND,II,EUW1_5382945679
DIAMOND,II,EUW1_5373181250
DIAMOND,II,EUW1_5370821813
DIAMOND,II,EUW1_5370805050
DIAMOND,II,EUW1_5370143767
DIAMOND,II,EUW1_5370079948
DIAMOND,II,EUW1_5369030524
DIAMOND,II,EUW1_5368881936
DIAMOND,II,EUW1_5368806066
DIAMOND,II,EUW1_5368520351
DIAMOND,II,EUW1_5341265454
DIAMOND,II,EUW1_5317864249
DIAMOND,II,EUW1_5317812059
DIAMOND,II,EUW1_5317718399
DIAMOND,II,EUW1_5314545698
DIAMOND,II,EUW1_5314543391
DIAMOND,II,EUW1_5299795261
DIAMOND,II,EUW1_5298261127
DIAMOND,II,EUW1_5548472951
DIAMOND,II,EUW1_5548397991
DIAMOND,II,EUW1_5546680386
DIAMOND,II,EUW1_5546725520
DIAMOND,II,EUW1_5544828769
DIAMOND,II,EUW1_5544892439
DIAMOND,II,EUW1_5543547606
DIAMOND,II,EUW1_5543309229
DIAMOND,II,EUW1_5543311264
DIAMOND,II,EUW1_5539993685
DIAMOND,II,EUW1_5539848363
DIAMOND,II,EUW1_5538117862
DIAMOND,II,EUW1_5536680818
DIAMOND,II,EUW1_5534949432
DIAMOND,II,EUW1_5533325673
DIAMOND,II,EUW1_5533261572
DIAMOND,II,EUW1_5532245327
DIAMOND,II,EUW1_5531932691
DIAMOND,II,EUW1_5531778572
DIAMOND,II,EUW1_5528695394
DIAMOND,II,EUW1_5527106109
DIAMOND,II,EUW1_5525802811
DIAMOND,II,EUW1_5525634750
DIAMOND,II,EUW1_5524927245
DIAMOND,II,EUW1_5524963173
DIAMOND,II,EUW1_5524333480
DIAMOND,II,EUW1_5524239235
DIAMOND,II,EUW1_5524254735
DIAMOND,II,EUW1_5523743415
DIAMOND,II,EUW1_5523678220
DIAMOND,II,EUW1_5522668567
DIAMOND,II,EUW1_5522693208
DIAMOND,II,EUW1_5522616282
DIAMOND,II,EUW1_5521866356
DIAMOND,II,EUW1_5519564118
DIAMOND,II,EUW1_5518819753
DIAMOND,II,EUW1_5518148537
DIAMOND,II,EUW1_5518064504
DIAMOND,II,EUW1_5518048812
DIAMOND,II,EUW1_5517134251
DIAMOND,II,EUW1_5517098539
DIAMOND,II,EUW1_5516782668
DIAMOND,II,EUW1_5516694387
DIAMOND,II,EUW1_5516558546
DIAMOND,II,EUW1_5516591494
DIAMOND,II,EUW1_5516447415
DIAMOND,II,EUW1_5515932943
DIAMOND,II,EUW1_5515829742
DIAMOND,II,EUW1_5547961120
DIAMOND,II,EUW1_5545257692
DIAMOND,II,EUW1_5523601923
DIAMOND,II,EUW1_5523497107
DIAMOND,II,EUW1_5511230574
DIAMOND,II,EUW1_5490126096
DIAMOND,II,EUW1_5489356760
DIAMOND,II,EUW1_5478633014
DIAMOND,II,EUW1_5478517907
DIAMOND,II,EUW1_5431586426
DIAMOND,II,EUW1_5431653190
DIAMOND,II,EUW1_5430473722
DIAMOND,II,EUW1_5430412590
DIAMOND,II,EUW1_5429929473
DIAMOND,II,EUW1_5428415243
DIAMOND,II,EUW1_5408323395
DIAMOND,II,EUW1_5402862786
DIAMOND,II,EUW1_5389561013
DIAMOND,II,EUW1_5389380441
DIAMOND,II,EUW1_5384206420
DIAMOND,II,EUW1_5384182098
DIAMOND,II,EUW1_5380977112
DIAMOND,II,EUW1_5379512139
DIAMOND,II,EUW1_5379378674
DIAMOND,II,EUW1_5379354819
DIAMOND,II,EUW1_5379289906
DIAMOND,II,EUW1_5378109196
DIAMOND,II,EUW1_5378133236
DIAMOND,II,EUW1_5378009478
DIAMOND,II,EUW1_5376978390
DIAMOND,II,EUW1_5376870302
DIAMOND,II,EUW1_5376855237
DIAMOND,II,EUW1_5376807718
DIAMOND,II,EUW1_5349766758
DIAMOND,II,EUW1_5342802504
DIAMOND,II,EUW1_5340135151
DIAMOND,II,EUW1_5334212066
DIAMOND,II,EUW1_5331958141
DIAMOND,II,EUW1_5331953445
DIAMOND,II,EUW1_5331890870
DIAMOND,II,EUW1_5328026975
DIAMOND,II,EUW1_5327972268
DIAMOND,II,EUW1_5327818647
DIAMOND,II,EUW1_5327773712
DIAMOND,II,EUW1_5327192677
DIAMOND,II,EUW1_5327079960
DIAMOND,II,EUW1_5327094893
DIAMOND,II,EUW1_5325578784
DIAMOND,II,EUW1_5325382326
DIAMOND,II,EUW1_5325296622
DIAMOND,II,EUW1_5546910853
DIAMOND,II,EUW1_5546805035
DIAMOND,II,EUW1_5545852050
DIAMOND,II,EUW1_5545731253
DIAMOND,II,EUW1_5518920899
DIAMOND,II,EUW1_5518855248
DIAMOND,II,EUW1_5518679302
DIAMOND,II,EUW1_5518673545
DIAMOND,II,EUW1_5516524061
DIAMOND,II,EUW1_5516418634
DIAMOND,II,EUW1_5516338678
DIAMOND,II,EUW1_5515451576
DIAMOND,II,EUW1_5515356066
DIAMOND,II,EUW1_5515381592
DIAMOND,II,EUW1_5515286017
DIAMOND,II,EUW1_5515271993
DIAMOND,II,EUW1_5511407186
DIAMOND,II,EUW1_5511344837
DIAMOND,II,EUW1_5511148596
DIAMOND,II,EUW1_5511231358
DIAMOND,II,EUW1_5510994359
DIAMOND,II,EUW1_5510834429
DIAMOND,II,EUW1_5510616893
DIAMOND,II,EUW1_5509831977
DIAMOND,II,EUW1_5509772286
DIAMOND,II,EUW1_5509800642
DIAMOND,II,EUW1_5509679648
DIAMOND,II,EUW1_5509678857
DIAMOND,II,EUW1_5509726656
DIAMOND,II,EUW1_5509706220
DIAMOND,II,EUW1_5509695216
DIAMOND,II,EUW1_5509732967
DIAMOND,II,EUW1_5509682563
DIAMOND,II,EUW1_5507257413
DIAMOND,II,EUW1_5507105108
DIAMOND,II,EUW1_5506666756
DIAMOND,II,EUW1_5506675030
DIAMOND,II,EUW1_5506615333
DIAMOND,II,EUW1_5506662865
DIAMOND,II,EUW1_5506582579
DIAMOND,II,EUW1_5506498591
DIAMOND,II,EUW1_5506404134
DIAMOND,II,EUW1_5506385246
DIAMOND,II,EUW1_5506275908
DIAMOND,II,EUW1_5505769458
DIAMOND,II,EUW1_5505697975
DIAMOND,II,EUW1_5505752011
DIAMOND,II,EUW1_5505569769
DIAMOND,II,EUW1_5505596358
DIAMOND,II,EUW1_5505591788
DIAMOND,II,EUW1_5545529647
DIAMOND,II,EUW1_5538536317
DIAMOND,II,EUW1_5534355254
DIAMOND,II,EUW1_5534249708
DIAMOND,II,EUW1_5534212856
DIAMOND,II,EUW1_5534134373
DIAMOND,II,EUW1_5533907517
DIAMOND,II,EUW1_5533870678
DIAMOND,II,EUW1_5533695123
DIAMOND,II,EUW1_5533518998
DIAMOND,II,EUW1_5529355764
DIAMOND,II,EUW1_5529160850
DIAMOND,II,EUW1_5529016018
DIAMOND,II,EUW1_5529022946
DIAMOND,II,EUW1_5528553331
DIAMOND,II,EUW1_5528520761
DIAMOND,II,EUW1_5528321458
DIAMOND,II,EUW1_5524295455
DIAMOND,II,EUW1_5524257080
DIAMOND,II,EUW1_5523342745
DIAMOND,II,EUW1_5523166892
DIAMOND,II,EUW1_5522661346
DIAMOND,II,EUW1_5522605403
DIAMOND,II,EUW1_5522466866
DIAMOND,II,EUW1_5521835259
DIAMOND,II,EUW1_5521729217
DIAMOND,II,EUW1_5521781196
DIAMOND,II,EUW1_5521694330
DIAMOND,II,EUW1_5521631039
DIAMOND,II,EUW1_5521413352
DIAMOND,II,EUW1_5520446530
DIAMOND,II,EUW1_5520422222
DIAMOND,II,EUW1_5519535757
DIAMOND,II,EUW1_5519501505
DIAMOND,II,EUW1_5519454229
DIAMOND,II,EUW1_5519391184
DIAMOND,II,EUW1_5519287720
DIAMOND,II,EUW1_5519301598
DIAMOND,II,EUW1_5518300252
DIAMOND,II,EUW1_5518324538
DIAMOND,II,EUW1_5518059451
DIAMOND,II,EUW1_5518035137
DIAMOND,II,EUW1_5517963161
DIAMOND,II,EUW1_5517887068
DIAMOND,II,EUW1_5517924275
DIAMOND,II,EUW1_5517892149
DIAMOND,II,EUW1_5517779350
DIAMOND,II,EUW1_5516649723
DIAMOND,II,EUW1_5516614879
DIAMOND,II,EUW1_5548264761
DIAMOND,II,EUW1_5547924830
DIAMOND,II,EUW1_5548001016
DIAMOND,II,EUW1_5547962396
DIAMOND,II,EUW1_5546272243
DIAMOND,II,EUW1_5546180317
DIAMOND,II,EUW1_5546198153
DIAMOND,II,EUW1_5546098651
DIAMOND,II,EUW1_5546141364
DIAMOND,II,EUW1_5545987842
DIAMOND,II,EUW1_5545991868
DIAMOND,II,EUW1_5544487943
DIAMOND,II,EUW1_5544409750
DIAMOND,II,EUW1_5544408965
DIAMOND,II,EUW1_5544485141
DIAMOND,II,EUW1_5544445987
DIAMOND,II,EUW1_5502611523
DIAMOND,II,EUW1_5502400221
DIAMOND,II,EUW1_5502458625
DIAMOND,II,EUW1_5501091281
DIAMOND,II,EUW1_5501000235
DIAMOND,II,EUW1_5501067728
DIAMOND,II,EUW1_5501008248
DIAMOND,II,EUW1_5501027433
DIAMOND,II,EUW1_5501042943
DIAMOND,II,EUW1_5548103946
DIAMOND,II,EUW1_5548071994
DIAMOND,II,EUW1_5539749592
DIAMOND,II,EUW1_5539813858
DIAMOND,II,EUW1_5539721328
DIAMOND,II,EUW1_5539588145
DIAMOND,II,EUW1_5537805557
DIAMOND,II,EUW1_5537812150
DIAMOND,II,EUW1_5531485873
DIAMOND,II,EUW1_5517924534
DIAMOND,II,EUW1_5517941925
DIAMOND,II,EUW1_5516257961
DIAMOND,II,EUW1_5515280614
DIAMOND,II,EUW1_5515114462
DIAMOND,II,EUW1_5515099881
DIAMOND,II,EUW1_5505700325
DIAMOND,II,EUW1_5505744910
DIAMOND,II,EUW1_5505732566
DIAMOND,II,EUW1_5505490447
DIAMOND,II,EUW1_5505527352
DIAMOND,II,EUW1_5502618027
DIAMOND,II,EUW1_5502616556
DIAMOND,II,EUW1_5501874550
DIAMOND,II,EUW1_5501390006
DIAMOND,II,EUW1_5501202669
DIAMOND,II,EUW1_5501190656
DIAMOND,II,EUW1_5501099118
DIAMOND,II,EUW1_5501096540
DIAMOND,II,EUW1_5501085086
DIAMOND,II,EUW1_5501123372
DIAMOND,II,EUW1_5500273857
DIAMOND,II,EUW1_5500118248
DIAMOND,II,EUW1_5500000308
DIAMOND,II,EUW1_5500013119
DIAMOND,II,EUW1_5499926966
DIAMOND,II,EUW1_5499875637
DIAMOND,II,EUW1_5499832252
DIAMOND,II,EUW1_5499744850
DIAMOND,II,EUW1_5499693306
DIAMOND,II,EUW1_5498087500
DIAMOND,II,EUW1_5498054580
DIAMOND,II,EUW1_5498022189
DIAMOND,II,EUW1_5497948927
DIAMOND,II,EUW1_5497966001
DIAMOND,II,EUW1_5498013128
DIAMOND,II,EUW1_5496374515
DIAMOND,II,EUW1_5496382308
DIAMOND,II,EUW1_5496360499
DIAMOND,II,EUW1_5496317839
DIAMOND,II,EUW1_5496335472
DIAMOND,II,EUW1_5548925796
DIAMOND,II,EUW1_5548690177
DIAMOND,II,EUW1_5548681813
DIAMOND,II,EUW1_5547489808
DIAMOND,II,EUW1_5547591463
DIAMOND,II,EUW1_5547375912
DIAMOND,II,EUW1_5547308160
DIAMOND,II,EUW1_5546127878
DIAMOND,II,EUW1_5545806414
DIAMOND,II,EUW1_5545746057
DIAMOND,II,EUW1_5544892439
DIAMOND,II,EUW1_5544017708
DIAMOND,II,EUW1_5543985246
DIAMOND,II,EUW1_5543829746
DIAMOND,II,EUW1_5539889948
DIAMOND,II,EUW1_5539904272
DIAMOND,II,EUW1_5539177611
DIAMOND,II,EUW1_5539244475
DIAMOND,II,EUW1_5539241951
DIAMOND,II,EUW1_5538979299
DIAMOND,II,EUW1_5538945450
DIAMOND,II,EUW1_5537593233
DIAMOND,II,EUW1_5537580618
DIAMOND,II,EUW1_5537557514
DIAMOND,II,EUW1_5537553860
DIAMOND,II,EUW1_5537438762
DIAMOND,II,EUW1_5537238266
DIAMOND,II,EUW1_5536858615
DIAMOND,II,EUW1_5536793482
DIAMOND,II,EUW1_5536726075
DIAMOND,II,EUW1_5536679352
DIAMOND,II,EUW1_5536625256
DIAMOND,II,EUW1_5535821932
DIAMOND,II,EUW1_5535780810
DIAMOND,II,EUW1_5535619059
DIAMOND,II,EUW1_5535494694
DIAMOND,II,EUW1_5532242677
DIAMOND,II,EUW1_5532137816
DIAMOND,II,EUW1_5532064525
DIAMOND,II,EUW1_5531038098
DIAMOND,II,EUW1_5531094704
DIAMOND,II,EUW1_5530817921
DIAMOND,II,EUW1_5530811985
DIAMOND,II,EUW1_5530290116
DIAMOND,II,EUW1_5529477852
DIAMOND,II,EUW1_5529391375
DIAMOND,II,EUW1_5526503063
DIAMOND,II,EUW1_5524609800
DIAMOND,II,EUW1_5524594541
DIAMOND,II,EUW1_5523660652
DIAMOND,II,EUW1_5526946329
DIAMOND,II,EUW1_5526940108
DIAMOND,II,EUW1_5526560503
DIAMOND,II,EUW1_5521577353
DIAMOND,II,EUW1_5516390381
DIAMOND,II,EUW1_5515191436
DIAMOND,II,EUW1_5513317609
DIAMOND,II,EUW1_5512701574
DIAMOND,II,EUW1_5511929502
DIAMOND,II,EUW1_5512010739
DIAMOND,II,EUW1_5511839768
DIAMOND,II,EUW1_5511905868
DIAMOND,II,EUW1_5510050684
DIAMOND,II,EUW1_5509043389
DIAMOND,II,EUW1_5507737840
DIAMOND,II,EUW1_5507675966
DIAMOND,II,EUW1_5506064114
DIAMOND,II,EUW1_5505996153
DIAMOND,II,EUW1_5505903405
DIAMOND,II,EUW1_5503356649
DIAMOND,II,EUW1_5503279327
DIAMOND,II,EUW1_5502994510
DIAMOND,II,EUW1_5503001088
DIAMOND,II,EUW1_5501765962
DIAMOND,II,EUW1_5501691537
DIAMOND,II,EUW1_5501583383
DIAMOND,II,EUW1_5500369537
DIAMOND,II,EUW1_5500324315
DIAMOND,II,EUW1_5498717383
DIAMOND,II,EUW1_5498711558
DIAMOND,II,EUW1_5498603499
DIAMOND,II,EUW1_5498479177
DIAMOND,II,EUW1_5498295185
DIAMOND,II,EUW1_5498282483
DIAMOND,II,EUW1_5495609042
DIAMOND,II,EUW1_5495643794
DIAMOND,II,EUW1_5495433479
DIAMOND,II,EUW1_5495330006
DIAMOND,II,EUW1_5495317782
DIAMOND,II,EUW1_5495274427
DIAMOND,II,EUW1_5464980846
DIAMOND,II,EUW1_5464839171
DIAMOND,II,EUW1_5464882033
DIAMOND,II,EUW1_5464767430
DIAMOND,II,EUW1_5462085311
DIAMOND,II,EUW1_5462009654
DIAMOND,II,EUW1_5461995733
DIAMOND,II,EUW1_5461056157
DIAMOND,II,EUW1_5460983965
DIAMOND,II,EUW1_5460879495
DIAMOND,II,EUW1_5364386285
DIAMOND,II,EUW1_5347562593
DIAMOND,II,EUW1_5339882143
DIAMOND,II,EUW1_5305442195
DIAMOND,II,EUW1_5302426296
DIAMOND,II,EUW1_5302346446
DIAMOND,II,EUW1_5274533617
DIAMOND,II,EUW1_5274469444
DIAMOND,II,EUW1_5257443274
DIAMOND,II,EUW1_5255163082
DIAMOND,II,EUW1_5201433166
DIAMOND,II,EUW1_5201298914
DIAMOND,II,EUW1_5201178316
DIAMOND,II,EUW1_5201173549
DIAMOND,II,EUW1_5197919180
DIAMOND,II,EUW1_5179152809
DIAMOND,II,EUW1_5179018202
DIAMOND,II,EUW1_5152314217
DIAMOND,II,EUW1_5129031409
DIAMOND,II,EUW1_5125418013
DIAMOND,II,EUW1_5124298991
DIAMOND,II,EUW1_5123824824
DIAMOND,II,EUW1_5120254849
DIAMOND,II,EUW1_5116233517
DIAMOND,II,EUW1_5113772108
DIAMOND,II,EUW1_5548936331
DIAMOND,II,EUW1_5547123490
DIAMOND,II,EUW1_5547005168
DIAMOND,II,EUW1_5546908736
DIAMOND,II,EUW1_5546736593
DIAMOND,II,EUW1_5546682196
DIAMOND,II,EUW1_5546445701
DIAMOND,II,EUW1_5546366289
DIAMOND,II,EUW1_5546297237
DIAMOND,II,EUW1_5546277161
DIAMOND,II,EUW1_5546305474
DIAMOND,II,EUW1_5546334207
DIAMOND,II,EUW1_5546274110
DIAMOND,II,EUW1_5546322387
DIAMOND,II,EUW1_5546291663
DIAMOND,II,EUW1_5546227416
DIAMOND,II,EUW1_5545986919
DIAMOND,II,EUW1_5545879256
DIAMOND,II,EUW1_5545810824
DIAMOND,II,EUW1_5545266957
DIAMOND,II,EUW1_5544477246
DIAMOND,II,EUW1_5544485305
DIAMOND,II,EUW1_5544493942
DIAMOND,II,EUW1_5544386843
DIAMOND,II,EUW1_5544307663
DIAMOND,II,EUW1_5543825437
DIAMOND,II,EUW1_5543795800
DIAMOND,II,EUW1_5543771307
DIAMOND,II,EUW1_5543604671
DIAMOND,II,EUW1_5543577803
DIAMOND,II,EUW1_5543502211
DIAMOND,II,EUW1_5543365008
DIAMOND,II,EUW1_5543260074
DIAMOND,II,EUW1_5543201832
DIAMOND,II,EUW1_5543015828
DIAMOND,II,EUW1_5543060958
DIAMOND,II,EUW1_5542995361
DIAMOND,II,EUW1_5542983894
DIAMOND,II,EUW1_5542961531
DIAMOND,II,EUW1_5542879452
DIAMOND,II,EUW1_5542828165
DIAMOND,II,EUW1_5542856194
DIAMOND,II,EUW1_5542894164
DIAMOND,II,EUW1_5542778885
DIAMOND,II,EUW1_5542748416
DIAMOND,II,EUW1_5542795525
DIAMOND,II,EUW1_5542725815
DIAMOND,II,EUW1_5541783762
DIAMOND,II,EUW1_5541656884
DIAMOND,II,EUW1_5541577027
DIAMOND,II,EUW1_5547728916
DIAMOND,II,EUW1_5547668135
DIAMOND,II,EUW1_5547803118
DIAMOND,II,EUW1_5547731175
DIAMOND,II,EUW1_5547396719
DIAMOND,II,EUW1_5547329203
DIAMOND,II,EUW1_5547283695
DIAMOND,II,EUW1_5544433112
DIAMOND,II,EUW1_5544402101
DIAMOND,II,EUW1_5544358288
DIAMOND,II,EUW1_5544335766
DIAMOND,II,EUW1_5544352791
DIAMOND,II,EUW1_5544278416
DIAMOND,II,EUW1_5544202334
DIAMOND,II,EUW1_5544112248
DIAMOND,II,EUW1_5543603213
DIAMOND,II,EUW1_5543544136
DIAMOND,II,EUW1_5543451740
DIAMOND,II,EUW1_5543355208
DIAMOND,II,EUW1_5543277758
DIAMOND,II,EUW1_5543204524
DIAMOND,II,EUW1_5542792306
DIAMOND,II,EUW1_5542712074
DIAMOND,II,EUW1_5542657695
DIAMOND,II,EUW1_5542632858
DIAMOND,II,EUW1_5542507944
DIAMOND,II,EUW1_5542448283
DIAMOND,II,EUW1_5542199442
DIAMOND,II,EUW1_5541978577
DIAMOND,II,EUW1_5541810208
DIAMOND,II,EUW1_5540886839
DIAMOND,II,EUW1_5540914765
DIAMOND,II,EUW1_5540931622
DIAMOND,II,EUW1_5540900925
DIAMOND,II,EUW1_5540765778
DIAMOND,II,EUW1_5539200144
DIAMOND,II,EUW1_5539228281
DIAMOND,II,EUW1_5539177044
DIAMOND,II,EUW1_5538881879
DIAMOND,II,EUW1_5537649164
DIAMOND,II,EUW1_5537637930
DIAMOND,II,EUW1_5537616894
DIAMOND,II,EUW1_5537605553
DIAMOND,II,EUW1_5537633771
DIAMOND,II,EUW1_5537529497
DIAMOND,II,EUW1_5537497285
DIAMOND,II,EUW1_5537513749
DIAMOND,II,EUW1_5537458634
DIAMOND,II,EUW1_5537451950
DIAMOND,II,EUW1_5537356456
DIAMOND,II,EUW1_5546931664
DIAMOND,II,EUW1_5546835234
DIAMOND,II,EUW1_5546748439
DIAMOND,II,EUW1_5546134500
DIAMOND,II,EUW1_5542751176
DIAMOND,II,EUW1_5542638391
DIAMOND,II,EUW1_5542663126
DIAMOND,II,EUW1_5542559310
DIAMOND,II,EUW1_5533339211
DIAMOND,II,EUW1_5533169182
DIAMOND,II,EUW1_5531199194
DIAMOND,II,EUW1_5531171343
DIAMOND,II,EUW1_5531036261
DIAMOND,II,EUW1_5531091826
DIAMOND,II,EUW1_5530807234
DIAMOND,II,EUW1_5530782315
DIAMOND,II,EUW1_5530526799
DIAMOND,II,EUW1_5530390691
DIAMOND,II,EUW1_5530150582
DIAMOND,II,EUW1_5530016104
DIAMOND,II,EUW1_5529350061
DIAMOND,II,EUW1_5529360535
DIAMOND,II,EUW1_5526688568
DIAMOND,II,EUW1_5526658267
DIAMOND,II,EUW1_5526667399
DIAMOND,II,EUW1_5526724616
DIAMOND,II,EUW1_5524712499
DIAMOND,II,EUW1_5524605776
DIAMOND,II,EUW1_5517024024
DIAMOND,II,EUW1_5515924377
DIAMOND,II,EUW1_5515961635
DIAMOND,II,EUW1_5512910834
DIAMOND,II,EUW1_5507571103
DIAMOND,II,EUW1_5504477504
DIAMOND,II,EUW1_5504521114
DIAMOND,II,EUW1_5504084713
DIAMOND,II,EUW1_5504071971
DIAMOND,II,EUW1_5498136692
DIAMOND,II,EUW1_5497442738
DIAMOND,II,EUW1_5497386418
DIAMOND,II,EUW1_5490932533
DIAMOND,II,EUW1_5490861630
DIAMOND,II,EUW1_5489781310
DIAMOND,II,EUW1_5489328847
DIAMOND,II,EUW1_5489247326
DIAMOND,II,EUW1_5489213367
DIAMOND,II,EUW1_5487343429
DIAMOND,II,EUW1_5487291147
DIAMOND,II,EUW1_5487210491
DIAMOND,II,EUW1_5548865593
DIAMOND,II,EUW1_5548707304
DIAMOND,II,EUW1_5548711227
DIAMOND,II,EUW1_5462361865
DIAMOND,II,EUW1_5462247887
DIAMOND,II,EUW1_5462263289
DIAMOND,II,EUW1_5462107311
DIAMOND,II,EUW1_5459723397
DIAMOND,II,EUW1_5459620339
DIAMOND,II,EUW1_5459492671
DIAMOND,II,EUW1_5459388411
DIAMOND,II,EUW1_5459314776
DIAMOND,II,EUW1_5455663484
DIAMOND,II,EUW1_5455619682
DIAMOND,II,EUW1_5455635013
DIAMOND,II,EUW1_5455527572
DIAMOND,II,EUW1_5447254490
DIAMOND,II,EUW1_5421868648
DIAMOND,II,EUW1_5400658919
DIAMOND,II,EUW1_5400596190
DIAMOND,II,EUW1_5400593399
DIAMOND,II,EUW1_5362611905
DIAMOND,II,EUW1_5362487649
DIAMOND,II,EUW1_5355494680
DIAMOND,II,EUW1_5355480594
DIAMOND,II,EUW1_5548770639
DIAMOND,II,EUW1_5547374284
DIAMOND,II,EUW1_5547354212
DIAMOND,II,EUW1_5547260526
DIAMOND,II,EUW1_5547039429
DIAMOND,II,EUW1_5545612356
DIAMOND,II,EUW1_5545525579
DIAMOND,II,EUW1_5543975842
DIAMOND,II,EUW1_5543798833
DIAMOND,II,EUW1_5543764615
DIAMOND,II,EUW1_5543648700
DIAMOND,II,EUW1_5543535714
DIAMOND,II,EUW1_5543417831
DIAMOND,II,EUW1_5543307667
DIAMOND,II,EUW1_5543278562
DIAMOND,II,EUW1_5543282193
DIAMOND,II,EUW1_5543128646
DIAMOND,II,EUW1_5543190778
DIAMOND,II,EUW1_5542676505
DIAMOND,II,EUW1_5542613708
DIAMOND,II,EUW1_5542519453
DIAMOND,II,EUW1_5541725094
DIAMOND,II,EUW1_5541588823
DIAMOND,II,EUW1_5541562501
DIAMOND,II,EUW1_5541457835
DIAMOND,II,EUW1_5540385522
DIAMOND,II,EUW1_5540192372
DIAMOND,II,EUW1_5539904095
DIAMOND,II,EUW1_5539832448
DIAMOND,II,EUW1_5539689565
DIAMOND,II,EUW1_5539665897
DIAMOND,II,EUW1_5539641582
DIAMOND,II,EUW1_5539548620
DIAMOND,II,EUW1_5539545381
DIAMOND,II,EUW1_5539552687
DIAMOND,II,EUW1_5538471769
DIAMOND,II,EUW1_5538378081
DIAMOND,II,EUW1_5538363598
DIAMOND,II,EUW1_5538166477
DIAMOND,II,EUW1_5538030043
DIAMOND,II,EUW1_5536879951
DIAMOND,II,EUW1_5535145503
DIAMOND,II,EUW1_5535098408
DIAMOND,II,EUW1_5533219945
DIAMOND,II,EUW1_5533196652
DIAMOND,II,EUW1_5533009126
DIAMOND,II,EUW1_5532976215
DIAMOND,II,EUW1_5533041013
DIAMOND,II,EUW1_5532937611
DIAMOND,II,EUW1_5532924676
DIAMOND,II,EUW1_5548223788
DIAMOND,II,EUW1_5548128967
DIAMOND,II,EUW1_5541163415
DIAMOND,II,EUW1_5541080402
DIAMOND,II,EUW1_5541124937
DIAMOND,II,EUW1_5538153947
DIAMOND,II,EUW1_5538081536
DIAMOND,II,EUW1_5538055264
DIAMOND,II,EUW1_5538061020
DIAMOND,II,EUW1_5537947384
DIAMOND,II,EUW1_5537884851
DIAMOND,II,EUW1_5537951123
DIAMOND,II,EUW1_5537787846
DIAMOND,II,EUW1_5536501873
DIAMOND,II,EUW1_5536468791
DIAMOND,II,EUW1_5536406198
DIAMOND,II,EUW1_5536423391
DIAMOND,II,EUW1_5536470942
DIAMOND,II,EUW1_5535495937
DIAMOND,II,EUW1_5535442715
DIAMOND,II,EUW1_5535408790
DIAMOND,II,EUW1_5535404714
DIAMOND,II,EUW1_5535094912
DIAMOND,II,EUW1_5533688182
DIAMOND,II,EUW1_5533625047
DIAMOND,II,EUW1_5532511770
DIAMOND,II,EUW1_5532427890
DIAMOND,II,EUW1_5532374054
DIAMOND,II,EUW1_5532317882
DIAMOND,II,EUW1_5532332649
DIAMOND,II,EUW1_5532216413
DIAMOND,II,EUW1_5532150356
DIAMOND,II,EUW1_5532006422
DIAMOND,II,EUW1_5531993121
DIAMOND,II,EUW1_5531919274
DIAMOND,II,EUW1_5531893807
DIAMOND,II,EUW1_5529274860
DIAMOND,II,EUW1_5529178066
DIAMOND,II,EUW1_5529182599
DIAMOND,II,EUW1_5528868991
DIAMOND,II,EUW1_5528884773
DIAMOND,II,EUW1_5528788845
DIAMOND,II,EUW1_5528744800
DIAMOND,II,EUW1_5528741059
DIAMOND,II,EUW1_5528516505
DIAMOND,II,EUW1_5525580434
DIAMOND,II,EUW1_5525651922
DIAMOND,II,EUW1_5525439500
DIAMOND,II,EUW1_5525454624
DIAMOND,II,EUW1_5521397381
DIAMOND,II,EUW1_5548601639
DIAMOND,II,EUW1_5548508865
DIAMOND,II,EUW1_5545577399
DIAMOND,II,EUW1_5545518799
DIAMOND,II,EUW1_5544252060
DIAMOND,II,EUW1_5544107641
DIAMOND,II,EUW1_5543761572
DIAMOND,II,EUW1_5543644249
DIAMOND,II,EUW1_5543421300
DIAMOND,II,EUW1_5543342484
DIAMOND,II,EUW1_5543286061
DIAMOND,II,EUW1_5543123707
DIAMOND,II,EUW1_5543065294
DIAMOND,II,EUW1_5543002414
DIAMOND,II,EUW1_5542916240
DIAMOND,II,EUW1_5542902932
DIAMOND,II,EUW1_5542479924
DIAMOND,II,EUW1_5542403731
DIAMOND,II,EUW1_5542195705
DIAMOND,II,EUW1_5541796099
DIAMOND,II,EUW1_5541540673
DIAMOND,II,EUW1_5537452575
DIAMOND,II,EUW1_5537307007
DIAMOND,II,EUW1_5534868531
DIAMOND,II,EUW1_5533363314
DIAMOND,II,EUW1_5532315859
DIAMOND,II,EUW1_5531898432
DIAMOND,II,EUW1_5531859925
DIAMOND,II,EUW1_5527460317
DIAMOND,II,EUW1_5527472929
DIAMOND,II,EUW1_5527241001
DIAMOND,II,EUW1_5527225977
DIAMOND,II,EUW1_5527048005
DIAMOND,II,EUW1_5526450947
DIAMOND,II,EUW1_5526381948
DIAMOND,II,EUW1_5524893167
DIAMOND,II,EUW1_5523641152
DIAMOND,II,EUW1_5523340910
DIAMOND,II,EUW1_5522922572
DIAMOND,II,EUW1_5522693334
DIAMOND,II,EUW1_5522609385
DIAMOND,II,EUW1_5522576015
DIAMOND,II,EUW1_5521792702
DIAMOND,II,EUW1_5521548231
DIAMOND,II,EUW1_5518016015
DIAMOND,II,EUW1_5518000693
DIAMOND,II,EUW1_5517937265
DIAMOND,II,EUW1_5516887788
DIAMOND,II,EUW1_5516833931
DIAMOND,II,EUW1_5516709316
DIAMOND,II,EUW1_5548009292
DIAMOND,II,EUW1_5547949674
DIAMOND,II,EUW1_5547967763
DIAMOND,II,EUW1_5547926552
DIAMOND,II,EUW1_5547896057
DIAMOND,II,EUW1_5547904547
DIAMOND,II,EUW1_5547933296
DIAMOND,II,EUW1_5547932473
DIAMOND,II,EUW1_5547892515
DIAMOND,II,EUW1_5547808016
DIAMOND,II,EUW1_5547699276
DIAMOND,II,EUW1_5547756679
DIAMOND,II,EUW1_5547596277
DIAMOND,II,EUW1_5547495182
DIAMOND,II,EUW1_5547438981
DIAMOND,II,EUW1_5546391055
DIAMOND,II,EUW1_5546279758
DIAMOND,II,EUW1_5546317636
DIAMOND,II,EUW1_5546296514
DIAMOND,II,EUW1_5546305474
DIAMOND,II,EUW1_5546284722
DIAMOND,II,EUW1_5546293679
DIAMOND,II,EUW1_5546236598
DIAMOND,II,EUW1_5546243378
DIAMOND,II,EUW1_5546191955
DIAMOND,II,EUW1_5546098376
DIAMOND,II,EUW1_5546065786
DIAMOND,II,EUW1_5546016111
DIAMOND,II,EUW1_5545947491
DIAMOND,II,EUW1_5544429451
DIAMOND,II,EUW1_5544468129
DIAMOND,II,EUW1_5544457329
DIAMOND,II,EUW1_5544416703
DIAMOND,II,EUW1_5544493528
DIAMOND,II,EUW1_5544474119
DIAMOND,II,EUW1_5544423580
DIAMOND,II,EUW1_5544461785
DIAMOND,II,EUW1_5544137486
DIAMOND,II,EUW1_5544040188
DIAMOND,II,EUW1_5544033247
DIAMOND,II,EUW1_5543953034
DIAMOND,II,EUW1_5543866540
DIAMOND,II,EUW1_5543709685
DIAMOND,II,EUW1_5543770556
DIAMOND,II,EUW1_5542844808
DIAMOND,II,EUW1_5542853561
DIAMOND,II,EUW1_5542813710
DIAMOND,II,EUW1_5542851949
DIAMOND,II,EUW1_5542831709
DIAMOND,II,EUW1_5542725055
DIAMOND,II,EUW1_5537434360
DIAMOND,II,EUW1_5536711769
DIAMOND,II,EUW1_5526897411
DIAMOND,II,EUW1_5526904057
DIAMOND,II,EUW1_5526209032
DIAMOND,II,EUW1_5526165085
DIAMOND,II,EUW1_5526135422
DIAMOND,II,EUW1_5525247923
DIAMOND,II,EUW1_5525196772
DIAMOND,II,EUW1_5524267474
DIAMOND,II,EUW1_5524194775
DIAMOND,II,EUW1_5524200766
DIAMOND,II,EUW1_5524087167
DIAMOND,II,EUW1_5524151001
DIAMOND,II,EUW1_5524024250
DIAMOND,II,EUW1_5523642665
DIAMOND,II,EUW1_5522528764
DIAMOND,II,EUW1_5522563862
DIAMOND,II,EUW1_5522453857
DIAMOND,II,EUW1_5522340049
DIAMOND,II,EUW1_5522386406
DIAMOND,II,EUW1_5519100577
DIAMOND,II,EUW1_5517819882
DIAMOND,II,EUW1_5516286422
DIAMOND,II,EUW1_5516252816
DIAMOND,II,EUW1_5515853002
DIAMOND,II,EUW1_5515758275
DIAMOND,II,EUW1_5514948867
DIAMOND,II,EUW1_5514971447
DIAMOND,II,EUW1_5513399886
DIAMOND,II,EUW1_5513414550
DIAMOND,II,EUW1_5513074388
DIAMOND,II,EUW1_5513070492
DIAMOND,II,EUW1_5512381766
DIAMOND,II,EUW1_5510281055
DIAMOND,II,EUW1_5510166778
DIAMOND,II,EUW1_5509949089
DIAMOND,II,EUW1_5509937580
DIAMOND,II,EUW1_5508562864
DIAMOND,II,EUW1_5507021346
DIAMOND,II,EUW1_5506860029
DIAMOND,II,EUW1_5506808359
DIAMOND,II,EUW1_5506815845
DIAMOND,II,EUW1_5505732700
DIAMOND,II,EUW1_5505587965
DIAMOND,II,EUW1_5505526873
DIAMOND,II,EUW1_5505591756
DIAMOND,II,EUW1_5504042485
DIAMOND,II,EUW1_5504037505
DIAMOND,II,EUW1_5546653062
DIAMOND,II,EUW1_5546621388
DIAMOND,II,EUW1_5546547868
DIAMOND,II,EUW1_5545993028
DIAMOND,II,EUW1_5545828244
DIAMOND,II,EUW1_5545117923
DIAMOND,II,EUW1_5544877193
DIAMOND,II,EUW1_5544706383
DIAMOND,II,EUW1_5544712095
DIAMOND,II,EUW1_5538823993
DIAMOND,II,EUW1_5538727162
DIAMOND,II,EUW1_5538620030
DIAMOND,II,EUW1_5538652724
DIAMOND,II,EUW1_5537805271
DIAMOND,II,EUW1_5537831933
DIAMOND,II,EUW1_5537115103
DIAMOND,II,EUW1_5537066473
DIAMOND,II,EUW1_5536569550
DIAMOND,II,EUW1_5536553960
DIAMOND,II,EUW1_5536511685
DIAMOND,II,EUW1_5535436693
DIAMOND,II,EUW1_5535379242
DIAMOND,II,EUW1_5535381830
DIAMOND,II,EUW1_5535304454
DIAMOND,II,EUW1_5535050140
DIAMOND,II,EUW1_5534985681
DIAMOND,II,EUW1_5534835057
DIAMOND,II,EUW1_5534851422
DIAMOND,II,EUW1_5533910000
DIAMOND,II,EUW1_5533803662
DIAMOND,II,EUW1_5533687509
DIAMOND,II,EUW1_5533680843
DIAMOND,II,EUW1_5528874598
DIAMOND,II,EUW1_5528880910
DIAMOND,II,EUW1_5528746066
DIAMOND,II,EUW1_5528540218
DIAMOND,II,EUW1_5527445799
DIAMOND,II,EUW1_5527368772
DIAMOND,II,EUW1_5526182014
DIAMOND,II,EUW1_5526124466
DIAMOND,II,EUW1_5524674668
DIAMOND,II,EUW1_5524366292
DIAMOND,II,EUW1_5524091893
DIAMOND,II,EUW1_5524046374
DIAMOND,II,EUW1_5524003762
DIAMOND,II,EUW1_5523449962
DIAMOND,II,EUW1_5523405096
DIAMOND,II,EUW1_5523318278
DIAMOND,II,EUW1_5522882791
DIAMOND,II,EUW1_5522687862
DIAMOND,II,EUW1_5548699840
DIAMOND,II,EUW1_5548227567
DIAMOND,II,EUW1_5548292010
DIAMOND,II,EUW1_5548176588
DIAMOND,II,EUW1_5547370881
DIAMOND,II,EUW1_5547342466
DIAMOND,II,EUW1_5547206216
DIAMOND,II,EUW1_5547126800
DIAMOND,II,EUW1_5547008034
DIAMOND,II,EUW1_5546972208
DIAMOND,II,EUW1_5546872935
DIAMOND,II,EUW1_5546841878
DIAMOND,II,EUW1_5546707312
DIAMOND,II,EUW1_5546702830
DIAMOND,II,EUW1_5546563879
DIAMOND,II,EUW1_5546529169
DIAMOND,II,EUW1_5546497548
DIAMOND,II,EUW1_5546494677
DIAMOND,II,EUW1_5544673721
DIAMOND,II,EUW1_5543941595
DIAMOND,II,EUW1_5543804993
DIAMOND,II,EUW1_5543630912
DIAMOND,II,EUW1_5543037925
DIAMOND,II,EUW1_5540131479
DIAMOND,II,EUW1_5539976833
DIAMOND,II,EUW1_5539768611
DIAMOND,II,EUW1_5539732791
DIAMOND,II,EUW1_5539567541
DIAMOND,II,EUW1_5539560475
DIAMOND,II,EUW1_5537984409
DIAMOND,II,EUW1_5537928050
DIAMOND,II,EUW1_5536648070
DIAMOND,II,EUW1_5536513667
DIAMOND,II,EUW1_5534968876
DIAMOND,II,EUW1_5534974274
DIAMOND,II,EUW1_5534724644
DIAMOND,II,EUW1_5534690264
DIAMOND,II,EUW1_5534701397
DIAMOND,II,EUW1_5533069825
DIAMOND,II,EUW1_5533064378
DIAMOND,II,EUW1_5532981759
DIAMOND,II,EUW1_5532927631
DIAMOND,II,EUW1_5532954731
DIAMOND,II,EUW1_5532893473
DIAMOND,II,EUW1_5530233346
DIAMOND,II,EUW1_5530179261
DIAMOND,II,EUW1_5530007630
DIAMOND,II,EUW1_5529140384
DIAMOND,II,EUW1_5529136621
DIAMOND,II,EUW1_5529068922
DIAMOND,II,EUW1_5548798045
DIAMOND,II,EUW1_5548659884
DIAMOND,II,EUW1_5548654756
DIAMOND,II,EUW1_5548449855
DIAMOND,II,EUW1_5548474825
DIAMOND,II,EUW1_5545764604
DIAMOND,II,EUW1_5545725174
DIAMOND,II,EUW1_5543286635
DIAMOND,II,EUW1_5542493390
DIAMOND,II,EUW1_5542251477
DIAMOND,II,EUW1_5541838667
DIAMOND,II,EUW1_5540589713
DIAMOND,II,EUW1_5540530016
DIAMOND,II,EUW1_5540437520
DIAMOND,II,EUW1_5540260089
DIAMOND,II,EUW1_5539781892
DIAMOND,II,EUW1_5539654372
DIAMOND,II,EUW1_5539650867
DIAMOND,II,EUW1_5538672172
DIAMOND,II,EUW1_5538512107
DIAMOND,II,EUW1_5535524740
DIAMOND,II,EUW1_5535504466
DIAMOND,II,EUW1_5535415538
DIAMOND,II,EUW1_5534928510
DIAMOND,II,EUW1_5534990947
DIAMOND,II,EUW1_5534862397
DIAMOND,II,EUW1_5534817512
DIAMOND,II,EUW1_5534659214
DIAMOND,II,EUW1_5534715180
DIAMOND,II,EUW1_5534138445
DIAMOND,II,EUW1_5533818873
DIAMOND,II,EUW1_5532573355
DIAMOND,II,EUW1_5532469644
DIAMOND,II,EUW1_5532483001
DIAMOND,II,EUW1_5532436520
DIAMOND,II,EUW1_5530326685
DIAMOND,II,EUW1_5530343297
DIAMOND,II,EUW1_5529288557
DIAMOND,II,EUW1_5529214107
DIAMOND,II,EUW1_5527651974
DIAMOND,II,EUW1_5527632535
DIAMOND,II,EUW1_5526424280
DIAMOND,II,EUW1_5526316652
DIAMOND,II,EUW1_5526229659
DIAMOND,II,EUW1_5526117142
DIAMOND,II,EUW1_5526131443
DIAMOND,II,EUW1_5525637021
DIAMOND,II,EUW1_5525439698
DIAMOND,II,EUW1_5525444228
DIAMOND,II,EUW1_5525400624
DIAMOND,II,EUW1_5548706682
DIAMOND,II,EUW1_5548543590
DIAMOND,II,EUW1_5548495864
DIAMOND,II,EUW1_5548348141
DIAMOND,II,EUW1_5548343919
DIAMOND,II,EUW1_5548295878
DIAMOND,II,EUW1_5548262302
DIAMOND,II,EUW1_5548109534
DIAMOND,II,EUW1_5547537278
DIAMOND,II,EUW1_5547418925
DIAMOND,II,EUW1_5547391920
DIAMOND,II,EUW1_5546863133
DIAMOND,II,EUW1_5546775706
DIAMOND,II,EUW1_5546571174
DIAMOND,II,EUW1_5546537206
DIAMOND,II,EUW1_5545987691
DIAMOND,II,EUW1_5545900227
DIAMOND,II,EUW1_5545806771
DIAMOND,II,EUW1_5544855792
DIAMOND,II,EUW1_5544801149
DIAMOND,II,EUW1_5544610360
DIAMOND,II,EUW1_5544693361
DIAMOND,II,EUW1_5544621532
DIAMOND,II,EUW1_5538676878
DIAMOND,II,EUW1_5535501387
DIAMOND,II,EUW1_5535395822
DIAMOND,II,EUW1_5535308658
DIAMOND,II,EUW1_5534719273
DIAMOND,II,EUW1_5533249737
DIAMOND,II,EUW1_5530510821
DIAMOND,II,EUW1_5519196499
DIAMOND,II,EUW1_5513012338
DIAMOND,II,EUW1_5511687642
DIAMOND,II,EUW1_5506421243
DIAMOND,II,EUW1_5504782578
DIAMOND,II,EUW1_5497964426
DIAMOND,II,EUW1_5485976989
DIAMOND,II,EUW1_5485397646
DIAMOND,II,EUW1_5484745338
DIAMOND,II,EUW1_5484679999
DIAMOND,II,EUW1_5484706932
DIAMOND,II,EUW1_5484222723
DIAMOND,II,EUW1_5484186907
DIAMOND,II,EUW1_5483224078
DIAMOND,II,EUW1_5480968117
DIAMOND,II,EUW1_5480779850
DIAMOND,II,EUW1_5480663255
DIAMOND,II,EUW1_5480637678
DIAMOND,II,EUW1_5479615447
DIAMOND,II,EUW1_5479558130
DIAMOND,II,EUW1_5521186694
DIAMOND,II,EUW1_5521142854
DIAMOND,II,EUW1_5521118058
DIAMOND,II,EUW1_5521113452
DIAMOND,II,EUW1_5520646332
DIAMOND,II,EUW1_5520711845
DIAMOND,II,EUW1_5520529608
DIAMOND,II,EUW1_5520593617
DIAMOND,II,EUW1_5519649166
DIAMOND,II,EUW1_5518349968
DIAMOND,II,EUW1_5518274866
DIAMOND,II,EUW1_5518255298
DIAMOND,II,EUW1_5518159747
DIAMOND,II,EUW1_5518002460
DIAMOND,II,EUW1_5517879561
DIAMOND,II,EUW1_5517873079
DIAMOND,II,EUW1_5517137515
DIAMOND,II,EUW1_5517182327
DIAMOND,II,EUW1_5517087787
DIAMOND,II,EUW1_5517010863
DIAMOND,II,EUW1_5516620333
DIAMOND,II,EUW1_5516674506
DIAMOND,II,EUW1_5516529688
DIAMOND,II,EUW1_5516533916
DIAMOND,II,EUW1_5516454809
DIAMOND,II,EUW1_5516401382
DIAMOND,II,EUW1_5516376384
DIAMOND,II,EUW1_5516341851
DIAMOND,II,EUW1_5515859292
DIAMOND,II,EUW1_5515896058
DIAMOND,II,EUW1_5515882388
DIAMOND,II,EUW1_5515409708
DIAMOND,II,EUW1_5515481466
DIAMOND,II,EUW1_5515083365
DIAMOND,II,EUW1_5515032726
DIAMOND,II,EUW1_5514908908
DIAMOND,II,EUW1_5514995746
DIAMOND,II,EUW1_5514973508
DIAMOND,II,EUW1_5513919612
DIAMOND,II,EUW1_5513895247
DIAMOND,II,EUW1_5513629381
DIAMOND,II,EUW1_5513653297
DIAMOND,II,EUW1_5513197545
DIAMOND,II,EUW1_5513165955
DIAMOND,II,EUW1_5513119727
DIAMOND,II,EUW1_5513078737
DIAMOND,II,EUW1_5513064074
DIAMOND,II,EUW1_5512997017
