DIAMOND,I,EUW1_5538153947
DIAMOND,I,EUW1_5530460093
DIAMOND,I,EUW1_5530327637
DIAMOND,I,EUW1_5529503699
DIAMOND,I,EUW1_5529497707
DIAMOND,I,EUW1_5520486492
DIAMOND,I,EUW1_5520481300
DIAMOND,I,EUW1_5519937166
DIAMOND,I,EUW1_5513416415
DIAMOND,I,EUW1_5513325024
DIAMOND,I,EUW1_5513256970
DIAMOND,I,EUW1_5512150290
DIAMOND,I,EUW1_5512154291
DIAMOND,I,EUW1_5512057254
DIAMOND,I,EUW1_5509540175
DIAMOND,I,EUW1_5509506332
DIAMOND,I,EUW1_5509457968
DIAMOND,I,EUW1_5506131714
DIAMOND,I,EUW1_5506036269
DIAMOND,I,EUW1_5505909343
DIAMOND,I,EUW1_5505991776
DIAMOND,I,EUW1_5504600977
DIAMOND,I,EUW1_5504524382
DIAMOND,I,EUW1_5504452404
DIAMOND,I,EUW1_5504377883
DIAMOND,I,EUW1_5504431326
DIAMOND,I,EUW1_5497279246
DIAMOND,I,EUW1_5497283063
DIAMOND,I,EUW1_5495632673
DIAMOND,I,EUW1_5494395901
DIAMOND,I,EUW1_5491396279
DIAMOND,I,EUW1_5491308532
DIAMOND,I,EUW1_5488124257
DIAMOND,I,EUW1_5487204684
DIAMOND,I,EUW1_5487180719
DIAMOND,I,EUW1_5487126122
DIAMOND,I,EUW1_5487102000
DIAMOND,I,EUW1_5487026808
DIAMOND,I,EUW1_5486971344
DIAMOND,I,EUW1_5486298792
DIAMOND,I,EUW1_5483655471
DIAMOND,I,EUW1_5483750898
DIAMOND,I,EUW1_5482105969
DIAMOND,I,EUW1_5479078058
DIAMOND,I,EUW1_5479032735
DIAMOND,I,EUW1_5478966259
DIAMOND,I,EUW1_5477742621
DIAMOND,I,EUW1_5477580112
DIAMOND,I,EUW1_5477559237
DIAMOND,I,EUW1_5475792450
DIAMOND,I,EUW1_5548886152
DIAMOND,I,EUW1_5548814939
DIAMOND,I,EUW1_5548625739
DIAMOND,I,EUW1_5548526912
DIAMOND,I,EUW1_5548520886
DIAMOND,I,EUW1_5548493627
DIAMOND,I,EUW1_5548415403
DIAMOND,I,EUW1_5548270281
DIAMOND,I,EUW1_5548304139
DIAMOND,I,EUW1_5548179694
DIAMOND,I,EUW1_5548119252
DIAMOND,I,EUW1_5548106939
DIAMOND,I,EUW1_5548114054
DIAMOND,I,EUW1_5548101558
DIAMOND,I,EUW1_5547735940
DIAMOND,I,EUW1_5547743980
DIAMOND,I,EUW1_5547693163
DIAMOND,I,EUW1_5547499973
DIAMOND,I,EUW1_5547536271
DIAMOND,I,EUW1_5547525172
DIAMOND,I,EUW1_5547458164
DIAMOND,I,EUW1_5547443674
DIAMOND,I,EUW1_5546949582
DIAMOND,I,EUW1_5546872346
DIAMOND,I,EUW1_5546815134
DIAMOND,I,EUW1_5546748439
DIAMOND,I,EUW1_5546744369
DIAMOND,I,EUW1_5546663918
DIAMOND,I,EUW1_5546629149
DIAMOND,I,EUW1_5546524022
DIAMOND,I,EUW1_5546390399
DIAMOND,I,EUW1_5546369001
DIAMOND,I,EUW1_5546382848
DIAMOND,I,EUW1_5546380956
DIAMOND,I,EUW1_5546298759
DIAMOND,I,EUW1_5546297472
DIAMOND,I,EUW1_5546315913
DIAMOND,I,EUW1_5546304269
DIAMOND,I,EUW1_5544834816
DIAMOND,I,EUW1_5544779617
DIAMOND,I,EUW1_5544747537
DIAMOND,I,EUW1_5544744105
DIAMOND,I,EUW1_5544740712
DIAMOND,I,EUW1_5544609041
DIAMOND,I,EUW1_5544633147
DIAMOND,I,EUW1_5544585784
DIAMOND,I,EUW1_5544574100
DIAMOND,I,EUW1_5544277642
DIAMOND,I,EUW1_5544198262
DIAMOND,I,EUW1_5544175067
DIAMOND,I,EUW1_5548615944
DIAMOND,I,EUW1_5548563254
DIAMOND,I,EUW1_5548448008
DIAMOND,I,EUW1_5548245685
DIAMOND,I,EUW1_5547597051
DIAMOND,I,EUW1_5547593742
DIAMOND,I,EUW1_5547474294
DIAMOND,I,EUW1_5546160160
DIAMOND,I,EUW1_5546078932
DIAMOND,I,EUW1_5546055459
DIAMOND,I,EUW1_5545710948
DIAMOND,I,EUW1_5545316914
DIAMOND,I,EUW1_5545271993
DIAMOND,I,EUW1_5545085985
DIAMOND,I,EUW1_5544865520
DIAMOND,I,EUW1_5544796978
DIAMOND,I,EUW1_5544706565
DIAMOND,I,EUW1_5544303666
DIAMOND,I,EUW1_5544208751
DIAMOND,I,EUW1_5544153397
DIAMOND,I,EUW1_5544011254
DIAMOND,I,EUW1_5543880662
DIAMOND,I,EUW1_5543783292
DIAMOND,I,EUW1_5543656765
DIAMOND,I,EUW1_5543660662
DIAMOND,I,EUW1_5543562795
DIAMOND,I,EUW1_5543328245
DIAMOND,I,EUW1_5543303778
DIAMOND,I,EUW1_5543039380
DIAMOND,I,EUW1_5543092854
DIAMOND,I,EUW1_5542651473
DIAMOND,I,EUW1_5542143318
DIAMOND,I,EUW1_5541641635
DIAMOND,I,EUW1_5541199669
DIAMOND,I,EUW1_5541157371
DIAMOND,I,EUW1_5541222414
DIAMOND,I,EUW1_5541059016
DIAMOND,I,EUW1_5541021379
DIAMOND,I,EUW1_5540939704
DIAMOND,I,EUW1_5540899640
DIAMOND,I,EUW1_5540918289
DIAMOND,I,EUW1_5540917338
DIAMOND,I,EUW1_5540926016
DIAMOND,I,EUW1_5540855781
DIAMOND,I,EUW1_5540931533
DIAMOND,I,EUW1_5540240524
DIAMOND,I,EUW1_5540233747
DIAMOND,I,EUW1_5540094456
DIAMOND,I,EUW1_5540027470
DIAMOND,I,EUW1_5539867140
DIAMOND,I,EUW1_5529937664
DIAMOND,I,EUW1_5529903885
DIAMOND,I,EUW1_5513652074
DIAMOND,I,EUW1_5512535546
DIAMOND,I,EUW1_5511242874
DIAMOND,I,EUW1_5508959844
DIAMOND,I,EUW1_5506988956
DIAMOND,I,EUW1_5505769029
DIAMOND,I,EUW1_5504381758
DIAMOND,I,EUW1_5501471483
DIAMOND,I,EUW1_5501377305
DIAMOND,I,EUW1_5500282762
DIAMOND,I,EUW1_5498057255
DIAMOND,I,EUW1_5497057313
DIAMOND,I,EUW1_5484995204
DIAMOND,I,EUW1_5484897394
DIAMOND,I,EUW1_5483721288
DIAMOND,I,EUW1_5483494350
DIAMOND,I,EUW1_5483254295
DIAMOND,I,EUW1_5483079335
DIAMOND,I,EUW1_5475784496
DIAMOND,I,EUW1_5475683370
DIAMOND,I,EUW1_5475604013
DIAMOND,I,EUW1_5475301001
DIAMOND,I,EUW1_5472309776
DIAMOND,I,EUW1_5468833344
DIAMOND,I,EUW1_5468771176
DIAMOND,I,EUW1_5466578573
DIAMOND,I,EUW1_5466523199
DIAMOND,I,EUW1_5466435361
DIAMOND,I,EUW1_5460030641
DIAMOND,I,EUW1_5459976837
DIAMOND,I,EUW1_5460001317
DIAMOND,I,EUW1_5459865072
DIAMOND,I,EUW1_5459778998
DIAMOND,I,EUW1_5459772149
DIAMOND,I,EUW1_5459627314
DIAMOND,I,EUW1_5446085349
DIAMOND,I,EUW1_5446025823
DIAMOND,I,EUW1_5445971426
DIAMOND,I,EUW1_5445883615
DIAMOND,I,EUW1_5439013989
DIAMOND,I,EUW1_5412902565
DIAMOND,I,EUW1_5398395828
DIAMOND,I,EUW1_5398259336
DIAMOND,I,EUW1_5397110953
DIAMOND,I,EUW1_5388021066
DIAMOND,I,EUW1_5387849588
DIAMOND,I,EUW1_5386950395
DIAMOND,I,EUW1_5386344986
DIAMOND,I,EUW1_5506133839
DIAMOND,I,EUW1_5500430161
DIAMOND,I,EUW1_5500394166
DIAMOND,I,EUW1_5500289889
DIAMOND,I,EUW1_5500344007
DIAMOND,I,EUW1_5500035599
DIAMOND,I,EUW1_5499940069
DIAMOND,I,EUW1_5499884461
DIAMOND,I,EUW1_5499240938
DIAMOND,I,EUW1_5499125862
DIAMOND,I,EUW1_5498536976
DIAMOND,I,EUW1_5498562970
DIAMOND,I,EUW1_5498427879
DIAMOND,I,EUW1_5498240047
DIAMOND,I,EUW1_5497670117
DIAMOND,I,EUW1_5497294974
DIAMOND,I,EUW1_5497198792
DIAMOND,I,EUW1_5497185858
DIAMOND,I,EUW1_5497071837
DIAMOND,I,EUW1_5496928742
DIAMOND,I,EUW1_5496129754
DIAMOND,I,EUW1_5496153901
DIAMOND,I,EUW1_5496007090
DIAMOND,I,EUW1_5495516206
DIAMOND,I,EUW1_5495540554
DIAMOND,I,EUW1_5495376399
DIAMOND,I,EUW1_5495269405
DIAMOND,I,EUW1_5495198063
DIAMOND,I,EUW1_5494868418
DIAMOND,I,EUW1_5494337449
DIAMOND,I,EUW1_5492824117
DIAMOND,I,EUW1_5491851401
DIAMOND,I,EUW1_5491112553
DIAMOND,I,EUW1_5490977460
DIAMOND,I,EUW1_5491001944
DIAMOND,I,EUW1_5478773081
DIAMOND,I,EUW1_5475064222
DIAMOND,I,EUW1_5463470300
DIAMOND,I,EUW1_5459454871
DIAMOND,I,EUW1_5459378433
DIAMOND,I,EUW1_5457397707
DIAMOND,I,EUW1_5457393722
DIAMOND,I,EUW1_5457296163
DIAMOND,I,EUW1_5456455696
DIAMOND,I,EUW1_5456501069
DIAMOND,I,EUW1_5456190887
DIAMOND,I,EUW1_5451602509
DIAMOND,I,EUW1_5451538336
DIAMOND,I,EUW1_5449521870
DIAMOND,I,EUW1_5548175625
DIAMOND,I,EUW1_5505926284
DIAMOND,I,EUW1_5505839921
DIAMOND,I,EUW1_5505726090
DIAMOND,I,EUW1_5505599624
DIAMOND,I,EUW1_5505340174
DIAMOND,I,EUW1_5505377102
DIAMOND,I,EUW1_5502992755
DIAMOND,I,EUW1_5502928196
DIAMOND,I,EUW1_5502846712
DIAMOND,I,EUW1_5502226097
DIAMOND,I,EUW1_5502144064
DIAMOND,I,EUW1_5501998960
DIAMOND,I,EUW1_5501497267
DIAMOND,I,EUW1_5501532161
DIAMOND,I,EUW1_5496671132
DIAMOND,I,EUW1_5495337111
DIAMOND,I,EUW1_5494197317
DIAMOND,I,EUW1_5494134221
DIAMOND,I,EUW1_5494121736
DIAMOND,I,EUW1_5493559471
DIAMOND,I,EUW1_5492138454
DIAMOND,I,EUW1_5492085645
DIAMOND,I,EUW1_5492081373
DIAMOND,I,EUW1_5491313107
DIAMOND,I,EUW1_5545286532
DIAMOND,I,EUW1_5545070425
DIAMOND,I,EUW1_5544966807
DIAMOND,I,EUW1_5529267563
DIAMOND,I,EUW1_5529213644
DIAMOND,I,EUW1_5521428221
DIAMOND,I,EUW1_5521452399
DIAMOND,I,EUW1_5521386378
DIAMOND,I,EUW1_5521300262
DIAMOND,I,EUW1_5521274561
DIAMOND,I,EUW1_5520467367
DIAMOND,I,EUW1_5518605132
DIAMOND,I,EUW1_5516779786
DIAMOND,I,EUW1_5507000861
DIAMOND,I,EUW1_5506936177
DIAMOND,I,EUW1_5506879659
DIAMOND,I,EUW1_5506838233
DIAMOND,I,EUW1_5506892860
DIAMOND,I,EUW1_5506813120
DIAMOND,I,EUW1_5501478647
DIAMOND,I,EUW1_5501462964
DIAMOND,I,EUW1_5501305844
DIAMOND,I,EUW1_5501282873
DIAMOND,I,EUW1_5501228753
DIAMOND,I,EUW1_5501197093
DIAMOND,I,EUW1_5501253655
DIAMOND,I,EUW1_5501159316
DIAMOND,I,EUW1_5501097130
DIAMOND,I,EUW1_5491896116
DIAMOND,I,EUW1_5491924264
DIAMOND,I,EUW1_5491864808
DIAMOND,I,EUW1_5491902047
DIAMOND,I,EUW1_5491900552
DIAMOND,I,EUW1_5491790176
DIAMOND,I,EUW1_5491828285
DIAMOND,I,EUW1_5491835234
DIAMOND,I,EUW1_5491747623
DIAMOND,I,EUW1_5491803899
DIAMOND,I,EUW1_5491801997
DIAMOND,I,EUW1_5491741185
DIAMOND,I,EUW1_5491668298
DIAMOND,I,EUW1_5491664084
DIAMOND,I,EUW1_5491618359
DIAMOND,I,EUW1_5491623841
DIAMOND,I,EUW1_5491458718
DIAMOND,I,EUW1_5485884363
DIAMOND,I,EUW1_5485832063
DIAMOND,I,EUW1_5485788731
DIAMOND,I,EUW1_5485756876
DIAMOND,I,EUW1_5485735756
DIAMOND,I,EUW1_5547598281
DIAMOND,I,EUW1_5544780615
DIAMOND,I,EUW1_5543867322
DIAMOND,I,EUW1_5540684948
DIAMOND,I,EUW1_5538965410
DIAMOND,I,EUW1_5538943025
DIAMOND,I,EUW1_5538788845
DIAMOND,I,EUW1_5538832573
DIAMOND,I,EUW1_5537620637
DIAMOND,I,EUW1_5537486168
DIAMOND,I,EUW1_5537521776
DIAMOND,I,EUW1_5537412664
DIAMOND,I,EUW1_5535423380
DIAMOND,I,EUW1_5532579788
DIAMOND,I,EUW1_5532634128
DIAMOND,I,EUW1_5531714994
DIAMOND,I,EUW1_5530495030
DIAMOND,I,EUW1_5529341996
DIAMOND,I,EUW1_5528950918
DIAMOND,I,EUW1_5528866061
DIAMOND,I,EUW1_5528860696
DIAMOND,I,EUW1_5526161810
DIAMOND,I,EUW1_5526127020
DIAMOND,I,EUW1_5525633387
DIAMOND,I,EUW1_5525630461
DIAMOND,I,EUW1_5525339981
DIAMOND,I,EUW1_5525307661
DIAMOND,I,EUW1_5525014643
DIAMOND,I,EUW1_5524973411
DIAMOND,I,EUW1_5524831845
DIAMOND,I,EUW1_5524775000
DIAMOND,I,EUW1_5524669102
DIAMOND,I,EUW1_5524672162
DIAMOND,I,EUW1_5524281421
DIAMOND,I,EUW1_5524236378
DIAMOND,I,EUW1_5524193211
DIAMOND,I,EUW1_5521204714
DIAMOND,I,EUW1_5521118388
DIAMOND,I,EUW1_5521095159
DIAMOND,I,EUW1_5520533547
DIAMOND,I,EUW1_5520464523
DIAMOND,I,EUW1_5520266084
DIAMOND,I,EUW1_5519763892
DIAMOND,I,EUW1_5519697245
DIAMOND,I,EUW1_5519475241
DIAMOND,I,EUW1_5519414019
DIAMOND,I,EUW1_5519349673
DIAMOND,I,EUW1_5519356053
DIAMOND,I,EUW1_5545470198
DIAMOND,I,EUW1_5543669039
DIAMOND,I,EUW1_5543599485
DIAMOND,I,EUW1_5543222884
DIAMOND,I,EUW1_5543167874
DIAMOND,I,EUW1_5540750515
DIAMOND,I,EUW1_5540733818
DIAMOND,I,EUW1_5539500509
DIAMOND,I,EUW1_5539239211
DIAMOND,I,EUW1_5539198058
DIAMOND,I,EUW1_5539226081
DIAMOND,I,EUW1_5539172514
DIAMOND,I,EUW1_5538103191
DIAMOND,I,EUW1_5536688636
DIAMOND,I,EUW1_5536733556
DIAMOND,I,EUW1_5535842432
DIAMOND,I,EUW1_5535760309
DIAMOND,I,EUW1_5530764533
DIAMOND,I,EUW1_5530655275
DIAMOND,I,EUW1_5530356824
DIAMOND,I,EUW1_5530342396
DIAMOND,I,EUW1_5529004463
DIAMOND,I,EUW1_5527410982
DIAMOND,I,EUW1_5527315718
DIAMOND,I,EUW1_5526307022
DIAMOND,I,EUW1_5524490337
DIAMOND,I,EUW1_5524446542
DIAMOND,I,EUW1_5518991048
DIAMOND,I,EUW1_5518918036
DIAMOND,I,EUW1_5518920503
DIAMOND,I,EUW1_5518844646
DIAMOND,I,EUW1_5518689931
DIAMOND,I,EUW1_5518419519
DIAMOND,I,EUW1_5516403540
DIAMOND,I,EUW1_5515866000
DIAMOND,I,EUW1_5515871936
DIAMOND,I,EUW1_5515708088
DIAMOND,I,EUW1_5513015741
DIAMOND,I,EUW1_5508520835
DIAMOND,I,EUW1_5506729614
DIAMOND,I,EUW1_5506708124
DIAMOND,I,EUW1_5506736193
DIAMOND,I,EUW1_5505587329
DIAMOND,I,EUW1_5505574177
DIAMOND,I,EUW1_5505522966
DIAMOND,I,EUW1_5503762070
DIAMOND,I,EUW1_5503629883
DIAMOND,I,EUW1_5503584823
DIAMOND,I,EUW1_5503536979
DIAMOND,I,EUW1_5548700663
DIAMOND,I,EUW1_5548439246
DIAMOND,I,EUW1_5548277423
DIAMOND,I,EUW1_5548235013
DIAMOND,I,EUW1_5548103886
DIAMOND,I,EUW1_5547470812
DIAMOND,I,EUW1_5547412294
DIAMOND,I,EUW1_5547154491
DIAMOND,I,EUW1_5546855042
DIAMOND,I,EUW1_5546720129
DIAMOND,I,EUW1_5546681977
DIAMOND,I,EUW1_5546419800
DIAMOND,I,EUW1_5546436497
DIAMOND,I,EUW1_5545797879
DIAMOND,I,EUW1_5545689606
DIAMOND,I,EUW1_5544692741
DIAMOND,I,EUW1_5544252442
DIAMOND,I,EUW1_5544144564
DIAMOND,I,EUW1_5544028421
DIAMOND,I,EUW1_5544070801
DIAMOND,I,EUW1_5543934718
DIAMOND,I,EUW1_5543775227
DIAMOND,I,EUW1_5543249638
DIAMOND,I,EUW1_5543006651
DIAMOND,I,EUW1_5542967991
DIAMOND,I,EUW1_5541835939
DIAMOND,I,EUW1_5541612790
DIAMOND,I,EUW1_5541523764
DIAMOND,I,EUW1_5541300871
DIAMOND,I,EUW1_5538758767
DIAMOND,I,EUW1_5538714614
DIAMOND,I,EUW1_5538635269
DIAMOND,I,EUW1_5538125855
DIAMOND,I,EUW1_5538030043
DIAMOND,I,EUW1_5538073321
DIAMOND,I,EUW1_5537970035
DIAMOND,I,EUW1_5537935477
DIAMOND,I,EUW1_5537951561
DIAMOND,I,EUW1_5536728224
DIAMOND,I,EUW1_5536484786
DIAMOND,I,EUW1_5535463581
DIAMOND,I,EUW1_5548936234
DIAMOND,I,EUW1_5548876583
DIAMOND,I,EUW1_5547872613
DIAMOND,I,EUW1_5547808001
DIAMOND,I,EUW1_5547748736
DIAMOND,I,EUW1_5547727195
DIAMOND,I,EUW1_5547695684
DIAMOND,I,EUW1_5547665272
DIAMOND,I,EUW1_5547721538
DIAMOND,I,EUW1_5547488438
DIAMOND,I,EUW1_5547484444
DIAMOND,I,EUW1_5547399842
DIAMOND,I,EUW1_5547373897
DIAMOND,I,EUW1_5547295362
DIAMOND,I,EUW1_5547189167
DIAMOND,I,EUW1_5547089202
DIAMOND,I,EUW1_5547081563
DIAMOND,I,EUW1_5547034914
DIAMOND,I,EUW1_5546940214
DIAMOND,I,EUW1_5546952205
DIAMOND,I,EUW1_5546838812
DIAMOND,I,EUW1_5544573375
DIAMOND,I,EUW1_5544561435
DIAMOND,I,EUW1_5544489181
DIAMOND,I,EUW1_5544469590
DIAMOND,I,EUW1_5544468603
DIAMOND,I,EUW1_5544495848
DIAMOND,I,EUW1_5544350718
DIAMOND,I,EUW1_5543124325
DIAMOND,I,EUW1_5543087675
DIAMOND,I,EUW1_5543042842
DIAMOND,I,EUW1_5542958832
DIAMOND,I,EUW1_5542965331
DIAMOND,I,EUW1_5542981232
DIAMOND,I,EUW1_5542869328
DIAMOND,I,EUW1_5540723802
DIAMOND,I,EUW1_5540597054
DIAMOND,I,EUW1_5540543473
DIAMOND,I,EUW1_5540535820
DIAMOND,I,EUW1_5540481169
DIAMOND,I,EUW1_5540180323
DIAMOND,I,EUW1_5540214630
DIAMOND,I,EUW1_5540077359
DIAMOND,I,EUW1_5540092049
DIAMOND,I,EUW1_5540035415
DIAMOND,I,EUW1_5539991159
DIAMOND,I,EUW1_5539886485
DIAMOND,I,EUW1_5536972416
DIAMOND,I,EUW1_5536807960
DIAMOND,I,EUW1_5536871470
DIAMOND,I,EUW1_5548234128
DIAMOND,I,EUW1_5548157809
DIAMOND,I,EUW1_5544622156
DIAMOND,I,EUW1_5544587568
DIAMOND,I,EUW1_5537941124
DIAMOND,I,EUW1_5537828660
DIAMOND,I,EUW1_5537826155
DIAMOND,I,EUW1_5536587367
DIAMOND,I,EUW1_5536633023
DIAMOND,I,EUW1_5536557735
DIAMOND,I,EUW1_5536515586
DIAMOND,I,EUW1_5534854873
DIAMOND,I,EUW1_5534891443
DIAMOND,I,EUW1_5534809012
DIAMOND,I,EUW1_5526868968
DIAMOND,I,EUW1_5526856623
DIAMOND,I,EUW1_5526864502
DIAMOND,I,EUW1_5505527209
DIAMOND,I,EUW1_5505591455
DIAMOND,I,EUW1_5505521567
DIAMOND,I,EUW1_5505397817
DIAMOND,I,EUW1_5505424572
DIAMOND,I,EUW1_5505355003
DIAMOND,I,EUW1_5505400904
DIAMOND,I,EUW1_5505321349
DIAMOND,I,EUW1_5504684115
DIAMOND,I,EUW1_5504588898
DIAMOND,I,EUW1_5504561149
DIAMOND,I,EUW1_5504513463
DIAMOND,I,EUW1_5504408194
DIAMOND,I,EUW1_5504173545
DIAMOND,I,EUW1_5504138647
DIAMOND,I,EUW1_5503979991
DIAMOND,I,EUW1_5503997288
DIAMOND,I,EUW1_5504032906
DIAMOND,I,EUW1_5503992118
DIAMOND,I,EUW1_5503961291
DIAMOND,I,EUW1_5503898912
DIAMOND,I,EUW1_5503916308
DIAMOND,I,EUW1_5502818358
DIAMOND,I,EUW1_5502806085
DIAMOND,I,EUW1_5502804119
DIAMOND,I,EUW1_5502732044
DIAMOND,I,EUW1_5501154125
DIAMOND,I,EUW1_5501093367
DIAMOND,I,EUW1_5501131481
DIAMOND,I,EUW1_5490801658
DIAMOND,I,EUW1_5490670259
DIAMOND,I,EUW1_5490678253
DIAMOND,I,EUW1_5489065023
DIAMOND,I,EUW1_5548684627
DIAMOND,I,EUW1_5548631753
DIAMOND,I,EUW1_5548596267
DIAMOND,I,EUW1_5548500078
DIAMOND,I,EUW1_5548474543
DIAMOND,I,EUW1_5546949121
DIAMOND,I,EUW1_5546905320
DIAMOND,I,EUW1_5546931046
DIAMOND,I,EUW1_5545535615
DIAMOND,I,EUW1_5545319908
DIAMOND,I,EUW1_5545302904
DIAMOND,I,EUW1_5545008694
DIAMOND,I,EUW1_5545082546
DIAMOND,I,EUW1_5544906151
DIAMOND,I,EUW1_5543687496
DIAMOND,I,EUW1_5543623013
DIAMOND,I,EUW1_5543576584
DIAMOND,I,EUW1_5543502627
DIAMOND,I,EUW1_5543339953
DIAMOND,I,EUW1_5543360922
DIAMOND,I,EUW1_5542975081
DIAMOND,I,EUW1_5542913839
DIAMOND,I,EUW1_5542899234
DIAMOND,I,EUW1_5542868658
DIAMOND,I,EUW1_5542827727
DIAMOND,I,EUW1_5542855421
DIAMOND,I,EUW1_5541576417
DIAMOND,I,EUW1_5541620871
DIAMOND,I,EUW1_5541457835
DIAMOND,I,EUW1_5541492264
DIAMOND,I,EUW1_5540201112
DIAMOND,I,EUW1_5540056532
DIAMOND,I,EUW1_5539896932
DIAMOND,I,EUW1_5539930727
DIAMOND,I,EUW1_5538375242
DIAMOND,I,EUW1_5538269835
DIAMOND,I,EUW1_5538244369
DIAMOND,I,EUW1_5538180392
DIAMOND,I,EUW1_5538087271
DIAMOND,I,EUW1_5538102637
DIAMOND,I,EUW1_5536951635
DIAMOND,I,EUW1_5536795811
DIAMOND,I,EUW1_5536710437
DIAMOND,I,EUW1_5536765503
DIAMOND,I,EUW1_5536441889
DIAMOND,I,EUW1_5535086956
DIAMOND,I,EUW1_5535033130
DIAMOND,I,EUW1_5535005573
DIAMOND,I,EUW1_5535001340
DIAMOND,I,EUW1_5534706865
DIAMOND,I,EUW1_5548963396
DIAMOND,I,EUW1_5548779700
DIAMOND,I,EUW1_5547379883
DIAMOND,I,EUW1_5547442519
DIAMOND,I,EUW1_5547335943
DIAMOND,I,EUW1_5547247094
DIAMOND,I,EUW1_5547119992
DIAMOND,I,EUW1_5547081503
DIAMOND,I,EUW1_5546971856
DIAMOND,I,EUW1_5546151043
DIAMOND,I,EUW1_5546008378
DIAMOND,I,EUW1_5546052467
DIAMOND,I,EUW1_5545916742
DIAMOND,I,EUW1_5545789080
DIAMOND,I,EUW1_5545782941
DIAMOND,I,EUW1_5545757130
DIAMOND,I,EUW1_5545671184
DIAMOND,I,EUW1_5544089261
DIAMOND,I,EUW1_5544004235
DIAMOND,I,EUW1_5543900179
DIAMOND,I,EUW1_5543814419
DIAMOND,I,EUW1_5543776179
DIAMOND,I,EUW1_5543649397
DIAMOND,I,EUW1_5543144923
DIAMOND,I,EUW1_5543043372
DIAMOND,I,EUW1_5542968374
DIAMOND,I,EUW1_5542915154
DIAMOND,I,EUW1_5542961958
DIAMOND,I,EUW1_5542889138
DIAMOND,I,EUW1_5542793418
DIAMOND,I,EUW1_5542791791
DIAMOND,I,EUW1_5542678835
DIAMOND,I,EUW1_5542655715
DIAMOND,I,EUW1_5542600325
DIAMOND,I,EUW1_5541388640
DIAMOND,I,EUW1_5541392762
DIAMOND,I,EUW1_5541279683
DIAMOND,I,EUW1_5541323264
DIAMOND,I,EUW1_5541237963
DIAMOND,I,EUW1_5540794800
DIAMOND,I,EUW1_5540709125
DIAMOND,I,EUW1_5540645037
DIAMOND,I,EUW1_5540568227
DIAMOND,I,EUW1_5540500338
DIAMOND,I,EUW1_5540444779
DIAMOND,I,EUW1_5540355876
DIAMOND,I,EUW1_5540288805
DIAMOND,I,EUW1_5540331514
DIAMOND,I,EUW1_5540148231
DIAMOND,I,EUW1_5538867445
DIAMOND,I,EUW1_5535366113
DIAMOND,I,EUW1_5533440819
DIAMOND,I,EUW1_5533296361
DIAMOND,I,EUW1_5531857481
DIAMOND,I,EUW1_5504465676
DIAMOND,I,EUW1_5501950130
DIAMOND,I,EUW1_5501933066
DIAMOND,I,EUW1_5500253945
DIAMOND,I,EUW1_5500128304
DIAMOND,I,EUW1_5498763840
DIAMOND,I,EUW1_5498706809
DIAMOND,I,EUW1_5498456839
DIAMOND,I,EUW1_5497337900
DIAMOND,I,EUW1_5497315170
DIAMOND,I,EUW1_5497260623
DIAMOND,I,EUW1_5495769893
DIAMOND,I,EUW1_5494520927
DIAMOND,I,EUW1_5491316966
DIAMOND,I,EUW1_5485301930
DIAMOND,I,EUW1_5482285534
DIAMOND,I,EUW1_5482246157
DIAMOND,I,EUW1_5479148967
DIAMOND,I,EUW1_5478811556
DIAMOND,I,EUW1_5478734455
DIAMOND,I,EUW1_5477680682
DIAMOND,I,EUW1_5477584312
DIAMOND,I,EUW1_5476827052
DIAMOND,I,EUW1_5475788368
DIAMOND,I,EUW1_5474064670
DIAMOND,I,EUW1_5468472760
DIAMOND,I,EUW1_5466788929
DIAMOND,I,EUW1_5464983583
DIAMOND,I,EUW1_5464886007
DIAMOND,I,EUW1_5462372372
DIAMOND,I,EUW1_5461340841
DIAMOND,I,EUW1_5456671659
DIAMOND,I,EUW1_5437117886
DIAMOND,I,EUW1_5435445663
DIAMOND,I,EUW1_5435430827
DIAMOND,I,EUW1_5426086038
DIAMOND,I,EUW1_5424806567
DIAMOND,I,EUW1_5423415409
DIAMOND,I,EUW1_5421611780
DIAMOND,I,EUW1_5421459145
DIAMOND,I,EUW1_5420328978
DIAMOND,I,EUW1_5419612210
DIAMOND,I,EUW1_5418935335
DIAMOND,I,EUW1_5418819169
DIAMOND,I,EUW1_5417507263
DIAMOND,I,EUW1_5417204576
DIAMOND,I,EUW1_5546689801
DIAMOND,I,EUW1_5546683589
DIAMOND,I,EUW1_5546590266
DIAMOND,I,EUW1_5543795898
DIAMOND,I,EUW1_5543743664
DIAMOND,I,EUW1_5543635785
DIAMOND,I,EUW1_5543385114
DIAMOND,I,EUW1_5543278787
DIAMOND,I,EUW1_5543272808
DIAMOND,I,EUW1_5542510769
DIAMOND,I,EUW1_5542150026
DIAMOND,I,EUW1_5541938838
DIAMOND,I,EUW1_5541872582
DIAMOND,I,EUW1_5541817146
DIAMOND,I,EUW1_5541716384
DIAMOND,I,EUW1_5541608741
DIAMOND,I,EUW1_5541429169
DIAMOND,I,EUW1_5541433731
DIAMOND,I,EUW1_5541216568
DIAMOND,I,EUW1_5540459827
DIAMOND,I,EUW1_5540398884
DIAMOND,I,EUW1_5540431986
DIAMOND,I,EUW1_5539805760
DIAMOND,I,EUW1_5536977799
DIAMOND,I,EUW1_5535542527
DIAMOND,I,EUW1_5530629068
DIAMOND,I,EUW1_5529443114
DIAMOND,I,EUW1_5529162668
DIAMOND,I,EUW1_5529047965
DIAMOND,I,EUW1_5529052301
DIAMOND,I,EUW1_5528938172
DIAMOND,I,EUW1_5528731840
DIAMOND,I,EUW1_5524675457
DIAMOND,I,EUW1_5522628682
DIAMOND,I,EUW1_5522425645
DIAMOND,I,EUW1_5521790834
DIAMOND,I,EUW1_5520656301
DIAMOND,I,EUW1_5520661645
DIAMOND,I,EUW1_5520528589
DIAMOND,I,EUW1_5520345000
DIAMOND,I,EUW1_5519781234
DIAMOND,I,EUW1_5518895507
DIAMOND,I,EUW1_5518863619
DIAMOND,I,EUW1_5518806702
DIAMOND,I,EUW1_5518199133
DIAMOND,I,EUW1_5517184179
DIAMOND,I,EUW1_5509552612
DIAMOND,I,EUW1_5509363106
DIAMOND,I,EUW1_5490138005
DIAMOND,I,EUW1_5490045456
DIAMOND,I,EUW1_5489967262
DIAMOND,I,EUW1_5489425239
DIAMOND,I,EUW1_5489391693
DIAMOND,I,EUW1_5489175098
DIAMOND,I,EUW1_5489102571
DIAMOND,I,EUW1_5489008269
DIAMOND,I,EUW1_5489043853
DIAMOND,I,EUW1_5488591992
DIAMOND,I,EUW1_5488526852
DIAMOND,I,EUW1_5488512861
DIAMOND,I,EUW1_5488437517
DIAMOND,I,EUW1_5488413180
DIAMOND,I,EUW1_5488307522
DIAMOND,I,EUW1_5488341197
DIAMOND,I,EUW1_5488208515
DIAMOND,I,EUW1_5487933305
DIAMOND,I,EUW1_5487688882
DIAMOND,I,EUW1_5487722907
DIAMOND,I,EUW1_5487588331
DIAMOND,I,EUW1_5487612816
DIAMOND,I,EUW1_5487302065
DIAMOND,I,EUW1_5487266204
DIAMOND,I,EUW1_5487232618
DIAMOND,I,EUW1_5487110102
DIAMOND,I,EUW1_5487155518
DIAMOND,I,EUW1_5486183696
DIAMOND,I,EUW1_5486058252
DIAMOND,I,EUW1_5486101352
DIAMOND,I,EUW1_5485603920
DIAMOND,I,EUW1_5485601257
DIAMOND,I,EUW1_5485488573
DIAMOND,I,EUW1_5485473134
DIAMOND,I,EUW1_5485395018
DIAMOND,I,EUW1_5485220556
DIAMOND,I,EUW1_5485193519
DIAMOND,I,EUW1_5485048144
DIAMOND,I,EUW1_5485073789
DIAMOND,I,EUW1_5484976349
DIAMOND,I,EUW1_5484932946
DIAMOND,I,EUW1_5484162833
DIAMOND,I,EUW1_5484045899
DIAMOND,I,EUW1_5483959946
DIAMOND,I,EUW1_5483972176
DIAMOND,I,EUW1_5483827557
DIAMOND,I,EUW1_5483486495
DIAMOND,I,EUW1_5483274975
DIAMOND,I,EUW1_5483136014
DIAMOND,I,EUW1_5499975161
DIAMOND,I,EUW1_5499117553
DIAMOND,I,EUW1_5498936850
DIAMOND,I,EUW1_5498940833
DIAMOND,I,EUW1_5498847204
DIAMOND,I,EUW1_5498690024
DIAMOND,I,EUW1_5498635692
DIAMOND,I,EUW1_5495959788
DIAMOND,I,EUW1_5495874659
DIAMOND,I,EUW1_5495777366
DIAMOND,I,EUW1_5495531072
DIAMOND,I,EUW1_5495415213
DIAMOND,I,EUW1_5494242990
DIAMOND,I,EUW1_5494128689
DIAMOND,I,EUW1_5494104398
DIAMOND,I,EUW1_5493431583
DIAMOND,I,EUW1_5493397288
DIAMOND,I,EUW1_5493336603
DIAMOND,I,EUW1_5493371951
DIAMOND,I,EUW1_5493222988
DIAMOND,I,EUW1_5493126195
DIAMOND,I,EUW1_5491672827
DIAMOND,I,EUW1_5491249827
DIAMOND,I,EUW1_5490219901
DIAMOND,I,EUW1_5490212584
DIAMOND,I,EUW1_5520451819
DIAMOND,I,EUW1_5520337202
DIAMOND,I,EUW1_5520009070
DIAMOND,I,EUW1_5519952523
DIAMOND,I,EUW1_5506500416
DIAMOND,I,EUW1_5506497584
DIAMOND,I,EUW1_5487752085
DIAMOND,I,EUW1_5487609007
DIAMOND,I,EUW1_5487664841
DIAMOND,I,EUW1_5487592042
DIAMOND,I,EUW1_5485980222
DIAMOND,I,EUW1_5485968145
DIAMOND,I,EUW1_5485985956
DIAMOND,I,EUW1_5486012166
DIAMOND,I,EUW1_5485921263
DIAMOND,I,EUW1_5485876268
DIAMOND,I,EUW1_5485904458
DIAMOND,I,EUW1_5485891512
DIAMOND,I,EUW1_5485780028
DIAMOND,I,EUW1_5485768624
DIAMOND,I,EUW1_5485589145
DIAMOND,I,EUW1_5485587457
DIAMOND,I,EUW1_5485574412
DIAMOND,I,EUW1_5485611061
DIAMOND,I,EUW1_5485486963
DIAMOND,I,EUW1_5485421287
DIAMOND,I,EUW1_5485364426
DIAMOND,I,EUW1_5485330826
DIAMOND,I,EUW1_5485244198
DIAMOND,I,EUW1_5485217423
DIAMOND,I,EUW1_5484941628
DIAMOND,I,EUW1_5484836550
DIAMOND,I,EUW1_5484822685
DIAMOND,I,EUW1_5484798249
DIAMOND,I,EUW1_5484794673
DIAMOND,I,EUW1_5484710186
DIAMOND,I,EUW1_5484718058
DIAMOND,I,EUW1_5484704078
DIAMOND,I,EUW1_5484623244
DIAMOND,I,EUW1_5484279486
DIAMOND,I,EUW1_5484245466
DIAMOND,I,EUW1_5484218190
DIAMOND,I,EUW1_5484134477
DIAMOND,I,EUW1_5484025444
DIAMOND,I,EUW1_5483949979
DIAMOND,I,EUW1_5483974621
DIAMOND,I,EUW1_5483849826
DIAMOND,I,EUW1_5483894620
DIAMOND,I,EUW1_5483443720
DIAMOND,I,EUW1_5483289094
DIAMOND,I,EUW1_5546689019
DIAMOND,I,EUW1_5546676336
DIAMOND,I,EUW1_5546588698
DIAMOND,I,EUW1_5546633779
DIAMOND,I,EUW1_5546557995
DIAMOND,I,EUW1_5546496774
DIAMOND,I,EUW1_5544906400
DIAMOND,I,EUW1_5544901903
DIAMOND,I,EUW1_5544779570
DIAMOND,I,EUW1_5544736202
DIAMOND,I,EUW1_5544712120
DIAMOND,I,EUW1_5543265720
DIAMOND,I,EUW1_5543120136
DIAMOND,I,EUW1_5543184565
DIAMOND,I,EUW1_5543121110
DIAMOND,I,EUW1_5543057352
DIAMOND,I,EUW1_5543033382
DIAMOND,I,EUW1_5540691108
DIAMOND,I,EUW1_5540604606
DIAMOND,I,EUW1_5540525413
DIAMOND,I,EUW1_5540378283
DIAMOND,I,EUW1_5540351771
DIAMOND,I,EUW1_5540330684
DIAMOND,I,EUW1_5540196369
DIAMOND,I,EUW1_5540191737
DIAMOND,I,EUW1_5539975990
DIAMOND,I,EUW1_5539902813
DIAMOND,I,EUW1_5539767084
DIAMOND,I,EUW1_5539822030
DIAMOND,I,EUW1_5539728767
DIAMOND,I,EUW1_5538651134
DIAMOND,I,EUW1_5536501832
DIAMOND,I,EUW1_5536447948
DIAMOND,I,EUW1_5536385055
DIAMOND,I,EUW1_5536401913
DIAMOND,I,EUW1_5535316892
DIAMOND,I,EUW1_5535312968
DIAMOND,I,EUW1_5534727603
DIAMOND,I,EUW1_5534754626
DIAMOND,I,EUW1_5533286152
DIAMOND,I,EUW1_5533257301
DIAMOND,I,EUW1_5533213944
DIAMOND,I,EUW1_5529980910
DIAMOND,I,EUW1_5529838137
DIAMOND,I,EUW1_5529583224
DIAMOND,I,EUW1_5529551511
DIAMOND,I,EUW1_5527343671
DIAMOND,I,EUW1_5525387429
DIAMOND,I,EUW1_5525432954
DIAMOND,I,EUW1_5525378266
DIAMOND,I,EUW1_5542846296
DIAMOND,I,EUW1_5542835458
DIAMOND,I,EUW1_5542814772
DIAMOND,I,EUW1_5542872962
DIAMOND,I,EUW1_5542803412
DIAMOND,I,EUW1_5542811697
DIAMOND,I,EUW1_5539425013
DIAMOND,I,EUW1_5539423376
DIAMOND,I,EUW1_5539491717
DIAMOND,I,EUW1_5539430861
DIAMOND,I,EUW1_5539239517
DIAMOND,I,EUW1_5535871276
DIAMOND,I,EUW1_5535821439
DIAMOND,I,EUW1_5535817209
DIAMOND,I,EUW1_5532801365
DIAMOND,I,EUW1_5532416486
DIAMOND,I,EUW1_5532374313
DIAMOND,I,EUW1_5531391773
DIAMOND,I,EUW1_5531360578
DIAMOND,I,EUW1_5531216729
DIAMOND,I,EUW1_5531262821
DIAMOND,I,EUW1_5531099714
DIAMOND,I,EUW1_5530789317
DIAMOND,I,EUW1_5529648300
DIAMOND,I,EUW1_5529628722
DIAMOND,I,EUW1_5529656560
DIAMOND,I,EUW1_5529616616
DIAMOND,I,EUW1_5529624137
DIAMOND,I,EUW1_5529603316
DIAMOND,I,EUW1_5529589863
DIAMOND,I,EUW1_5529517142
DIAMOND,I,EUW1_5529551505
DIAMOND,I,EUW1_5529409897
DIAMOND,I,EUW1_5529475317
DIAMOND,I,EUW1_5529461216
DIAMOND,I,EUW1_5529325697
DIAMOND,I,EUW1_5529289563
DIAMOND,I,EUW1_5529236103
DIAMOND,I,EUW1_5521425611
DIAMOND,I,EUW1_5521338101
DIAMOND,I,EUW1_5521289724
DIAMOND,I,EUW1_5521312264
DIAMOND,I,EUW1_5521150327
DIAMOND,I,EUW1_5521165089
DIAMOND,I,EUW1_5521182246
DIAMOND,I,EUW1_5521114861
DIAMOND,I,EUW1_5521110657
DIAMOND,I,EUW1_5520975338
DIAMOND,I,EUW1_5520918695
DIAMOND,I,EUW1_5547025183
DIAMOND,I,EUW1_5537930228
DIAMOND,I,EUW1_5535804277
DIAMOND,I,EUW1_5535781995
DIAMOND,I,EUW1_5535708000
DIAMOND,I,EUW1_5535691374
DIAMOND,I,EUW1_5535606776
DIAMOND,I,EUW1_5535377881
DIAMOND,I,EUW1_5535289188
DIAMOND,I,EUW1_5534502948
DIAMOND,I,EUW1_5534389177
DIAMOND,I,EUW1_5534384801
DIAMOND,I,EUW1_5534037091
DIAMOND,I,EUW1_5533194570
DIAMOND,I,EUW1_5533148518
DIAMOND,I,EUW1_5532189992
DIAMOND,I,EUW1_5531953536
DIAMOND,I,EUW1_5531571205
DIAMOND,I,EUW1_5530697484
DIAMOND,I,EUW1_5529184003
DIAMOND,I,EUW1_5528818468
DIAMOND,I,EUW1_5527672795
DIAMOND,I,EUW1_5527556904
DIAMOND,I,EUW1_5526455400
DIAMOND,I,EUW1_5526450902
DIAMOND,I,EUW1_5526404350
DIAMOND,I,EUW1_5526258389
DIAMOND,I,EUW1_5525318673
DIAMOND,I,EUW1_5525344374
DIAMOND,I,EUW1_5525360941
DIAMOND,I,EUW1_5524938653
DIAMOND,I,EUW1_5524906104
DIAMOND,I,EUW1_5524921752
DIAMOND,I,EUW1_5524875848
DIAMOND,I,EUW1_5524027508
DIAMOND,I,EUW1_5523690076
DIAMOND,I,EUW1_5523776822
DIAMOND,I,EUW1_5523734227
DIAMOND,I,EUW1_5523701590
DIAMOND,I,EUW1_5523656128
DIAMOND,I,EUW1_5523591772
DIAMOND,I,EUW1_5522338907
DIAMOND,I,EUW1_5522109726
DIAMOND,I,EUW1_5521936088
DIAMOND,I,EUW1_5521921204
DIAMOND,I,EUW1_5521377016
DIAMOND,I,EUW1_5521177799
DIAMOND,I,EUW1_5521155571
DIAMOND,I,EUW1_5521119244
DIAMOND,I,EUW1_5520990026
DIAMOND,I,EUW1_5513680055
DIAMOND,I,EUW1_5513626094
DIAMOND,I,EUW1_5511756942
DIAMOND,I,EUW1_5509856034
DIAMOND,I,EUW1_5509110342
DIAMOND,I,EUW1_5496437713
DIAMOND,I,EUW1_5495807750
DIAMOND,I,EUW1_5495810876
DIAMOND,I,EUW1_5495697314
DIAMOND,I,EUW1_5495701802
DIAMOND,I,EUW1_5495302638
DIAMOND,I,EUW1_5495178709
DIAMOND,I,EUW1_5495176343
DIAMOND,I,EUW1_5495223322
DIAMOND,I,EUW1_5486633944
DIAMOND,I,EUW1_5486449718
DIAMOND,I,EUW1_5479295251
DIAMOND,I,EUW1_5475258613
DIAMOND,I,EUW1_5456547992
DIAMOND,I,EUW1_5456474421
DIAMOND,I,EUW1_5455964328
DIAMOND,I,EUW1_5455990869
DIAMOND,I,EUW1_5450958023
DIAMOND,I,EUW1_5450873793
DIAMOND,I,EUW1_5424600314
DIAMOND,I,EUW1_5423384355
DIAMOND,I,EUW1_5423316158
DIAMOND,I,EUW1_5423330979
DIAMOND,I,EUW1_5394785930
DIAMOND,I,EUW1_5394741896
DIAMOND,I,EUW1_5394656334
DIAMOND,I,EUW1_5393761182
DIAMOND,I,EUW1_5392641689
DIAMOND,I,EUW1_5388782656
DIAMOND,I,EUW1_5388730476
DIAMOND,I,EUW1_5387560349
DIAMOND,I,EUW1_5387532269
DIAMOND,I,EUW1_5387273805
DIAMOND,I,EUW1_5385913609
DIAMOND,I,EUW1_5385798176
DIAMOND,I,EUW1_5385743549
DIAMOND,I,EUW1_5385665887
DIAMOND,I,EUW1_5385711066
DIAMOND,I,EUW1_5384175617
DIAMOND,I,EUW1_5383133729
DIAMOND,I,EUW1_5383005097
DIAMOND,I,EUW1_5382934870
DIAMOND,I,EUW1_5382910472
DIAMOND,I,EUW1_5382826259
DIAMOND,I,EUW1_5382719204
DIAMOND,I,EUW1_5548945635
DIAMOND,I,EUW1_5544155055
DIAMOND,I,EUW1_5540696307
DIAMOND,I,EUW1_5540641350
DIAMOND,I,EUW1_5540604034
DIAMOND,I,EUW1_5540503901
DIAMOND,I,EUW1_5540420421
DIAMOND,I,EUW1_5540362953
DIAMOND,I,EUW1_5540269007
DIAMOND,I,EUW1_5532648489
DIAMOND,I,EUW1_5532585664
DIAMOND,I,EUW1_5532479774
DIAMOND,I,EUW1_5532523753
DIAMOND,I,EUW1_5524572542
DIAMOND,I,EUW1_5524438654
DIAMOND,I,EUW1_5524473924
DIAMOND,I,EUW1_5524319017
DIAMOND,I,EUW1_5524353836
DIAMOND,I,EUW1_5524258176
DIAMOND,I,EUW1_5524194954
DIAMOND,I,EUW1_5513501938
DIAMOND,I,EUW1_5513349009
DIAMOND,I,EUW1_5513392968
DIAMOND,I,EUW1_5513363197
DIAMOND,I,EUW1_5513297329
DIAMOND,I,EUW1_5513224428
DIAMOND,I,EUW1_5507967320
DIAMOND,I,EUW1_5507966342
DIAMOND,I,EUW1_5507963976
DIAMOND,I,EUW1_5499247111
DIAMOND,I,EUW1_5499244473
DIAMOND,I,EUW1_5499291353
DIAMOND,I,EUW1_5499124328
DIAMOND,I,EUW1_5499070462
DIAMOND,I,EUW1_5498955989
DIAMOND,I,EUW1_5498840425
DIAMOND,I,EUW1_5498512730
DIAMOND,I,EUW1_5498417591
DIAMOND,I,EUW1_5498371990
DIAMOND,I,EUW1_5498228817
DIAMOND,I,EUW1_5498225542
DIAMOND,I,EUW1_5497089186
DIAMOND,I,EUW1_5497114746
DIAMOND,I,EUW1_5497090574
DIAMOND,I,EUW1_5496198639
DIAMOND,I,EUW1_5496217469
DIAMOND,I,EUW1_5496166478
DIAMOND,I,EUW1_5496205095
DIAMOND,I,EUW1_5496180591
DIAMOND,I,EUW1_5526851893
DIAMOND,I,EUW1_5526252402
DIAMOND,I,EUW1_5526119785
DIAMOND,I,EUW1_5525319026
DIAMOND,I,EUW1_5525343059
DIAMOND,I,EUW1_5522535059
DIAMOND,I,EUW1_5521656035
DIAMOND,I,EUW1_5521547278
DIAMOND,I,EUW1_5521316441
DIAMOND,I,EUW1_5521242703
DIAMOND,I,EUW1_5521182784
DIAMOND,I,EUW1_5521029667
DIAMOND,I,EUW1_5519904532
DIAMOND,I,EUW1_5519767530
DIAMOND,I,EUW1_5519729813
DIAMOND,I,EUW1_5519752906
DIAMOND,I,EUW1_5519427818
DIAMOND,I,EUW1_5506171969
DIAMOND,I,EUW1_5505892080
DIAMOND,I,EUW1_5505758388
DIAMOND,I,EUW1_5504288100
DIAMOND,I,EUW1_5504069450
DIAMOND,I,EUW1_5504105382
DIAMOND,I,EUW1_5486049140
DIAMOND,I,EUW1_5469059560
DIAMOND,I,EUW1_5467466645
DIAMOND,I,EUW1_5464688530
DIAMOND,I,EUW1_5464620213
DIAMOND,I,EUW1_5464587873
DIAMOND,I,EUW1_5464082853
DIAMOND,I,EUW1_5463963274
DIAMOND,I,EUW1_5463666360
DIAMOND,I,EUW1_5463681792
DIAMOND,I,EUW1_5462068488
DIAMOND,I,EUW1_5462063668
DIAMOND,I,EUW1_5461844103
DIAMOND,I,EUW1_5461561160
DIAMOND,I,EUW1_5461465673
DIAMOND,I,EUW1_5461288512
DIAMOND,I,EUW1_5461322562
DIAMOND,I,EUW1_5461218472
DIAMOND,I,EUW1_5461193587
DIAMOND,I,EUW1_5461157200
DIAMOND,I,EUW1_5460991334
DIAMOND,I,EUW1_5460935679
DIAMOND,I,EUW1_5460941966
DIAMOND,I,EUW1_5460646749
DIAMOND,I,EUW1_5460702813
DIAMOND,I,EUW1_5460486861
DIAMOND,I,EUW1_5545766487
DIAMOND,I,EUW1_5545755377
DIAMOND,I,EUW1_5545656784
DIAMOND,I,EUW1_5545516494
DIAMOND,I,EUW1_5472317807
DIAMOND,I,EUW1_5472354876
DIAMOND,I,EUW1_5469692174
DIAMOND,I,EUW1_5469494179
DIAMOND,I,EUW1_5469399390
DIAMOND,I,EUW1_5469425284
DIAMOND,I,EUW1_5469348449
DIAMOND,I,EUW1_5469305340
DIAMOND,I,EUW1_5464763146
DIAMOND,I,EUW1_5464689232
DIAMOND,I,EUW1_5464705073
DIAMOND,I,EUW1_5464672272
DIAMOND,I,EUW1_5464619691
DIAMOND,I,EUW1_5463592412
DIAMOND,I,EUW1_5463468712
DIAMOND,I,EUW1_5463426808
DIAMOND,I,EUW1_5461433074
DIAMOND,I,EUW1_5461347706
DIAMOND,I,EUW1_5461361293
DIAMOND,I,EUW1_5461246590
DIAMOND,I,EUW1_5461149139
DIAMOND,I,EUW1_5547697789
DIAMOND,I,EUW1_5547803651
DIAMOND,I,EUW1_5547801497
DIAMOND,I,EUW1_5547529672
DIAMOND,I,EUW1_5547536556
DIAMOND,I,EUW1_5547542283
DIAMOND,I,EUW1_5547378774
DIAMOND,I,EUW1_5547298968
DIAMOND,I,EUW1_5547311792
DIAMOND,I,EUW1_5544454082
DIAMOND,I,EUW1_5544413096
DIAMOND,I,EUW1_5544421476
DIAMOND,I,EUW1_5544400885
DIAMOND,I,EUW1_5544394464
DIAMOND,I,EUW1_5544331534
DIAMOND,I,EUW1_5544237858
DIAMOND,I,EUW1_5544189876
DIAMOND,I,EUW1_5544174199
DIAMOND,I,EUW1_5539797557
DIAMOND,I,EUW1_5539793474
DIAMOND,I,EUW1_5539669482
DIAMOND,I,EUW1_5538682020
DIAMOND,I,EUW1_5538585631
DIAMOND,I,EUW1_5538577009
DIAMOND,I,EUW1_5538512423
DIAMOND,I,EUW1_5538456872
DIAMOND,I,EUW1_5538229188
DIAMOND,I,EUW1_5538195399
DIAMOND,I,EUW1_5519005345
DIAMOND,I,EUW1_5519043944
DIAMOND,I,EUW1_5518983197
DIAMOND,I,EUW1_5518630500
DIAMOND,I,EUW1_5518474691
DIAMOND,I,EUW1_5517691365
DIAMOND,I,EUW1_5517579969
DIAMOND,I,EUW1_5517547196
DIAMOND,I,EUW1_5517554022
DIAMOND,I,EUW1_5517561925
DIAMOND,I,EUW1_5517177193
DIAMOND,I,EUW1_5517203562
DIAMOND,I,EUW1_5516161246
DIAMOND,I,EUW1_5516039862
DIAMOND,I,EUW1_5516038941
DIAMOND,I,EUW1_5516067497
DIAMOND,I,EUW1_5516056389
DIAMOND,I,EUW1_5516065595
DIAMOND,I,EUW1_5516084651
DIAMOND,I,EUW1_5516083977
DIAMOND,I,EUW1_5516043250
DIAMOND,I,EUW1_5516071993
