GOLD,III,EUW1_5547331320
GOLD,III,EUW1_5541379976
GOLD,III,EUW1_5541435496
GOLD,III,EUW1_5540997963
GOLD,III,EUW1_5540946888
GOLD,III,EUW1_5538901273
GOLD,III,EUW1_5538876718
GOLD,III,EUW1_5538860888
GOLD,III,EUW1_5538715643
GOLD,III,EUW1_5537765161
GOLD,III,EUW1_5537713731
GOLD,III,EUW1_5537683143
GOLD,III,EUW1_5536451918
GOLD,III,EUW1_5536038967
GOLD,III,EUW1_5535923764
GOLD,III,EUW1_5535982678
GOLD,III,EUW1_5535942068
GOLD,III,EUW1_5535961282
GOLD,III,EUW1_5517582800
GOLD,III,EUW1_5515987081
GOLD,III,EUW1_5515944730
GOLD,III,EUW1_5515972754
GOLD,III,EUW1_5515900005
GOLD,III,EUW1_5514234567
GOLD,III,EUW1_5512703667
GOLD,III,EUW1_5512701325
GOLD,III,EUW1_5512670509
GOLD,III,EUW1_5503697743
GOLD,III,EUW1_5503654031
GOLD,III,EUW1_5502826941
GOLD,III,EUW1_5500389967
GOLD,III,EUW1_5498054193
GOLD,III,EUW1_5498032353
GOLD,III,EUW1_5473548424
GOLD,III,EUW1_5473544803
GOLD,III,EUW1_5472902271
GOLD,III,EUW1_5472804239
GOLD,III,EUW1_5472523052
GOLD,III,EUW1_5472389485
GOLD,III,EUW1_5471404875
GOLD,III,EUW1_5471346478
GOLD,III,EUW1_5471310801
GOLD,III,EUW1_5469298450
GOLD,III,EUW1_5457246087
GOLD,III,EUW1_5457205545
GOLD,III,EUW1_5456709853
GOLD,III,EUW1_5456673345
GOLD,III,EUW1_5456608448
GOLD,III,EUW1_5348768572
GOLD,III,EUW1_5199625339
GOLD,III,EUW1_5490075154
GOLD,III,EUW1_5489985947
GOLD,III,EUW1_5489835759
GOLD,III,EUW1_5468443836
GOLD,III,EUW1_5468177074
GOLD,III,EUW1_5467940368
GOLD,III,EUW1_5391449564
GOLD,III,EUW1_5391356649
GOLD,III,EUW1_5390653220
GOLD,III,EUW1_5390637835
GOLD,III,EUW1_5378089331
GOLD,III,EUW1_5378133428
GOLD,III,EUW1_5377979222
GOLD,III,EUW1_5377994058
GOLD,III,EUW1_5377948597
GOLD,III,EUW1_5377864180
GOLD,III,EUW1_5362584259
GOLD,III,EUW1_5362537096
GOLD,III,EUW1_5362439759
GOLD,III,EUW1_5343887718
GOLD,III,EUW1_5343932229
GOLD,III,EUW1_5341899365
GOLD,III,EUW1_5341870627
GOLD,III,EUW1_5341774678
GOLD,III,EUW1_5341665604
GOLD,III,EUW1_5340490751
GOLD,III,EUW1_5340364566
GOLD,III,EUW1_5340296887
GOLD,III,EUW1_5295196392
GOLD,III,EUW1_5295049331
GOLD,III,EUW1_5295111642
GOLD,III,EUW1_5257161803
GOLD,III,EUW1_5257065474
GOLD,III,EUW1_5256888328
GOLD,III,EUW1_5219025868
GOLD,III,EUW1_5218976214
GOLD,III,EUW1_5218868417
GOLD,III,EUW1_5216959183
GOLD,III,EUW1_5216882372
GOLD,III,EUW1_5216833296
GOLD,III,EUW1_5201748232
GOLD,III,EUW1_5201719235
GOLD,III,EUW1_5165117778
GOLD,III,EUW1_5164979938
GOLD,III,EUW1_5164633582
GOLD,III,EUW1_5164532848
GOLD,III,EUW1_5162145383
GOLD,III,EUW1_5162066235
GOLD,III,EUW1_5161421019
GOLD,III,EUW1_5161376578
GOLD,III,EUW1_5354593731
GOLD,III,EUW1_5354592760
GOLD,III,EUW1_5354631489
GOLD,III,EUW1_5352987871
GOLD,III,EUW1_5337985815
GOLD,III,EUW1_5337953407
GOLD,III,EUW1_5337582702
GOLD,III,EUW1_5337522597
GOLD,III,EUW1_5336523719
GOLD,III,EUW1_5336551222
GOLD,III,EUW1_5336211930
GOLD,III,EUW1_5336097103
GOLD,III,EUW1_5336093516
GOLD,III,EUW1_5335770161
GOLD,III,EUW1_5335754234
GOLD,III,EUW1_5335599653
GOLD,III,EUW1_5335612785
GOLD,III,EUW1_5334590030
GOLD,III,EUW1_5331270281
GOLD,III,EUW1_5331239155
GOLD,III,EUW1_5331287187
GOLD,III,EUW1_5331247107
GOLD,III,EUW1_5331226124
GOLD,III,EUW1_5330467089
GOLD,III,EUW1_5329930733
GOLD,III,EUW1_5329858830
GOLD,III,EUW1_5328210087
GOLD,III,EUW1_5328158717
GOLD,III,EUW1_5328216112
GOLD,III,EUW1_5328214754
GOLD,III,EUW1_5328213538
GOLD,III,EUW1_5328048966
GOLD,III,EUW1_5328077511
GOLD,III,EUW1_5328125010
GOLD,III,EUW1_5328092889
GOLD,III,EUW1_5328000028
GOLD,III,EUW1_5327985683
GOLD,III,EUW1_5327950803
GOLD,III,EUW1_5326851719
GOLD,III,EUW1_5326851123
GOLD,III,EUW1_5326819356
GOLD,III,EUW1_5326769347
GOLD,III,EUW1_5326758835
GOLD,III,EUW1_5326781318
GOLD,III,EUW1_5326718832
GOLD,III,EUW1_5326656972
GOLD,III,EUW1_5326661147
GOLD,III,EUW1_5326446534
GOLD,III,EUW1_5326431476
GOLD,III,EUW1_5325137587
GOLD,III,EUW1_5481501649
GOLD,III,EUW1_5481429658
GOLD,III,EUW1_5481368902
GOLD,III,EUW1_5479428841
GOLD,III,EUW1_5470254055
GOLD,III,EUW1_5469114630
GOLD,III,EUW1_5469083221
GOLD,III,EUW1_5469000053
GOLD,III,EUW1_5467637004
GOLD,III,EUW1_5467640566
GOLD,III,EUW1_5448626941
GOLD,III,EUW1_5448672602
GOLD,III,EUW1_5447030056
GOLD,III,EUW1_5443912544
GOLD,III,EUW1_5436816890
GOLD,III,EUW1_5434723289
GOLD,III,EUW1_5433338922
GOLD,III,EUW1_5433276965
GOLD,III,EUW1_5432761942
GOLD,III,EUW1_5431999918
GOLD,III,EUW1_5431719333
GOLD,III,EUW1_5429967038
GOLD,III,EUW1_5429984817
GOLD,III,EUW1_5428843611
GOLD,III,EUW1_5426899966
GOLD,III,EUW1_5426463435
GOLD,III,EUW1_5425292205
GOLD,III,EUW1_5425160360
GOLD,III,EUW1_5424720967
GOLD,III,EUW1_5424654987
GOLD,III,EUW1_5423456407
GOLD,III,EUW1_5423328981
GOLD,III,EUW1_5421039831
GOLD,III,EUW1_5421035840
GOLD,III,EUW1_5421051759
GOLD,III,EUW1_5420939659
GOLD,III,EUW1_5418776351
GOLD,III,EUW1_5417120998
GOLD,III,EUW1_5416925801
GOLD,III,EUW1_5413945633
GOLD,III,EUW1_5412372210
GOLD,III,EUW1_5412317480
GOLD,III,EUW1_5411378159
GOLD,III,EUW1_5411383069
GOLD,III,EUW1_5410038565
GOLD,III,EUW1_5410034220
GOLD,III,EUW1_5409878334
GOLD,III,EUW1_5409823823
GOLD,III,EUW1_5408938083
GOLD,III,EUW1_5408876351
GOLD,III,EUW1_5548568125
GOLD,III,EUW1_5548449562
GOLD,III,EUW1_5548510936
GOLD,III,EUW1_5548129224
GOLD,III,EUW1_5547154529
GOLD,III,EUW1_5546765586
GOLD,III,EUW1_5546634400
GOLD,III,EUW1_5546103581
GOLD,III,EUW1_5545977312
GOLD,III,EUW1_5545541784
GOLD,III,EUW1_5545150399
GOLD,III,EUW1_5544969128
GOLD,III,EUW1_5544663119
GOLD,III,EUW1_5543985021
GOLD,III,EUW1_5543553443
GOLD,III,EUW1_5543189597
GOLD,III,EUW1_5543165797
GOLD,III,EUW1_5542910001
GOLD,III,EUW1_5542945604
GOLD,III,EUW1_5542971717
GOLD,III,EUW1_5542920648
GOLD,III,EUW1_5542600384
GOLD,III,EUW1_5536451937
GOLD,III,EUW1_5535800716
GOLD,III,EUW1_5535062711
GOLD,III,EUW1_5529358028
GOLD,III,EUW1_5528709352
GOLD,III,EUW1_5528711926
GOLD,III,EUW1_5527717578
GOLD,III,EUW1_5527583370
GOLD,III,EUW1_5527280299
GOLD,III,EUW1_5527128056
GOLD,III,EUW1_5526856796
GOLD,III,EUW1_5526552546
GOLD,III,EUW1_5526299517
GOLD,III,EUW1_5526330819
GOLD,III,EUW1_5526224558
GOLD,III,EUW1_5525754086
GOLD,III,EUW1_5525569820
GOLD,III,EUW1_5525395059
GOLD,III,EUW1_5524918788
GOLD,III,EUW1_5524689027
GOLD,III,EUW1_5524751046
GOLD,III,EUW1_5524655258
GOLD,III,EUW1_5524548385
GOLD,III,EUW1_5524429601
GOLD,III,EUW1_5524048300
GOLD,III,EUW1_5524026150
GOLD,III,EUW1_5523959239
GOLD,III,EUW1_5523732013
GOLD,III,EUW1_5452142651
GOLD,III,EUW1_5452028234
GOLD,III,EUW1_5451992752
GOLD,III,EUW1_5321454248
GOLD,III,EUW1_5258820289
GOLD,III,EUW1_5254444732
GOLD,III,EUW1_5254420814
GOLD,III,EUW1_5252203672
GOLD,III,EUW1_5252190601
GOLD,III,EUW1_5251611646
GOLD,III,EUW1_5250913228
GOLD,III,EUW1_5250842464
GOLD,III,EUW1_5241680374
GOLD,III,EUW1_5241681766
GOLD,III,EUW1_5237198027
GOLD,III,EUW1_5237130395
GOLD,III,EUW1_5231243933
GOLD,III,EUW1_5089600993
GOLD,III,EUW1_5089349865
GOLD,III,EUW1_5089322221
GOLD,III,EUW1_5089253376
GOLD,III,EUW1_5063641978
GOLD,III,EUW1_5063573860
GOLD,III,EUW1_5062367791
GOLD,III,EUW1_5060976060
GOLD,III,EUW1_5060423160
GOLD,III,EUW1_5060242576
GOLD,III,EUW1_5033044677
GOLD,III,EUW1_4975135647
GOLD,III,EUW1_5548857252
GOLD,III,EUW1_5548658633
GOLD,III,EUW1_5547137584
GOLD,III,EUW1_5547039818
GOLD,III,EUW1_5546899242
GOLD,III,EUW1_5546859972
GOLD,III,EUW1_5545270126
GOLD,III,EUW1_5543520471
GOLD,III,EUW1_5540465562
GOLD,III,EUW1_5540243758
GOLD,III,EUW1_5540187054
GOLD,III,EUW1_5538319230
GOLD,III,EUW1_5538230108
GOLD,III,EUW1_5538195328
GOLD,III,EUW1_5537116921
GOLD,III,EUW1_5537085075
GOLD,III,EUW1_5536995686
GOLD,III,EUW1_5536958609
GOLD,III,EUW1_5536796541
GOLD,III,EUW1_5535218809
GOLD,III,EUW1_5535184723
GOLD,III,EUW1_5535018593
GOLD,III,EUW1_5523645326
GOLD,III,EUW1_5523582391
GOLD,III,EUW1_5519537772
GOLD,III,EUW1_5519511513
GOLD,III,EUW1_5516750141
GOLD,III,EUW1_5516703420
GOLD,III,EUW1_5515573519
GOLD,III,EUW1_5515250422
GOLD,III,EUW1_5513578973
GOLD,III,EUW1_5512516607
GOLD,III,EUW1_5510017852
GOLD,III,EUW1_5509993744
GOLD,III,EUW1_5509167677
GOLD,III,EUW1_5504502582
GOLD,III,EUW1_5492504300
GOLD,III,EUW1_5489732756
GOLD,III,EUW1_5489527214
GOLD,III,EUW1_5488885716
GOLD,III,EUW1_5484784379
GOLD,III,EUW1_5484722364
GOLD,III,EUW1_5484697945
GOLD,III,EUW1_5479363012
GOLD,III,EUW1_5473334450
GOLD,III,EUW1_5473282157
GOLD,III,EUW1_5472956615
GOLD,III,EUW1_5472844378
GOLD,III,EUW1_5472710123
GOLD,III,EUW1_5472725032
GOLD,III,EUW1_5456013898
GOLD,III,EUW1_5455920266
GOLD,III,EUW1_5380267992
GOLD,III,EUW1_5376599210
GOLD,III,EUW1_5376612868
GOLD,III,EUW1_5376452362
GOLD,III,EUW1_5364324930
GOLD,III,EUW1_5364310625
GOLD,III,EUW1_5352009357
GOLD,III,EUW1_5350026555
GOLD,III,EUW1_5349973972
GOLD,III,EUW1_5349850196
GOLD,III,EUW1_5349268737
GOLD,III,EUW1_5349322812
GOLD,III,EUW1_5349169514
GOLD,III,EUW1_5349216368
GOLD,III,EUW1_5349192961
GOLD,III,EUW1_5330322274
GOLD,III,EUW1_5330206786
GOLD,III,EUW1_5330109424
GOLD,III,EUW1_5330124549
GOLD,III,EUW1_5330020078
GOLD,III,EUW1_5327345436
GOLD,III,EUW1_5327327678
GOLD,III,EUW1_5323036483
GOLD,III,EUW1_5323021148
GOLD,III,EUW1_5322901312
GOLD,III,EUW1_5322749224
GOLD,III,EUW1_5320186274
GOLD,III,EUW1_5320138988
GOLD,III,EUW1_5320039240
GOLD,III,EUW1_5319995824
GOLD,III,EUW1_5319869679
GOLD,III,EUW1_5318837646
GOLD,III,EUW1_5318863098
GOLD,III,EUW1_5318760442
GOLD,III,EUW1_5318736515
GOLD,III,EUW1_5318649657
GOLD,III,EUW1_5318653644
GOLD,III,EUW1_5316914193
GOLD,III,EUW1_5316790288
GOLD,III,EUW1_5316394669
GOLD,III,EUW1_5316401116
GOLD,III,EUW1_5316325442
GOLD,III,EUW1_5316253597
GOLD,III,EUW1_5316169367
GOLD,III,EUW1_5316175765
GOLD,III,EUW1_5316182136
GOLD,III,EUW1_5316039691
GOLD,III,EUW1_5316108070
GOLD,III,EUW1_5548867876
GOLD,III,EUW1_5548282297
GOLD,III,EUW1_5547523874
GOLD,III,EUW1_5547500479
GOLD,III,EUW1_5547411924
GOLD,III,EUW1_5547313551
GOLD,III,EUW1_5547245120
GOLD,III,EUW1_5547090480
GOLD,III,EUW1_5546883187
GOLD,III,EUW1_5546839162
GOLD,III,EUW1_5546747918
GOLD,III,EUW1_5546725054
GOLD,III,EUW1_5546656886
GOLD,III,EUW1_5546235867
GOLD,III,EUW1_5546242446
GOLD,III,EUW1_5546138468
GOLD,III,EUW1_5546083474
GOLD,III,EUW1_5545893788
GOLD,III,EUW1_5545832669
GOLD,III,EUW1_5545561071
GOLD,III,EUW1_5545320318
GOLD,III,EUW1_5545275074
GOLD,III,EUW1_5544710282
GOLD,III,EUW1_5544637795
GOLD,III,EUW1_5544691469
GOLD,III,EUW1_5544372976
GOLD,III,EUW1_5544239646
GOLD,III,EUW1_5544206376
GOLD,III,EUW1_5544128985
GOLD,III,EUW1_5544121189
GOLD,III,EUW1_5543926481
GOLD,III,EUW1_5543857778
GOLD,III,EUW1_5543803486
GOLD,III,EUW1_5543743380
GOLD,III,EUW1_5543571547
GOLD,III,EUW1_5543409431
GOLD,III,EUW1_5542479311
GOLD,III,EUW1_5542425098
GOLD,III,EUW1_5542247767
GOLD,III,EUW1_5541710666
GOLD,III,EUW1_5541611591
GOLD,III,EUW1_5541495786
GOLD,III,EUW1_5540719328
GOLD,III,EUW1_5540730729
GOLD,III,EUW1_5540546786
GOLD,III,EUW1_5540498027
GOLD,III,EUW1_5540379048
GOLD,III,EUW1_5540374741
GOLD,III,EUW1_5540187137
GOLD,III,EUW1_5540202069
GOLD,III,EUW1_5393705430
GOLD,III,EUW1_5365759144
GOLD,III,EUW1_5363367527
GOLD,III,EUW1_5331576937
GOLD,III,EUW1_5331034620
GOLD,III,EUW1_5330997378
GOLD,III,EUW1_5328510999
GOLD,III,EUW1_5328388547
GOLD,III,EUW1_5316302781
GOLD,III,EUW1_5302203556
GOLD,III,EUW1_5302138050
GOLD,III,EUW1_5297218198
GOLD,III,EUW1_5297168584
GOLD,III,EUW1_5297006265
GOLD,III,EUW1_5290222130
GOLD,III,EUW1_5288498553
GOLD,III,EUW1_5288276544
GOLD,III,EUW1_5282388408
GOLD,III,EUW1_5276579385
GOLD,III,EUW1_5275904627
GOLD,III,EUW1_5275910850
GOLD,III,EUW1_5274983329
GOLD,III,EUW1_5274889989
GOLD,III,EUW1_5274386765
GOLD,III,EUW1_5274229670
GOLD,III,EUW1_5268566722
GOLD,III,EUW1_5268178200
GOLD,III,EUW1_5268192639
GOLD,III,EUW1_5267642010
GOLD,III,EUW1_5266737619
GOLD,III,EUW1_5262789716
GOLD,III,EUW1_5262830737
GOLD,III,EUW1_5262743184
GOLD,III,EUW1_5258681263
GOLD,III,EUW1_5258194683
GOLD,III,EUW1_5257181733
GOLD,III,EUW1_5257034325
GOLD,III,EUW1_5255206613
GOLD,III,EUW1_5254309708
GOLD,III,EUW1_5254333418
GOLD,III,EUW1_5251343641
GOLD,III,EUW1_5249722904
GOLD,III,EUW1_5249477614
GOLD,III,EUW1_5249460896
GOLD,III,EUW1_5248377798
GOLD,III,EUW1_5248413060
GOLD,III,EUW1_5247957402
GOLD,III,EUW1_5247759291
GOLD,III,EUW1_5237549498
GOLD,III,EUW1_5237449954
GOLD,III,EUW1_5541276362
GOLD,III,EUW1_5523387076
GOLD,III,EUW1_5523310380
GOLD,III,EUW1_5522863499
GOLD,III,EUW1_5522695293
GOLD,III,EUW1_5522670637
GOLD,III,EUW1_5519630214
GOLD,III,EUW1_5475706433
GOLD,III,EUW1_5467970378
GOLD,III,EUW1_5467984399
GOLD,III,EUW1_5467915411
GOLD,III,EUW1_5435788573
GOLD,III,EUW1_5435793315
GOLD,III,EUW1_5432952932
GOLD,III,EUW1_5432896569
GOLD,III,EUW1_5432812361
GOLD,III,EUW1_5430384959
GOLD,III,EUW1_5430009569
GOLD,III,EUW1_5429968052
GOLD,III,EUW1_5429502698
GOLD,III,EUW1_5429416871
GOLD,III,EUW1_5429387943
GOLD,III,EUW1_5428805469
GOLD,III,EUW1_5428798861
GOLD,III,EUW1_5428009171
GOLD,III,EUW1_5427993210
GOLD,III,EUW1_5427914563
GOLD,III,EUW1_5427809109
GOLD,III,EUW1_5427619829
GOLD,III,EUW1_5426792983
GOLD,III,EUW1_5426800784
GOLD,III,EUW1_5426735934
GOLD,III,EUW1_5426645042
GOLD,III,EUW1_5426376226
GOLD,III,EUW1_5426410491
GOLD,III,EUW1_5426244678
GOLD,III,EUW1_5425860020
GOLD,III,EUW1_5425864679
GOLD,III,EUW1_5425810530
GOLD,III,EUW1_5425583584
GOLD,III,EUW1_5424948944
GOLD,III,EUW1_5424926228
GOLD,III,EUW1_5424882583
GOLD,III,EUW1_5424827257
GOLD,III,EUW1_5424769454
GOLD,III,EUW1_5424764088
GOLD,III,EUW1_5424647241
GOLD,III,EUW1_5424610985
GOLD,III,EUW1_5424460666
GOLD,III,EUW1_5424270818
GOLD,III,EUW1_5535552628
GOLD,III,EUW1_5535493088
GOLD,III,EUW1_5528855395
GOLD,III,EUW1_5527485547
GOLD,III,EUW1_5527460583
GOLD,III,EUW1_5526490491
GOLD,III,EUW1_5526346209
GOLD,III,EUW1_5525562908
GOLD,III,EUW1_5524147804
GOLD,III,EUW1_5516957297
GOLD,III,EUW1_5516940876
GOLD,III,EUW1_5510708330
GOLD,III,EUW1_5510654184
GOLD,III,EUW1_5510101140
GOLD,III,EUW1_5501878821
GOLD,III,EUW1_5500650022
GOLD,III,EUW1_5500624054
GOLD,III,EUW1_5500544932
GOLD,III,EUW1_5500308318
GOLD,III,EUW1_5492709617
GOLD,III,EUW1_5491314372
GOLD,III,EUW1_5479490692
GOLD,III,EUW1_5479213130
GOLD,III,EUW1_5479144764
GOLD,III,EUW1_5478693619
GOLD,III,EUW1_5468577146
GOLD,III,EUW1_5468552200
GOLD,III,EUW1_5468483514
GOLD,III,EUW1_5466154017
GOLD,III,EUW1_5466141374
GOLD,III,EUW1_5461250529
GOLD,III,EUW1_5461145638
GOLD,III,EUW1_5460720125
GOLD,III,EUW1_5460765560
GOLD,III,EUW1_5460468162
GOLD,III,EUW1_5459792051
GOLD,III,EUW1_5459677569
GOLD,III,EUW1_5459613926
GOLD,III,EUW1_5458253996
GOLD,III,EUW1_5458071429
GOLD,III,EUW1_5457537014
GOLD,III,EUW1_5456087322
GOLD,III,EUW1_5456054098
GOLD,III,EUW1_5454580792
GOLD,III,EUW1_5454457696
GOLD,III,EUW1_5454405436
GOLD,III,EUW1_5453694259
GOLD,III,EUW1_5453608530
GOLD,III,EUW1_5447555104
GOLD,III,EUW1_5446312055
GOLD,III,EUW1_5284793100
GOLD,III,EUW1_5284663257
GOLD,III,EUW1_5284499825
GOLD,III,EUW1_5283730662
GOLD,III,EUW1_5282370245
GOLD,III,EUW1_5282052465
GOLD,III,EUW1_5280639277
GOLD,III,EUW1_5280652826
GOLD,III,EUW1_5280527230
GOLD,III,EUW1_5280448880
GOLD,III,EUW1_5278027709
GOLD,III,EUW1_5211927001
GOLD,III,EUW1_5211973821
GOLD,III,EUW1_5211510303
GOLD,III,EUW1_5211091395
GOLD,III,EUW1_5211007957
GOLD,III,EUW1_5210753721
GOLD,III,EUW1_5210358154
GOLD,III,EUW1_5210360945
GOLD,III,EUW1_5208317393
GOLD,III,EUW1_5208275309
GOLD,III,EUW1_5206680819
GOLD,III,EUW1_5206604664
GOLD,III,EUW1_5206536185
GOLD,III,EUW1_5206363671
GOLD,III,EUW1_5137109794
GOLD,III,EUW1_5137122180
GOLD,III,EUW1_5136988657
GOLD,III,EUW1_5134456038
GOLD,III,EUW1_5134418428
GOLD,III,EUW1_5134324098
GOLD,III,EUW1_5133719740
GOLD,III,EUW1_5133655666
GOLD,III,EUW1_5133534944
GOLD,III,EUW1_5133283986
GOLD,III,EUW1_5132826973
GOLD,III,EUW1_5132630169
GOLD,III,EUW1_5132644757
GOLD,III,EUW1_5132499389
GOLD,III,EUW1_5131447645
GOLD,III,EUW1_5129489770
GOLD,III,EUW1_5129403380
GOLD,III,EUW1_5129216565
GOLD,III,EUW1_5126157722
GOLD,III,EUW1_5126143669
GOLD,III,EUW1_5125989400
GOLD,III,EUW1_5126011609
GOLD,III,EUW1_5125953211
GOLD,III,EUW1_5125846500
GOLD,III,EUW1_5125601728
GOLD,III,EUW1_5548533769
GOLD,III,EUW1_5548448347
GOLD,III,EUW1_5548442080
GOLD,III,EUW1_5548327776
GOLD,III,EUW1_5548321699
GOLD,III,EUW1_5548286379
GOLD,III,EUW1_5546815343
GOLD,III,EUW1_5544655752
GOLD,III,EUW1_5544691583
GOLD,III,EUW1_5544330083
GOLD,III,EUW1_5544377040
GOLD,III,EUW1_5543947464
GOLD,III,EUW1_5543880147
GOLD,III,EUW1_5543822544
GOLD,III,EUW1_5543743266
GOLD,III,EUW1_5543599722
GOLD,III,EUW1_5542792878
GOLD,III,EUW1_5542640306
GOLD,III,EUW1_5542694444
GOLD,III,EUW1_5542630465
GOLD,III,EUW1_5539783875
GOLD,III,EUW1_5539760988
GOLD,III,EUW1_5539226673
GOLD,III,EUW1_5539134589
GOLD,III,EUW1_5539210856
GOLD,III,EUW1_5538975233
GOLD,III,EUW1_5538830384
GOLD,III,EUW1_5538321074
GOLD,III,EUW1_5538211068
GOLD,III,EUW1_5538085612
GOLD,III,EUW1_5537625449
GOLD,III,EUW1_5535730379
GOLD,III,EUW1_5535796730
GOLD,III,EUW1_5534869252
GOLD,III,EUW1_5534428878
GOLD,III,EUW1_5534456132
GOLD,III,EUW1_5534500900
GOLD,III,EUW1_5534393869
GOLD,III,EUW1_5534287574
GOLD,III,EUW1_5532688667
GOLD,III,EUW1_5532735146
GOLD,III,EUW1_5532683658
GOLD,III,EUW1_5532649446
GOLD,III,EUW1_5532655659
GOLD,III,EUW1_5532193955
GOLD,III,EUW1_5531291750
GOLD,III,EUW1_5530989735
GOLD,III,EUW1_5531065347
GOLD,III,EUW1_5529393929
GOLD,III,EUW1_5529247017
GOLD,III,EUW1_5545986477
GOLD,III,EUW1_5545961103
GOLD,III,EUW1_5545849216
GOLD,III,EUW1_5544129679
GOLD,III,EUW1_5544181601
GOLD,III,EUW1_5544025057
GOLD,III,EUW1_5542589050
GOLD,III,EUW1_5542563154
GOLD,III,EUW1_5542456053
GOLD,III,EUW1_5541642928
GOLD,III,EUW1_5541595709
GOLD,III,EUW1_5541600631
GOLD,III,EUW1_5541446213
GOLD,III,EUW1_5541439185
GOLD,III,EUW1_5540664523
GOLD,III,EUW1_5540603697
GOLD,III,EUW1_5540534469
GOLD,III,EUW1_5540116327
GOLD,III,EUW1_5540062372
GOLD,III,EUW1_5538573266
GOLD,III,EUW1_5537461186
GOLD,III,EUW1_5537316502
GOLD,III,EUW1_5535633119
GOLD,III,EUW1_5535585649
GOLD,III,EUW1_5531995309
GOLD,III,EUW1_5531973150
GOLD,III,EUW1_5531868328
GOLD,III,EUW1_5531859532
GOLD,III,EUW1_5531784009
GOLD,III,EUW1_5531770537
GOLD,III,EUW1_5530235564
GOLD,III,EUW1_5530201501
GOLD,III,EUW1_5530081069
GOLD,III,EUW1_5529929384
GOLD,III,EUW1_5529992855
GOLD,III,EUW1_5529319218
GOLD,III,EUW1_5529320730
GOLD,III,EUW1_5529204191
GOLD,III,EUW1_5529162440
GOLD,III,EUW1_5528822487
GOLD,III,EUW1_5528214556
GOLD,III,EUW1_5528301084
GOLD,III,EUW1_5524793009
GOLD,III,EUW1_5523981689
GOLD,III,EUW1_5523413796
GOLD,III,EUW1_5521635133
GOLD,III,EUW1_5521578794
GOLD,III,EUW1_5521562835
GOLD,III,EUW1_5521475606
GOLD,III,EUW1_5520514086
GOLD,III,EUW1_5539608951
GOLD,III,EUW1_5533902582
GOLD,III,EUW1_5520416445
GOLD,III,EUW1_5519974208
GOLD,III,EUW1_5503946753
GOLD,III,EUW1_5501715633
GOLD,III,EUW1_5501157337
GOLD,III,EUW1_5499960660
GOLD,III,EUW1_5498429759
GOLD,III,EUW1_5495191486
GOLD,III,EUW1_5494683934
GOLD,III,EUW1_5489021689
GOLD,III,EUW1_5484884148
GOLD,III,EUW1_5481739961
GOLD,III,EUW1_5474130702
GOLD,III,EUW1_5473994308
GOLD,III,EUW1_5473967067
GOLD,III,EUW1_5473859588
GOLD,III,EUW1_5471847148
GOLD,III,EUW1_5471745419
GOLD,III,EUW1_5470434377
GOLD,III,EUW1_5470303134
GOLD,III,EUW1_5470228884
GOLD,III,EUW1_5469140259
GOLD,III,EUW1_5469066987
GOLD,III,EUW1_5469038557
GOLD,III,EUW1_5469037146
GOLD,III,EUW1_5468179788
GOLD,III,EUW1_5467866733
GOLD,III,EUW1_5467823294
GOLD,III,EUW1_5467591119
GOLD,III,EUW1_5467474679
GOLD,III,EUW1_5466715264
GOLD,III,EUW1_5466523115
GOLD,III,EUW1_5465978749
GOLD,III,EUW1_5463903386
GOLD,III,EUW1_5463727042
GOLD,III,EUW1_5463260961
GOLD,III,EUW1_5463029152
GOLD,III,EUW1_5462547724
GOLD,III,EUW1_5462503309
GOLD,III,EUW1_5462457003
GOLD,III,EUW1_5462375733
GOLD,III,EUW1_5462368626
GOLD,III,EUW1_5462092503
GOLD,III,EUW1_5462029242
GOLD,III,EUW1_5460253237
GOLD,III,EUW1_5460311529
GOLD,III,EUW1_5459623965
GOLD,III,EUW1_5459239832
GOLD,III,EUW1_5544575262
GOLD,III,EUW1_5544513975
GOLD,III,EUW1_5544551032
GOLD,III,EUW1_5544440134
GOLD,III,EUW1_5544500518
GOLD,III,EUW1_5544486796
GOLD,III,EUW1_5544457185
GOLD,III,EUW1_5544416386
GOLD,III,EUW1_5544445595
GOLD,III,EUW1_5544444834
GOLD,III,EUW1_5544453501
GOLD,III,EUW1_5544315155
GOLD,III,EUW1_5544371059
GOLD,III,EUW1_5544227287
GOLD,III,EUW1_5544241089
GOLD,III,EUW1_5543761768
GOLD,III,EUW1_5541578514
GOLD,III,EUW1_5540526943
GOLD,III,EUW1_5540170222
GOLD,III,EUW1_5540203250
GOLD,III,EUW1_5535779775
GOLD,III,EUW1_5535777673
GOLD,III,EUW1_5535726234
GOLD,III,EUW1_5535751940
GOLD,III,EUW1_5535629235
GOLD,III,EUW1_5535683651
GOLD,III,EUW1_5535606722
GOLD,III,EUW1_5535561850
GOLD,III,EUW1_5535456086
GOLD,III,EUW1_5535348414
GOLD,III,EUW1_5535240007
GOLD,III,EUW1_5535300939
GOLD,III,EUW1_5535195108
GOLD,III,EUW1_5426117608
GOLD,III,EUW1_5376114452
GOLD,III,EUW1_5370104364
GOLD,III,EUW1_5364248604
GOLD,III,EUW1_5362835097
GOLD,III,EUW1_5362792366
GOLD,III,EUW1_5362744797
GOLD,III,EUW1_5362639445
GOLD,III,EUW1_5361391195
GOLD,III,EUW1_5356728511
GOLD,III,EUW1_5356573438
GOLD,III,EUW1_5356560760
GOLD,III,EUW1_5356436955
GOLD,III,EUW1_5355392202
GOLD,III,EUW1_5355286304
GOLD,III,EUW1_5355234375
GOLD,III,EUW1_5355250869
GOLD,III,EUW1_5354914674
GOLD,III,EUW1_5354910532
GOLD,III,EUW1_5354787241
GOLD,III,EUW1_5354823460
GOLD,III,EUW1_5353800643
GOLD,III,EUW1_5353559187
GOLD,III,EUW1_5353582162
GOLD,III,EUW1_5353279163
GOLD,III,EUW1_5353336048
GOLD,III,EUW1_5347849781
GOLD,III,EUW1_5347865840
GOLD,III,EUW1_5346599621
GOLD,III,EUW1_5346585422
GOLD,III,EUW1_5344855879
GOLD,III,EUW1_5344772391
GOLD,III,EUW1_5344587932
GOLD,III,EUW1_5344509426
GOLD,III,EUW1_5344486272
GOLD,III,EUW1_5339857310
GOLD,III,EUW1_5338328844
GOLD,III,EUW1_5338315397
GOLD,III,EUW1_5336440219
GOLD,III,EUW1_5336447038
GOLD,III,EUW1_5332469803
GOLD,III,EUW1_5332542169
GOLD,III,EUW1_5332453869
GOLD,III,EUW1_5316621036
GOLD,III,EUW1_5316446299
GOLD,III,EUW1_5314754658
GOLD,III,EUW1_5314599915
GOLD,III,EUW1_5314595776
GOLD,III,EUW1_5314661861
GOLD,III,EUW1_5313466670
GOLD,III,EUW1_5544218556
GOLD,III,EUW1_5544203596
GOLD,III,EUW1_5544143194
GOLD,III,EUW1_5536919981
GOLD,III,EUW1_5536934574
GOLD,III,EUW1_5536799988
GOLD,III,EUW1_5510295583
GOLD,III,EUW1_5507384968
GOLD,III,EUW1_5507360600
GOLD,III,EUW1_5507210780
GOLD,III,EUW1_5507023812
GOLD,III,EUW1_5506017158
GOLD,III,EUW1_5504475807
GOLD,III,EUW1_5504483671
GOLD,III,EUW1_5501173830
GOLD,III,EUW1_5479494520
GOLD,III,EUW1_5456049416
GOLD,III,EUW1_5433194341
GOLD,III,EUW1_5431806300
GOLD,III,EUW1_5429760396
GOLD,III,EUW1_5427625422
GOLD,III,EUW1_5427448192
GOLD,III,EUW1_5426771441
GOLD,III,EUW1_5426689169
GOLD,III,EUW1_5421164078
GOLD,III,EUW1_5419633143
GOLD,III,EUW1_5419570798
GOLD,III,EUW1_5419555159
GOLD,III,EUW1_5418942555
GOLD,III,EUW1_5418767270
GOLD,III,EUW1_5417729542
GOLD,III,EUW1_5417725334
GOLD,III,EUW1_5417648990
GOLD,III,EUW1_5415557287
GOLD,III,EUW1_5415556074
GOLD,III,EUW1_5411710182
GOLD,III,EUW1_5411797325
GOLD,III,EUW1_5411705514
GOLD,III,EUW1_5411376292
GOLD,III,EUW1_5411432169
GOLD,III,EUW1_5411226650
GOLD,III,EUW1_5410847088
GOLD,III,EUW1_5410009948
GOLD,III,EUW1_5407155506
GOLD,III,EUW1_5407049240
GOLD,III,EUW1_5406733757
GOLD,III,EUW1_5406629810
GOLD,III,EUW1_5401531735
GOLD,III,EUW1_5401437491
GOLD,III,EUW1_5401394048
GOLD,III,EUW1_5547109944
GOLD,III,EUW1_5478832044
GOLD,III,EUW1_5476766067
GOLD,III,EUW1_5476700431
GOLD,III,EUW1_5475227854
GOLD,III,EUW1_5475155038
GOLD,III,EUW1_5472798096
GOLD,III,EUW1_5467660946
GOLD,III,EUW1_5456298969
GOLD,III,EUW1_5456275635
GOLD,III,EUW1_5455192648
GOLD,III,EUW1_5449113470
GOLD,III,EUW1_5448310684
GOLD,III,EUW1_5447436370
GOLD,III,EUW1_5447281240
GOLD,III,EUW1_5447205486
GOLD,III,EUW1_5446500904
GOLD,III,EUW1_5446335292
GOLD,III,EUW1_5446128241
GOLD,III,EUW1_5446038339
GOLD,III,EUW1_5445977922
GOLD,III,EUW1_5445932170
GOLD,III,EUW1_5444312238
GOLD,III,EUW1_5441377142
GOLD,III,EUW1_5441353785
GOLD,III,EUW1_5439775081
GOLD,III,EUW1_5439791315
GOLD,III,EUW1_5437002489
GOLD,III,EUW1_5381552976
GOLD,III,EUW1_5381165025
GOLD,III,EUW1_5380809033
GOLD,III,EUW1_5380745893
GOLD,III,EUW1_5380685286
GOLD,III,EUW1_5379381028
GOLD,III,EUW1_5379315762
GOLD,III,EUW1_5379003145
GOLD,III,EUW1_5378636950
GOLD,III,EUW1_5377229920
GOLD,III,EUW1_5376199232
GOLD,III,EUW1_5376098426
GOLD,III,EUW1_5376017463
GOLD,III,EUW1_5375388260
GOLD,III,EUW1_5372287982
GOLD,III,EUW1_5372263743
GOLD,III,EUW1_5372178704
GOLD,III,EUW1_5365476870
GOLD,III,EUW1_5365472509
GOLD,III,EUW1_5365427754
GOLD,III,EUW1_5365364707
GOLD,III,EUW1_5363321546
GOLD,III,EUW1_5541627068
GOLD,III,EUW1_5541390358
GOLD,III,EUW1_5541413410
GOLD,III,EUW1_5534064977
GOLD,III,EUW1_5532673103
GOLD,III,EUW1_5532354290
GOLD,III,EUW1_5526473022
GOLD,III,EUW1_5526415692
GOLD,III,EUW1_5524551809
GOLD,III,EUW1_5524357258
GOLD,III,EUW1_5522832342
GOLD,III,EUW1_5522657580
GOLD,III,EUW1_5519271725
GOLD,III,EUW1_5378461959
GOLD,III,EUW1_5376071440
GOLD,III,EUW1_5362367031
GOLD,III,EUW1_5362353143
GOLD,III,EUW1_5357897494
GOLD,III,EUW1_5357833762
GOLD,III,EUW1_5357890731
GOLD,III,EUW1_5352116846
GOLD,III,EUW1_5332802137
GOLD,III,EUW1_5328356901
GOLD,III,EUW1_5328382260
GOLD,III,EUW1_5327086702
GOLD,III,EUW1_5324255879
GOLD,III,EUW1_5324242041
GOLD,III,EUW1_5322553231
GOLD,III,EUW1_5322520814
GOLD,III,EUW1_5321549080
GOLD,III,EUW1_5318754908
GOLD,III,EUW1_5317843554
GOLD,III,EUW1_5317748981
GOLD,III,EUW1_5317755934
GOLD,III,EUW1_5316345947
GOLD,III,EUW1_5316411103
GOLD,III,EUW1_5305767241
GOLD,III,EUW1_5305719745
GOLD,III,EUW1_5304070820
GOLD,III,EUW1_5302423325
GOLD,III,EUW1_5301902724
GOLD,III,EUW1_5301564257
GOLD,III,EUW1_5299701020
GOLD,III,EUW1_5298557837
GOLD,III,EUW1_5288005468
GOLD,III,EUW1_5287839944
GOLD,III,EUW1_5287863112
GOLD,III,EUW1_5287756335
GOLD,III,EUW1_5284792013
GOLD,III,EUW1_5284735016
GOLD,III,EUW1_5545777586
GOLD,III,EUW1_5545282107
GOLD,III,EUW1_5544470605
GOLD,III,EUW1_5544095196
GOLD,III,EUW1_5544061056
GOLD,III,EUW1_5543575873
GOLD,III,EUW1_5543488339
GOLD,III,EUW1_5542704948
GOLD,III,EUW1_5542689400
GOLD,III,EUW1_5542479184
GOLD,III,EUW1_5541277278
GOLD,III,EUW1_5540757977
GOLD,III,EUW1_5540824217
GOLD,III,EUW1_5540656416
GOLD,III,EUW1_5540225330
GOLD,III,EUW1_5539973087
GOLD,III,EUW1_5538967097
GOLD,III,EUW1_5538972975
GOLD,III,EUW1_5536668626
GOLD,III,EUW1_5519423964
GOLD,III,EUW1_5519349545
GOLD,III,EUW1_5519265857
GOLD,III,EUW1_5518834968
GOLD,III,EUW1_5518728920
GOLD,III,EUW1_5535107345
GOLD,III,EUW1_5446974139
GOLD,III,EUW1_5446085785
GOLD,III,EUW1_5445641283
GOLD,III,EUW1_5438184854
GOLD,III,EUW1_5436517827
GOLD,III,EUW1_5436334647
GOLD,III,EUW1_5434672250
GOLD,III,EUW1_5434549866
GOLD,III,EUW1_5434635975
GOLD,III,EUW1_5434078669
GOLD,III,EUW1_5434063578
GOLD,III,EUW1_5433974067
GOLD,III,EUW1_5433869740
GOLD,III,EUW1_5433908473
GOLD,III,EUW1_5433470382
GOLD,III,EUW1_5433515453
GOLD,III,EUW1_5430903870
GOLD,III,EUW1_5428917621
GOLD,III,EUW1_5428923256
GOLD,III,EUW1_5428868552
GOLD,III,EUW1_5420317760
GOLD,III,EUW1_5412364850
GOLD,III,EUW1_5412263916
GOLD,III,EUW1_5412168928
GOLD,III,EUW1_5412225156
GOLD,III,EUW1_5410904821
GOLD,III,EUW1_5410471670
GOLD,III,EUW1_5409522848
GOLD,III,EUW1_5409438968
GOLD,III,EUW1_5409465870
GOLD,III,EUW1_5408290768
GOLD,III,EUW1_5407600951
GOLD,III,EUW1_5407509020
GOLD,III,EUW1_5405886465
GOLD,III,EUW1_5405960522
GOLD,III,EUW1_5405277408
GOLD,III,EUW1_5402992927
GOLD,III,EUW1_5402919472
GOLD,III,EUW1_5402966633
GOLD,III,EUW1_5402447751
GOLD,III,EUW1_5402422805
GOLD,III,EUW1_5402387159
GOLD,III,EUW1_5402381149
GOLD,III,EUW1_5400523066
GOLD,III,EUW1_5400050427
GOLD,III,EUW1_5399576275
GOLD,III,EUW1_5399479617
GOLD,III,EUW1_5399349457
GOLD,III,EUW1_5399374574
GOLD,III,EUW1_5547147743
GOLD,III,EUW1_5547151907
GOLD,III,EUW1_5540380906
GOLD,III,EUW1_5540258287
GOLD,III,EUW1_5540271856
GOLD,III,EUW1_5533713783
GOLD,III,EUW1_5533507715
GOLD,III,EUW1_5533472633
GOLD,III,EUW1_5533404318
GOLD,III,EUW1_5533327486
GOLD,III,EUW1_5533254206
GOLD,III,EUW1_5533181254
GOLD,III,EUW1_5533095275
GOLD,III,EUW1_5530008131
GOLD,III,EUW1_5530083593
GOLD,III,EUW1_5529930433
GOLD,III,EUW1_5529975412
GOLD,III,EUW1_5527288798
GOLD,III,EUW1_5523190664
GOLD,III,EUW1_5521791233
GOLD,III,EUW1_5521714432
GOLD,III,EUW1_5521548800
GOLD,III,EUW1_5521542584
GOLD,III,EUW1_5520655673
GOLD,III,EUW1_5520671184
GOLD,III,EUW1_5520615853
GOLD,III,EUW1_5519777079
GOLD,III,EUW1_5519708485
GOLD,III,EUW1_5519733560
GOLD,III,EUW1_5518410754
GOLD,III,EUW1_5518353951
GOLD,III,EUW1_5518202750
GOLD,III,EUW1_5518137612
GOLD,III,EUW1_5516952797
GOLD,III,EUW1_5516837169
GOLD,III,EUW1_5516739090
GOLD,III,EUW1_5516523107
GOLD,III,EUW1_5516468575
GOLD,III,EUW1_5516474114
GOLD,III,EUW1_5516349914
GOLD,III,EUW1_5516306960
GOLD,III,EUW1_5515826141
GOLD,III,EUW1_5515881533
GOLD,III,EUW1_5515757784
GOLD,III,EUW1_5515773075
GOLD,III,EUW1_5513660705
GOLD,III,EUW1_5513556525
GOLD,III,EUW1_5513489497
GOLD,III,EUW1_5513238566
GOLD,III,EUW1_5513086547
GOLD,III,EUW1_5542510938
GOLD,III,EUW1_5542461240
GOLD,III,EUW1_5541462303
GOLD,III,EUW1_5538642564
GOLD,III,EUW1_5538574357
GOLD,III,EUW1_5538416699
GOLD,III,EUW1_5531031030
GOLD,III,EUW1_5526122450
GOLD,III,EUW1_5522832385
GOLD,III,EUW1_5521847331
GOLD,III,EUW1_5521780236
GOLD,III,EUW1_5521724911
GOLD,III,EUW1_5520609117
GOLD,III,EUW1_5519370788
GOLD,III,EUW1_5519336474
GOLD,III,EUW1_5516828888
GOLD,III,EUW1_5516813807
GOLD,III,EUW1_5516775506
GOLD,III,EUW1_5513847268
GOLD,III,EUW1_5513680140
GOLD,III,EUW1_5513500010
GOLD,III,EUW1_5513446956
GOLD,III,EUW1_5512428181
GOLD,III,EUW1_5512461359
GOLD,III,EUW1_5512371822
GOLD,III,EUW1_5512283209
GOLD,III,EUW1_5512148554
GOLD,III,EUW1_5509032998
GOLD,III,EUW1_5507319624
GOLD,III,EUW1_5507333315
GOLD,III,EUW1_5506003944
GOLD,III,EUW1_5505870780
GOLD,III,EUW1_5505746909
GOLD,III,EUW1_5505683483
GOLD,III,EUW1_5505583752
GOLD,III,EUW1_5503456158
GOLD,III,EUW1_5496279757
GOLD,III,EUW1_5495676202
GOLD,III,EUW1_5495691470
GOLD,III,EUW1_5495635920
GOLD,III,EUW1_5494176399
GOLD,III,EUW1_5494162593
GOLD,III,EUW1_5493230568
GOLD,III,EUW1_5492410314
GOLD,III,EUW1_5490813417
GOLD,III,EUW1_5490751957
GOLD,III,EUW1_5490269598
GOLD,III,EUW1_5490246792
GOLD,III,EUW1_5490037440
GOLD,III,EUW1_5489953607
GOLD,III,EUW1_5548690624
GOLD,III,EUW1_5548574417
GOLD,III,EUW1_5548458003
GOLD,III,EUW1_5548502255
GOLD,III,EUW1_5548337516
GOLD,III,EUW1_5548270749
GOLD,III,EUW1_5548108845
GOLD,III,EUW1_5547496589
GOLD,III,EUW1_5547429295
GOLD,III,EUW1_5547318778
GOLD,III,EUW1_5547028315
GOLD,III,EUW1_5547022081
GOLD,III,EUW1_5546828705
GOLD,III,EUW1_5546833536
GOLD,III,EUW1_5546698293
GOLD,III,EUW1_5546701833
GOLD,III,EUW1_5546636193
GOLD,III,EUW1_5546480711
GOLD,III,EUW1_5546446728
GOLD,III,EUW1_5545971672
GOLD,III,EUW1_5545914547
GOLD,III,EUW1_5545689020
GOLD,III,EUW1_5545540886
GOLD,III,EUW1_5545277929
GOLD,III,EUW1_5545274207
GOLD,III,EUW1_5545066183
GOLD,III,EUW1_5544837487
GOLD,III,EUW1_5544768928
GOLD,III,EUW1_5544618889
GOLD,III,EUW1_5544683704
GOLD,III,EUW1_5544350041
GOLD,III,EUW1_5544385882
GOLD,III,EUW1_5544240361
GOLD,III,EUW1_5544272713
GOLD,III,EUW1_5544186753
GOLD,III,EUW1_5544098256
GOLD,III,EUW1_5543880939
GOLD,III,EUW1_5543734535
GOLD,III,EUW1_5543664624
GOLD,III,EUW1_5543218294
GOLD,III,EUW1_5542832169
GOLD,III,EUW1_5542811596
GOLD,III,EUW1_5542771762
GOLD,III,EUW1_5542649258
GOLD,III,EUW1_5542684077
GOLD,III,EUW1_5542549723
GOLD,III,EUW1_5542533125
GOLD,III,EUW1_5542466995
GOLD,III,EUW1_5542237868
GOLD,III,EUW1_5542192838
GOLD,III,EUW1_5440504333
GOLD,III,EUW1_5438462676
GOLD,III,EUW1_5438387545
GOLD,III,EUW1_5438362657
GOLD,III,EUW1_5438279779
GOLD,III,EUW1_5438352077
GOLD,III,EUW1_5438190203
GOLD,III,EUW1_5438043811
GOLD,III,EUW1_5436642881
GOLD,III,EUW1_5436554623
GOLD,III,EUW1_5436570627
GOLD,III,EUW1_5436308751
GOLD,III,EUW1_5426369910
GOLD,III,EUW1_5426065596
GOLD,III,EUW1_5426038377
GOLD,III,EUW1_5425976807
GOLD,III,EUW1_5418955513
GOLD,III,EUW1_5418872513
GOLD,III,EUW1_5418846074
GOLD,III,EUW1_5418690083
GOLD,III,EUW1_5416970687
GOLD,III,EUW1_5407026739
GOLD,III,EUW1_5407042104
GOLD,III,EUW1_5405448078
GOLD,III,EUW1_5405361600
