GOLD,II,EUW1_5548596806
GOLD,II,EUW1_5548570980
GOLD,II,EUW1_5540409909
GOLD,II,EUW1_5540375129
GOLD,II,EUW1_5540342122
GOLD,II,EUW1_5540323925
GOLD,II,EUW1_5537278210
GOLD,II,EUW1_5537242581
GOLD,II,EUW1_5536881028
GOLD,II,EUW1_5536845182
GOLD,II,EUW1_5535359438
GOLD,II,EUW1_5535352148
GOLD,II,EUW1_5535314214
GOLD,II,EUW1_5535241047
GOLD,II,EUW1_5534877902
GOLD,II,EUW1_5534894439
GOLD,II,EUW1_5532161971
GOLD,II,EUW1_5532145931
GOLD,II,EUW1_5532039496
GOLD,II,EUW1_5531892072
GOLD,II,EUW1_5531798249
GOLD,II,EUW1_5531852088
GOLD,II,EUW1_5531760983
GOLD,II,EUW1_5531743135
GOLD,II,EUW1_5531502292
GOLD,II,EUW1_5531480933
GOLD,II,EUW1_5531408544
GOLD,II,EUW1_5531397080
GOLD,II,EUW1_5530557052
GOLD,II,EUW1_5530513849
GOLD,II,EUW1_5530448586
GOLD,II,EUW1_5530399235
GOLD,II,EUW1_5530317490
GOLD,II,EUW1_5530254651
GOLD,II,EUW1_5529917227
GOLD,II,EUW1_5529961750
GOLD,II,EUW1_5527156944
GOLD,II,EUW1_5527060033
GOLD,II,EUW1_5527074832
GOLD,II,EUW1_5521661742
GOLD,II,EUW1_5521585141
GOLD,II,EUW1_5521516992
GOLD,II,EUW1_5516567665
GOLD,II,EUW1_5516515937
GOLD,II,EUW1_5514977869
GOLD,II,EUW1_5514904502
GOLD,II,EUW1_5514991393
GOLD,II,EUW1_5510749363
GOLD,II,EUW1_5507093493
GOLD,II,EUW1_5506988979
GOLD,II,EUW1_5463505365
GOLD,II,EUW1_5441306499
GOLD,II,EUW1_5302051945
GOLD,II,EUW1_5300435949
GOLD,II,EUW1_5299771160
GOLD,II,EUW1_5299617784
GOLD,II,EUW1_5297934790
GOLD,II,EUW1_5297126920
GOLD,II,EUW1_5297066067
GOLD,II,EUW1_5296918688
GOLD,II,EUW1_5294794199
GOLD,II,EUW1_5294688028
GOLD,II,EUW1_5294732759
GOLD,II,EUW1_5294549874
GOLD,II,EUW1_5294551158
GOLD,II,EUW1_5293181693
GOLD,II,EUW1_5293114098
GOLD,II,EUW1_5288319279
GOLD,II,EUW1_5288333285
GOLD,II,EUW1_5288109113
GOLD,II,EUW1_5287661737
GOLD,II,EUW1_5287311036
GOLD,II,EUW1_5287084841
GOLD,II,EUW1_5287121694
GOLD,II,EUW1_5286970426
GOLD,II,EUW1_5286957343
GOLD,II,EUW1_5286975690
GOLD,II,EUW1_5286984410
GOLD,II,EUW1_5285409207
GOLD,II,EUW1_5284671084
GOLD,II,EUW1_5284563403
GOLD,II,EUW1_5284208041
GOLD,II,EUW1_5283530618
GOLD,II,EUW1_5280922532
GOLD,II,EUW1_5280815968
GOLD,II,EUW1_5280208635
GOLD,II,EUW1_5279970936
GOLD,II,EUW1_5189578743
GOLD,II,EUW1_5189369840
GOLD,II,EUW1_5189130264
GOLD,II,EUW1_5096075981
GOLD,II,EUW1_5095996464
GOLD,II,EUW1_5095821272
GOLD,II,EUW1_5095751737
GOLD,II,EUW1_5062794764
GOLD,II,EUW1_5053261347
GOLD,II,EUW1_5053217934
GOLD,II,EUW1_5042018329
GOLD,II,EUW1_5041840308
GOLD,II,EUW1_5041773826
GOLD,II,EUW1_5548913799
GOLD,II,EUW1_5548687608
GOLD,II,EUW1_5548633046
GOLD,II,EUW1_5547191529
GOLD,II,EUW1_5546840193
GOLD,II,EUW1_5545477623
GOLD,II,EUW1_5538596178
GOLD,II,EUW1_5538559542
GOLD,II,EUW1_5538365063
GOLD,II,EUW1_5409394658
GOLD,II,EUW1_5409471564
GOLD,II,EUW1_5408884126
GOLD,II,EUW1_5408289677
GOLD,II,EUW1_5407746470
GOLD,II,EUW1_5407715366
GOLD,II,EUW1_5407679040
GOLD,II,EUW1_5407620723
GOLD,II,EUW1_5407519733
GOLD,II,EUW1_5407553914
GOLD,II,EUW1_5406408314
GOLD,II,EUW1_5406300051
GOLD,II,EUW1_5380553892
GOLD,II,EUW1_5380419890
GOLD,II,EUW1_5380436622
GOLD,II,EUW1_5379285463
GOLD,II,EUW1_5397980986
GOLD,II,EUW1_5397873377
GOLD,II,EUW1_5397766418
GOLD,II,EUW1_5387833396
GOLD,II,EUW1_5387727292
GOLD,II,EUW1_5356370124
GOLD,II,EUW1_5341136511
GOLD,II,EUW1_5341144118
GOLD,II,EUW1_5341152728
GOLD,II,EUW1_5338073328
GOLD,II,EUW1_5338061426
GOLD,II,EUW1_5338029905
GOLD,II,EUW1_5336632664
GOLD,II,EUW1_5336517577
GOLD,II,EUW1_5336493839
GOLD,II,EUW1_5336449619
GOLD,II,EUW1_5335272298
GOLD,II,EUW1_5334739032
GOLD,II,EUW1_5314634581
GOLD,II,EUW1_5314621899
GOLD,II,EUW1_5314558419
GOLD,II,EUW1_5314536427
GOLD,II,EUW1_5297953460
GOLD,II,EUW1_5273200933
GOLD,II,EUW1_5264452914
GOLD,II,EUW1_5264412776
GOLD,II,EUW1_5264313796
GOLD,II,EUW1_5262213595
GOLD,II,EUW1_5262078188
GOLD,II,EUW1_5262132314
GOLD,II,EUW1_5261310742
GOLD,II,EUW1_5261205650
GOLD,II,EUW1_5261142194
GOLD,II,EUW1_5261062487
GOLD,II,EUW1_5260935792
GOLD,II,EUW1_5260371589
GOLD,II,EUW1_5242879464
GOLD,II,EUW1_5239926038
GOLD,II,EUW1_5235011348
GOLD,II,EUW1_5234964809
GOLD,II,EUW1_5234878810
GOLD,II,EUW1_5233111930
GOLD,II,EUW1_5232987558
GOLD,II,EUW1_5232983568
GOLD,II,EUW1_5232980625
GOLD,II,EUW1_5232857494
GOLD,II,EUW1_5231797292
GOLD,II,EUW1_5226422881
GOLD,II,EUW1_5226326488
GOLD,II,EUW1_5226249516
GOLD,II,EUW1_5543786760
GOLD,II,EUW1_5543660403
GOLD,II,EUW1_5543589659
GOLD,II,EUW1_5542638297
GOLD,II,EUW1_5541535437
GOLD,II,EUW1_5540761028
GOLD,II,EUW1_5534263233
GOLD,II,EUW1_5532307852
GOLD,II,EUW1_5532262810
GOLD,II,EUW1_5532070667
GOLD,II,EUW1_5531975397
GOLD,II,EUW1_5526125628
GOLD,II,EUW1_5526082266
GOLD,II,EUW1_5522610266
GOLD,II,EUW1_5522566969
GOLD,II,EUW1_5522573469
GOLD,II,EUW1_5522459262
GOLD,II,EUW1_5521080256
GOLD,II,EUW1_5516968028
GOLD,II,EUW1_5516880454
GOLD,II,EUW1_5510275299
GOLD,II,EUW1_5509441866
GOLD,II,EUW1_5508997356
GOLD,II,EUW1_5508890410
GOLD,II,EUW1_5508616575
GOLD,II,EUW1_5508610954
GOLD,II,EUW1_5503153482
GOLD,II,EUW1_5502266836
GOLD,II,EUW1_5498552695
GOLD,II,EUW1_5498426562
GOLD,II,EUW1_5494116788
GOLD,II,EUW1_5493268916
GOLD,II,EUW1_5493233595
GOLD,II,EUW1_5491413945
GOLD,II,EUW1_5491341002
GOLD,II,EUW1_5489829862
GOLD,II,EUW1_5489579791
GOLD,II,EUW1_5488554371
GOLD,II,EUW1_5488439345
GOLD,II,EUW1_5488471708
GOLD,II,EUW1_5488129444
GOLD,II,EUW1_5488142090
GOLD,II,EUW1_5488046513
GOLD,II,EUW1_5486606864
GOLD,II,EUW1_5486563108
GOLD,II,EUW1_5483833340
GOLD,II,EUW1_5483716819
GOLD,II,EUW1_5482156051
GOLD,II,EUW1_5482122222
GOLD,II,EUW1_5481292326
GOLD,II,EUW1_5509383875
GOLD,II,EUW1_5509247078
GOLD,II,EUW1_5509162221
GOLD,II,EUW1_5495911447
GOLD,II,EUW1_5495824020
GOLD,II,EUW1_5495748485
GOLD,II,EUW1_5495741670
GOLD,II,EUW1_5495540950
GOLD,II,EUW1_5495397299
GOLD,II,EUW1_5495383319
GOLD,II,EUW1_5495309138
GOLD,II,EUW1_5495326071
GOLD,II,EUW1_5493255594
GOLD,II,EUW1_5493118500
GOLD,II,EUW1_5493052502
GOLD,II,EUW1_5468505947
GOLD,II,EUW1_5468247845
GOLD,II,EUW1_5466740561
GOLD,II,EUW1_5289653663
GOLD,II,EUW1_5289598019
GOLD,II,EUW1_5289603037
GOLD,II,EUW1_5285761855
GOLD,II,EUW1_5284945910
GOLD,II,EUW1_5284894079
GOLD,II,EUW1_5284807450
GOLD,II,EUW1_5284802413
GOLD,II,EUW1_5284638658
GOLD,II,EUW1_5284592315
GOLD,II,EUW1_5284474507
GOLD,II,EUW1_5284425802
GOLD,II,EUW1_5284098737
GOLD,II,EUW1_5284103313
GOLD,II,EUW1_5284065992
GOLD,II,EUW1_5282788819
GOLD,II,EUW1_5282744400
GOLD,II,EUW1_5282158671
GOLD,II,EUW1_5282203514
GOLD,II,EUW1_5282150867
GOLD,II,EUW1_5281142266
GOLD,II,EUW1_5280926392
GOLD,II,EUW1_5280546661
GOLD,II,EUW1_5280266772
GOLD,II,EUW1_5280281738
GOLD,II,EUW1_5280205884
GOLD,II,EUW1_5280212472
GOLD,II,EUW1_5280057338
GOLD,II,EUW1_5279464180
GOLD,II,EUW1_5279316237
GOLD,II,EUW1_5279130049
GOLD,II,EUW1_5279152148
GOLD,II,EUW1_5310615290
GOLD,II,EUW1_5308612467
GOLD,II,EUW1_5308345623
GOLD,II,EUW1_5308229713
GOLD,II,EUW1_5307586656
GOLD,II,EUW1_5306913990
GOLD,II,EUW1_5306857771
GOLD,II,EUW1_5306651770
GOLD,II,EUW1_5305700706
GOLD,II,EUW1_5305553754
GOLD,II,EUW1_5305476055
GOLD,II,EUW1_5303698552
GOLD,II,EUW1_5302014940
GOLD,II,EUW1_5302010695
GOLD,II,EUW1_5299913063
GOLD,II,EUW1_5298691192
GOLD,II,EUW1_5297838625
GOLD,II,EUW1_5296183203
GOLD,II,EUW1_5285413501
GOLD,II,EUW1_5285371486
GOLD,II,EUW1_5282041445
GOLD,II,EUW1_5254356371
GOLD,II,EUW1_5254380885
GOLD,II,EUW1_5252156391
GOLD,II,EUW1_5251166636
GOLD,II,EUW1_5250559211
GOLD,II,EUW1_5250546333
GOLD,II,EUW1_5250504039
GOLD,II,EUW1_5249267088
GOLD,II,EUW1_5249199345
GOLD,II,EUW1_5249002153
GOLD,II,EUW1_5248860296
GOLD,II,EUW1_5247258867
GOLD,II,EUW1_5247144823
GOLD,II,EUW1_5236248155
GOLD,II,EUW1_5235199734
GOLD,II,EUW1_5235184531
GOLD,II,EUW1_5234947080
GOLD,II,EUW1_5234962576
GOLD,II,EUW1_5226097072
GOLD,II,EUW1_5226100529
GOLD,II,EUW1_5223806481
GOLD,II,EUW1_5214117082
GOLD,II,EUW1_5214091586
GOLD,II,EUW1_5214014519
GOLD,II,EUW1_5213920010
GOLD,II,EUW1_5204894668
GOLD,II,EUW1_5202684080
GOLD,II,EUW1_5202567629
GOLD,II,EUW1_5197354279
GOLD,II,EUW1_5547047617
GOLD,II,EUW1_5546940207
GOLD,II,EUW1_5541523195
GOLD,II,EUW1_5541086876
GOLD,II,EUW1_5538535177
GOLD,II,EUW1_5538409577
GOLD,II,EUW1_5538212183
GOLD,II,EUW1_5538127969
GOLD,II,EUW1_5538155980
GOLD,II,EUW1_5538079994
GOLD,II,EUW1_5536788553
GOLD,II,EUW1_5536811801
GOLD,II,EUW1_5536599447
GOLD,II,EUW1_5536675523
GOLD,II,EUW1_5536563275
GOLD,II,EUW1_5536408524
GOLD,II,EUW1_5529881847
GOLD,II,EUW1_5529364533
GOLD,II,EUW1_5529217762
GOLD,II,EUW1_5528234454
GOLD,II,EUW1_5528201989
GOLD,II,EUW1_5525472692
GOLD,II,EUW1_5525310105
GOLD,II,EUW1_5525365684
GOLD,II,EUW1_5522706029
GOLD,II,EUW1_5518941728
GOLD,II,EUW1_5518782663
GOLD,II,EUW1_5517901094
GOLD,II,EUW1_5517857646
GOLD,II,EUW1_5515029791
GOLD,II,EUW1_5515025898
GOLD,II,EUW1_5515043127
GOLD,II,EUW1_5514920383
GOLD,II,EUW1_5509060387
GOLD,II,EUW1_5509036907
GOLD,II,EUW1_5509010876
GOLD,II,EUW1_5508915674
GOLD,II,EUW1_5507050765
GOLD,II,EUW1_5506917584
GOLD,II,EUW1_5505409749
GOLD,II,EUW1_5505349067
GOLD,II,EUW1_5501386744
GOLD,II,EUW1_5501392802
GOLD,II,EUW1_5501309533
GOLD,II,EUW1_5501202421
GOLD,II,EUW1_5501149540
GOLD,II,EUW1_5501176547
GOLD,II,EUW1_5499802916
GOLD,II,EUW1_5499729658
GOLD,II,EUW1_5499696996
GOLD,II,EUW1_5415764921
GOLD,II,EUW1_5405452691
GOLD,II,EUW1_5405391563
GOLD,II,EUW1_5405274235
GOLD,II,EUW1_5405236063
GOLD,II,EUW1_5403288367
GOLD,II,EUW1_5391566317
GOLD,II,EUW1_5391570966
GOLD,II,EUW1_5391485860
GOLD,II,EUW1_5389115411
GOLD,II,EUW1_5389027700
GOLD,II,EUW1_5387516067
GOLD,II,EUW1_5379426198
GOLD,II,EUW1_5378225144
GOLD,II,EUW1_5378161672
GOLD,II,EUW1_5376499064
GOLD,II,EUW1_5376485467
GOLD,II,EUW1_5373550023
GOLD,II,EUW1_5373298931
GOLD,II,EUW1_5373324990
GOLD,II,EUW1_5355396047
GOLD,II,EUW1_5355412426
GOLD,II,EUW1_5349699217
GOLD,II,EUW1_5349724053
GOLD,II,EUW1_5349730584
GOLD,II,EUW1_5341527715
GOLD,II,EUW1_5341592034
GOLD,II,EUW1_5338170594
GOLD,II,EUW1_5338047525
GOLD,II,EUW1_5322528865
GOLD,II,EUW1_5321063025
GOLD,II,EUW1_5320978729
GOLD,II,EUW1_5259236013
GOLD,II,EUW1_5258899511
GOLD,II,EUW1_5258535408
GOLD,II,EUW1_5258430222
GOLD,II,EUW1_5243980483
GOLD,II,EUW1_5243814367
GOLD,II,EUW1_5232257015
GOLD,II,EUW1_5201725019
GOLD,II,EUW1_5185682376
GOLD,II,EUW1_5185575421
GOLD,II,EUW1_5185417557
GOLD,II,EUW1_5185337797
GOLD,II,EUW1_5185220369
GOLD,II,EUW1_5185303330
GOLD,II,EUW1_5181949329
GOLD,II,EUW1_5181955271
GOLD,II,EUW1_5181858078
GOLD,II,EUW1_5181756209
GOLD,II,EUW1_5541747616
GOLD,II,EUW1_5541739645
GOLD,II,EUW1_5541695288
GOLD,II,EUW1_5541619390
GOLD,II,EUW1_5541545668
GOLD,II,EUW1_5541490320
GOLD,II,EUW1_5541316200
GOLD,II,EUW1_5541272955
GOLD,II,EUW1_5541149418
GOLD,II,EUW1_5540744758
GOLD,II,EUW1_5540670077
GOLD,II,EUW1_5539695479
GOLD,II,EUW1_5538889842
GOLD,II,EUW1_5538822856
GOLD,II,EUW1_5538471585
GOLD,II,EUW1_5538367448
GOLD,II,EUW1_5538331745
GOLD,II,EUW1_5538245670
GOLD,II,EUW1_5538221893
GOLD,II,EUW1_5538132334
GOLD,II,EUW1_5538037463
GOLD,II,EUW1_5537965979
GOLD,II,EUW1_5516720778
GOLD,II,EUW1_5511865649
GOLD,II,EUW1_5511881875
GOLD,II,EUW1_5511213700
GOLD,II,EUW1_5490372357
GOLD,II,EUW1_5490332556
GOLD,II,EUW1_5490147599
GOLD,II,EUW1_5490077334
GOLD,II,EUW1_5487483484
GOLD,II,EUW1_5469788326
GOLD,II,EUW1_5442092354
GOLD,II,EUW1_5440788655
GOLD,II,EUW1_5425422581
GOLD,II,EUW1_5421725546
GOLD,II,EUW1_5420716428
GOLD,II,EUW1_5420693401
GOLD,II,EUW1_5420606787
GOLD,II,EUW1_5419903451
GOLD,II,EUW1_5419811075
GOLD,II,EUW1_5419724083
GOLD,II,EUW1_5415666166
GOLD,II,EUW1_5415623033
GOLD,II,EUW1_5413802706
GOLD,II,EUW1_5413678217
GOLD,II,EUW1_5413673808
GOLD,II,EUW1_5413249457
GOLD,II,EUW1_5412908546
GOLD,II,EUW1_5412892339
GOLD,II,EUW1_5548600997
GOLD,II,EUW1_5548415841
GOLD,II,EUW1_5548400757
GOLD,II,EUW1_5548159656
GOLD,II,EUW1_5547949750
GOLD,II,EUW1_5547368764
GOLD,II,EUW1_5547156721
GOLD,II,EUW1_5546699646
GOLD,II,EUW1_5546624591
GOLD,II,EUW1_5546554948
GOLD,II,EUW1_5546440108
GOLD,II,EUW1_5546431913
GOLD,II,EUW1_5546310225
GOLD,II,EUW1_5546318239
GOLD,II,EUW1_5545721744
GOLD,II,EUW1_5545632853
GOLD,II,EUW1_5545014869
GOLD,II,EUW1_5544802034
GOLD,II,EUW1_5544684367
GOLD,II,EUW1_5544578631
GOLD,II,EUW1_5544581835
GOLD,II,EUW1_5544486384
GOLD,II,EUW1_5544447194
GOLD,II,EUW1_5542157670
GOLD,II,EUW1_5541760452
GOLD,II,EUW1_5541545665
GOLD,II,EUW1_5541453864
GOLD,II,EUW1_5541319233
GOLD,II,EUW1_5540315501
GOLD,II,EUW1_5540136590
GOLD,II,EUW1_5539569790
GOLD,II,EUW1_5539584666
GOLD,II,EUW1_5539479579
GOLD,II,EUW1_5538770049
GOLD,II,EUW1_5538591267
GOLD,II,EUW1_5538350300
GOLD,II,EUW1_5538152466
GOLD,II,EUW1_5538077344
GOLD,II,EUW1_5537960158
GOLD,II,EUW1_5537788690
GOLD,II,EUW1_5537810868
GOLD,II,EUW1_5537776539
GOLD,II,EUW1_5537376853
GOLD,II,EUW1_5537146663
GOLD,II,EUW1_5536902167
GOLD,II,EUW1_5536562949
GOLD,II,EUW1_5536463702
GOLD,II,EUW1_5536441121
GOLD,II,EUW1_5536054808
GOLD,II,EUW1_5535585635
GOLD,II,EUW1_5545518416
GOLD,II,EUW1_5488471323
GOLD,II,EUW1_5350392731
GOLD,II,EUW1_5350317865
GOLD,II,EUW1_5333215804
GOLD,II,EUW1_5318372578
GOLD,II,EUW1_5257036569
GOLD,II,EUW1_5255065751
GOLD,II,EUW1_5254650024
GOLD,II,EUW1_5254865859
GOLD,II,EUW1_5186246882
GOLD,II,EUW1_5180677382
GOLD,II,EUW1_5180607085
GOLD,II,EUW1_5180691200
GOLD,II,EUW1_5177593279
GOLD,II,EUW1_5175286302
GOLD,II,EUW1_5175255604
GOLD,II,EUW1_5174003783
GOLD,II,EUW1_5173349194
GOLD,II,EUW1_5173331751
GOLD,II,EUW1_5173226552
GOLD,II,EUW1_5173016964
GOLD,II,EUW1_5173033394
GOLD,II,EUW1_5172421605
GOLD,II,EUW1_5172344404
GOLD,II,EUW1_5172281160
GOLD,II,EUW1_5171577891
GOLD,II,EUW1_5170378707
GOLD,II,EUW1_5169497046
GOLD,II,EUW1_5169531850
GOLD,II,EUW1_5168275498
GOLD,II,EUW1_5166669544
GOLD,II,EUW1_5166087248
GOLD,II,EUW1_5165694364
GOLD,II,EUW1_5165557409
GOLD,II,EUW1_5165521042
GOLD,II,EUW1_5165458418
GOLD,II,EUW1_5164349331
GOLD,II,EUW1_5164190445
GOLD,II,EUW1_5162208174
GOLD,II,EUW1_5161878055
GOLD,II,EUW1_5160172212
GOLD,II,EUW1_5160109687
GOLD,II,EUW1_5159433953
GOLD,II,EUW1_5159361755
GOLD,II,EUW1_5157645820
GOLD,II,EUW1_5157640792
GOLD,II,EUW1_5156202791
GOLD,II,EUW1_5148469362
GOLD,II,EUW1_5147770201
GOLD,II,EUW1_5543930135
GOLD,II,EUW1_5543914645
GOLD,II,EUW1_5543875537
GOLD,II,EUW1_5543778145
GOLD,II,EUW1_5543762443
GOLD,II,EUW1_5543608042
GOLD,II,EUW1_5543136877
GOLD,II,EUW1_5504427033
GOLD,II,EUW1_5504404302
GOLD,II,EUW1_5504270228
GOLD,II,EUW1_5504242955
GOLD,II,EUW1_5504290713
GOLD,II,EUW1_5504235616
GOLD,II,EUW1_5504162824
GOLD,II,EUW1_5503426290
GOLD,II,EUW1_5503320082
GOLD,II,EUW1_5503285811
GOLD,II,EUW1_5501768482
GOLD,II,EUW1_5500840794
GOLD,II,EUW1_5500735734
GOLD,II,EUW1_5500629606
GOLD,II,EUW1_5500605159
GOLD,II,EUW1_5497893050
GOLD,II,EUW1_5497749267
GOLD,II,EUW1_5497747324
GOLD,II,EUW1_5439979715
GOLD,II,EUW1_5439905774
GOLD,II,EUW1_5318368174
GOLD,II,EUW1_5312115454
GOLD,II,EUW1_5312059586
GOLD,II,EUW1_5312034137
GOLD,II,EUW1_5310725974
GOLD,II,EUW1_5310559807
GOLD,II,EUW1_5277158469
GOLD,II,EUW1_5272975965
GOLD,II,EUW1_5272980502
GOLD,II,EUW1_5272957263
GOLD,II,EUW1_5269391650
GOLD,II,EUW1_5269307990
GOLD,II,EUW1_5253393733
GOLD,II,EUW1_5249345982
GOLD,II,EUW1_5247375965
GOLD,II,EUW1_5243739613
GOLD,II,EUW1_5243613758
GOLD,II,EUW1_5236814577
GOLD,II,EUW1_5235397782
GOLD,II,EUW1_5233467510
GOLD,II,EUW1_5233290705
GOLD,II,EUW1_5233215248
GOLD,II,EUW1_5232033089
GOLD,II,EUW1_5231617131
GOLD,II,EUW1_5231215034
GOLD,II,EUW1_5231062274
GOLD,II,EUW1_5230066703
GOLD,II,EUW1_5229864550
GOLD,II,EUW1_5229554793
GOLD,II,EUW1_5228989415
GOLD,II,EUW1_5227110177
GOLD,II,EUW1_5226226683
GOLD,II,EUW1_5225926019
GOLD,II,EUW1_5224558559
GOLD,II,EUW1_5224542876
GOLD,II,EUW1_5220908780
GOLD,II,EUW1_5220922735
GOLD,II,EUW1_5219087090
GOLD,II,EUW1_5216951715
GOLD,II,EUW1_5212604143
GOLD,II,EUW1_5212441260
GOLD,II,EUW1_5210382521
GOLD,II,EUW1_5210145339
GOLD,II,EUW1_5209020974
GOLD,II,EUW1_5207189580
GOLD,II,EUW1_5206999199
GOLD,II,EUW1_5202317768
GOLD,II,EUW1_5199079567
GOLD,II,EUW1_5193798348
GOLD,II,EUW1_5193739431
GOLD,II,EUW1_5193735595
GOLD,II,EUW1_5193614701
GOLD,II,EUW1_5192931754
GOLD,II,EUW1_5192777295
GOLD,II,EUW1_5192691992
GOLD,II,EUW1_5192489963
GOLD,II,EUW1_5189653096
GOLD,II,EUW1_5186437157
GOLD,II,EUW1_5186411702
GOLD,II,EUW1_5180653093
GOLD,II,EUW1_5179893003
GOLD,II,EUW1_5178736976
GOLD,II,EUW1_5412157468
GOLD,II,EUW1_5412212718
GOLD,II,EUW1_5412078257
GOLD,II,EUW1_5393449467
GOLD,II,EUW1_5393494883
GOLD,II,EUW1_5393481320
GOLD,II,EUW1_5393319490
GOLD,II,EUW1_5393197993
GOLD,II,EUW1_5393192706
GOLD,II,EUW1_5393036201
GOLD,II,EUW1_5543642859
GOLD,II,EUW1_5543527699
GOLD,II,EUW1_5543551136
GOLD,II,EUW1_5543070981
GOLD,II,EUW1_5541465720
GOLD,II,EUW1_5541369429
GOLD,II,EUW1_5541089625
GOLD,II,EUW1_5537909297
GOLD,II,EUW1_5536859203
GOLD,II,EUW1_5536822398
GOLD,II,EUW1_5536685833
GOLD,II,EUW1_5536465669
GOLD,II,EUW1_5535251275
GOLD,II,EUW1_5535155714
GOLD,II,EUW1_5534873814
GOLD,II,EUW1_5534821210
GOLD,II,EUW1_5533613836
GOLD,II,EUW1_5533555375
GOLD,II,EUW1_5533069742
GOLD,II,EUW1_5532210731
GOLD,II,EUW1_5532104981
GOLD,II,EUW1_5532019083
GOLD,II,EUW1_5532000630
GOLD,II,EUW1_5531944395
GOLD,II,EUW1_5530271609
GOLD,II,EUW1_5530106907
GOLD,II,EUW1_5528752957
GOLD,II,EUW1_5528517431
GOLD,II,EUW1_5527108422
GOLD,II,EUW1_5527075386
GOLD,II,EUW1_5526905408
GOLD,II,EUW1_5526853498
GOLD,II,EUW1_5526129150
GOLD,II,EUW1_5526113867
GOLD,II,EUW1_5524639201
GOLD,II,EUW1_5524662545
GOLD,II,EUW1_5524205393
GOLD,II,EUW1_5522726031
GOLD,II,EUW1_5522671850
GOLD,II,EUW1_5522548911
GOLD,II,EUW1_5522266810
GOLD,II,EUW1_5521435202
GOLD,II,EUW1_5521408086
GOLD,II,EUW1_5521392262
GOLD,II,EUW1_5521268269
GOLD,II,EUW1_5521214019
GOLD,II,EUW1_5521100365
GOLD,II,EUW1_5521074653
GOLD,II,EUW1_5484882579
GOLD,II,EUW1_5484815779
GOLD,II,EUW1_5327969757
GOLD,II,EUW1_5325624512
GOLD,II,EUW1_5325549296
GOLD,II,EUW1_5312464886
GOLD,II,EUW1_5312397680
GOLD,II,EUW1_5311029468
GOLD,II,EUW1_5310106712
GOLD,II,EUW1_5308951538
GOLD,II,EUW1_5308379637
GOLD,II,EUW1_5308290127
GOLD,II,EUW1_5307065033
GOLD,II,EUW1_5305351353
GOLD,II,EUW1_5305322160
GOLD,II,EUW1_5303285158
GOLD,II,EUW1_5302453235
GOLD,II,EUW1_5302329102
GOLD,II,EUW1_5292955942
GOLD,II,EUW1_5290369148
GOLD,II,EUW1_5254627551
GOLD,II,EUW1_5252978827
GOLD,II,EUW1_5208763394
GOLD,II,EUW1_5204779351
GOLD,II,EUW1_5175448248
GOLD,II,EUW1_5173829175
GOLD,II,EUW1_5173404673
GOLD,II,EUW1_5173338161
GOLD,II,EUW1_5172620358
GOLD,II,EUW1_5171773542
GOLD,II,EUW1_5547115551
GOLD,II,EUW1_5547018945
GOLD,II,EUW1_5545652930
GOLD,II,EUW1_5545557095
GOLD,II,EUW1_5545486242
GOLD,II,EUW1_5545249046
GOLD,II,EUW1_5545261490
GOLD,II,EUW1_5538838720
GOLD,II,EUW1_5538853366
GOLD,II,EUW1_5538767273
GOLD,II,EUW1_5537794196
GOLD,II,EUW1_5535346614
GOLD,II,EUW1_5530044910
GOLD,II,EUW1_5530001458
GOLD,II,EUW1_5529925339
GOLD,II,EUW1_5529859818
GOLD,II,EUW1_5528789966
GOLD,II,EUW1_5528074443
GOLD,II,EUW1_5527166466
GOLD,II,EUW1_5526757301
GOLD,II,EUW1_5526020672
GOLD,II,EUW1_5525655760
GOLD,II,EUW1_5525271054
GOLD,II,EUW1_5524767544
GOLD,II,EUW1_5524363811
GOLD,II,EUW1_5524188209
GOLD,II,EUW1_5523954823
GOLD,II,EUW1_5519696131
GOLD,II,EUW1_5519518000
GOLD,II,EUW1_5519393975
GOLD,II,EUW1_5517824266
GOLD,II,EUW1_5516188542
GOLD,II,EUW1_5515340139
GOLD,II,EUW1_5515290005
GOLD,II,EUW1_5514991918
GOLD,II,EUW1_5513244306
GOLD,II,EUW1_5512859347
GOLD,II,EUW1_5512260057
GOLD,II,EUW1_5511218500
GOLD,II,EUW1_5511204680
GOLD,II,EUW1_5510615338
GOLD,II,EUW1_5510610715
GOLD,II,EUW1_5510455369
GOLD,II,EUW1_5510440798
GOLD,II,EUW1_5510315870
GOLD,II,EUW1_5510182906
GOLD,II,EUW1_5510083126
GOLD,II,EUW1_5507162561
GOLD,II,EUW1_5506843781
GOLD,II,EUW1_5506799604
GOLD,II,EUW1_5485437522
GOLD,II,EUW1_5479670298
GOLD,II,EUW1_5479656004
GOLD,II,EUW1_5479651334
GOLD,II,EUW1_5473175949
GOLD,II,EUW1_5467086520
GOLD,II,EUW1_5467003713
GOLD,II,EUW1_5466947708
GOLD,II,EUW1_5466880358
GOLD,II,EUW1_5466267224
GOLD,II,EUW1_5465642524
GOLD,II,EUW1_5465368737
GOLD,II,EUW1_5465382790
GOLD,II,EUW1_5465245929
GOLD,II,EUW1_5465150396
GOLD,II,EUW1_5464941290
GOLD,II,EUW1_5463865186
GOLD,II,EUW1_5461103300
GOLD,II,EUW1_5461056108
GOLD,II,EUW1_5460468541
GOLD,II,EUW1_5460425500
GOLD,II,EUW1_5460017308
GOLD,II,EUW1_5460014492
GOLD,II,EUW1_5460022546
GOLD,II,EUW1_5459919220
GOLD,II,EUW1_5483952952
GOLD,II,EUW1_5483905264
GOLD,II,EUW1_5483715052
GOLD,II,EUW1_5483438329
GOLD,II,EUW1_5482000294
GOLD,II,EUW1_5482052335
GOLD,II,EUW1_5481879922
GOLD,II,EUW1_5481944004
GOLD,II,EUW1_5481858125
GOLD,II,EUW1_5481062833
GOLD,II,EUW1_5481040864
GOLD,II,EUW1_5480934004
GOLD,II,EUW1_5480826704
GOLD,II,EUW1_5480670763
GOLD,II,EUW1_5480611570
GOLD,II,EUW1_5480515721
GOLD,II,EUW1_5479224392
GOLD,II,EUW1_5479186591
GOLD,II,EUW1_5478959948
GOLD,II,EUW1_5478922316
GOLD,II,EUW1_5478801967
GOLD,II,EUW1_5478747274
GOLD,II,EUW1_5478353243
GOLD,II,EUW1_5477703650
GOLD,II,EUW1_5477688178
GOLD,II,EUW1_5476929205
GOLD,II,EUW1_5476797291
GOLD,II,EUW1_5470716994
GOLD,II,EUW1_5470609950
GOLD,II,EUW1_5463618260
GOLD,II,EUW1_5463624340
GOLD,II,EUW1_5462399598
GOLD,II,EUW1_5460722125
GOLD,II,EUW1_5460466078
GOLD,II,EUW1_5460403907
GOLD,II,EUW1_5460372522
GOLD,II,EUW1_5460232789
GOLD,II,EUW1_5444114766
GOLD,II,EUW1_5422426476
GOLD,II,EUW1_5419531414
GOLD,II,EUW1_5419337217
GOLD,II,EUW1_5419267167
GOLD,II,EUW1_5418578038
GOLD,II,EUW1_5418344052
GOLD,II,EUW1_5418159231
GOLD,II,EUW1_5418125263
GOLD,II,EUW1_5418102787
GOLD,II,EUW1_5416800552
GOLD,II,EUW1_5415136246
GOLD,II,EUW1_5415151753
GOLD,II,EUW1_5547366911
GOLD,II,EUW1_5547347309
GOLD,II,EUW1_5545970259
GOLD,II,EUW1_5545982426
GOLD,II,EUW1_5544226405
GOLD,II,EUW1_5544198286
GOLD,II,EUW1_5543333409
GOLD,II,EUW1_5543244224
GOLD,II,EUW1_5542781180
GOLD,II,EUW1_5456550555
GOLD,II,EUW1_5456032648
GOLD,II,EUW1_5455499307
GOLD,II,EUW1_5455503377
GOLD,II,EUW1_5453828213
GOLD,II,EUW1_5453811251
GOLD,II,EUW1_5452391381
GOLD,II,EUW1_5449480144
GOLD,II,EUW1_5449435832
GOLD,II,EUW1_5448242886
GOLD,II,EUW1_5447045796
GOLD,II,EUW1_5446886203
GOLD,II,EUW1_5446409498
GOLD,II,EUW1_5446336470
GOLD,II,EUW1_5446271535
GOLD,II,EUW1_5440652929
GOLD,II,EUW1_5243778734
GOLD,II,EUW1_5243699632
GOLD,II,EUW1_5219178315
GOLD,II,EUW1_5219078906
GOLD,II,EUW1_5218988343
GOLD,II,EUW1_5208384284
GOLD,II,EUW1_5207403479
GOLD,II,EUW1_5202673689
GOLD,II,EUW1_5202567330
GOLD,II,EUW1_5200350867
GOLD,II,EUW1_5199781609
GOLD,II,EUW1_5199772709
GOLD,II,EUW1_5199510878
GOLD,II,EUW1_5199425662
GOLD,II,EUW1_5199281282
GOLD,II,EUW1_5198871778
GOLD,II,EUW1_5198494815
GOLD,II,EUW1_5197997520
GOLD,II,EUW1_5197526178
GOLD,II,EUW1_5197517512
GOLD,II,EUW1_5197433150
GOLD,II,EUW1_5197367196
GOLD,II,EUW1_5197351489
GOLD,II,EUW1_5197284023
GOLD,II,EUW1_5197159443
GOLD,II,EUW1_5197117011
GOLD,II,EUW1_5197072497
GOLD,II,EUW1_5196987593
GOLD,II,EUW1_5195958393
GOLD,II,EUW1_5195933811
GOLD,II,EUW1_5195814926
GOLD,II,EUW1_5195667602
GOLD,II,EUW1_5195610166
GOLD,II,EUW1_5195571571
GOLD,II,EUW1_5195493731
GOLD,II,EUW1_5195385828
GOLD,II,EUW1_5195257517
GOLD,II,EUW1_5195173837
GOLD,II,EUW1_5195097424
GOLD,II,EUW1_5195035755
GOLD,II,EUW1_5194947002
GOLD,II,EUW1_5194911258
GOLD,II,EUW1_5194797062
GOLD,II,EUW1_5194737374
GOLD,II,EUW1_5194742502
GOLD,II,EUW1_5194390476
GOLD,II,EUW1_5194086280
GOLD,II,EUW1_5193998671
GOLD,II,EUW1_5193953157
GOLD,II,EUW1_5193654509
GOLD,II,EUW1_5541406068
GOLD,II,EUW1_5541361300
GOLD,II,EUW1_5394752650
GOLD,II,EUW1_5394706827
GOLD,II,EUW1_5394551061
GOLD,II,EUW1_5392889344
GOLD,II,EUW1_5392885985
GOLD,II,EUW1_5387688021
GOLD,II,EUW1_5386214153
GOLD,II,EUW1_5384246803
GOLD,II,EUW1_5384231159
GOLD,II,EUW1_5384105549
GOLD,II,EUW1_5384040171
GOLD,II,EUW1_5382933518
GOLD,II,EUW1_5382603120
GOLD,II,EUW1_5382370989
GOLD,II,EUW1_5379716998
GOLD,II,EUW1_5379731049
GOLD,II,EUW1_5375061345
GOLD,II,EUW1_5373855650
GOLD,II,EUW1_5373802252
GOLD,II,EUW1_5364498572
GOLD,II,EUW1_5333856577
GOLD,II,EUW1_5333841268
GOLD,II,EUW1_5332388993
GOLD,II,EUW1_5330476207
GOLD,II,EUW1_5330210850
GOLD,II,EUW1_5330146222
GOLD,II,EUW1_5330102539
GOLD,II,EUW1_5328265363
GOLD,II,EUW1_5326039621
GOLD,II,EUW1_5326072085
GOLD,II,EUW1_5319881724
GOLD,II,EUW1_5317969453
GOLD,II,EUW1_5310684625
GOLD,II,EUW1_5310628411
GOLD,II,EUW1_5308377219
GOLD,II,EUW1_5307052397
GOLD,II,EUW1_5306651080
GOLD,II,EUW1_5306516851
GOLD,II,EUW1_5306553468
GOLD,II,EUW1_5296507901
GOLD,II,EUW1_5296501988
GOLD,II,EUW1_5291782763
GOLD,II,EUW1_5287926812
GOLD,II,EUW1_5286427006
GOLD,II,EUW1_5271727018
GOLD,II,EUW1_5271762800
GOLD,II,EUW1_5271566105
GOLD,II,EUW1_5271410889
GOLD,II,EUW1_5545911897
GOLD,II,EUW1_5542727867
GOLD,II,EUW1_5542764863
GOLD,II,EUW1_5542751021
GOLD,II,EUW1_5542619105
GOLD,II,EUW1_5542605738
GOLD,II,EUW1_5542520381
GOLD,II,EUW1_5540787121
GOLD,II,EUW1_5540831393
GOLD,II,EUW1_5540678231
GOLD,II,EUW1_5530866416
GOLD,II,EUW1_5530628967
GOLD,II,EUW1_5530663021
GOLD,II,EUW1_5530547346
GOLD,II,EUW1_5520687845
GOLD,II,EUW1_5520664406
GOLD,II,EUW1_5520619259
GOLD,II,EUW1_5520576026
GOLD,II,EUW1_5520601117
GOLD,II,EUW1_5518725349
GOLD,II,EUW1_5518578888
GOLD,II,EUW1_5491374503
GOLD,II,EUW1_5490207563
GOLD,II,EUW1_5490154165
GOLD,II,EUW1_5474627360
GOLD,II,EUW1_5474642460
GOLD,II,EUW1_5469972917
GOLD,II,EUW1_5462662308
GOLD,II,EUW1_5462476550
GOLD,II,EUW1_5462389293
GOLD,II,EUW1_5420018042
GOLD,II,EUW1_5415805240
GOLD,II,EUW1_5415771111
GOLD,II,EUW1_5412880405
GOLD,II,EUW1_5412931475
GOLD,II,EUW1_5412787899
GOLD,II,EUW1_5407242584
GOLD,II,EUW1_5407186621
GOLD,II,EUW1_5407089878
GOLD,II,EUW1_5407036758
GOLD,II,EUW1_5406966755
GOLD,II,EUW1_5405585967
GOLD,II,EUW1_5405623731
GOLD,II,EUW1_5405362340
GOLD,II,EUW1_5404422848
GOLD,II,EUW1_5401028879
GOLD,II,EUW1_5395038563
GOLD,II,EUW1_5395071319
GOLD,II,EUW1_5394869394
GOLD,II,EUW1_5394015688
GOLD,II,EUW1_5548823256
GOLD,II,EUW1_5548754666
GOLD,II,EUW1_5548647291
GOLD,II,EUW1_5548632166
GOLD,II,EUW1_5548556876
GOLD,II,EUW1_5543701291
GOLD,II,EUW1_5543559707
GOLD,II,EUW1_5543581957
GOLD,II,EUW1_5543351058
GOLD,II,EUW1_5543276554
GOLD,II,EUW1_5543064846
GOLD,II,EUW1_5541125594
GOLD,II,EUW1_5541043678
GOLD,II,EUW1_5541037129
GOLD,II,EUW1_5540946809
GOLD,II,EUW1_5540995198
GOLD,II,EUW1_5540973307
GOLD,II,EUW1_5534109688
GOLD,II,EUW1_5533803749
GOLD,II,EUW1_5533735593
GOLD,II,EUW1_5533650644
GOLD,II,EUW1_5533534434
GOLD,II,EUW1_5533429533
GOLD,II,EUW1_5533423396
GOLD,II,EUW1_5533261608
GOLD,II,EUW1_5533245001
GOLD,II,EUW1_5533119985
GOLD,II,EUW1_5529564042
GOLD,II,EUW1_5529460407
GOLD,II,EUW1_5529410122
GOLD,II,EUW1_5527346667
GOLD,II,EUW1_5527360722
GOLD,II,EUW1_5526462766
GOLD,II,EUW1_5526366425
GOLD,II,EUW1_5526343977
GOLD,II,EUW1_5526296414
GOLD,II,EUW1_5523509281
GOLD,II,EUW1_5523562876
GOLD,II,EUW1_5523446609
GOLD,II,EUW1_5523320449
GOLD,II,EUW1_5517009823
GOLD,II,EUW1_5517014168
GOLD,II,EUW1_5516942840
GOLD,II,EUW1_5515409934
GOLD,II,EUW1_5515413272
GOLD,II,EUW1_5513729708
GOLD,II,EUW1_5513724188
GOLD,II,EUW1_5513503975
GOLD,II,EUW1_5512456387
GOLD,II,EUW1_5495935100
GOLD,II,EUW1_5239110998
GOLD,II,EUW1_5238996319
GOLD,II,EUW1_5239040609
GOLD,II,EUW1_5238462072
GOLD,II,EUW1_5238269519
GOLD,II,EUW1_5237110584
GOLD,II,EUW1_5236915235
GOLD,II,EUW1_5235545602
GOLD,II,EUW1_5235311560
GOLD,II,EUW1_5235111723
GOLD,II,EUW1_5234997736
GOLD,II,EUW1_5234679693
GOLD,II,EUW1_5234559346
GOLD,II,EUW1_5233765801
GOLD,II,EUW1_5224644137
GOLD,II,EUW1_5219176424
GOLD,II,EUW1_5218300466
GOLD,II,EUW1_5218065012
GOLD,II,EUW1_5217049208
GOLD,II,EUW1_5217011554
GOLD,II,EUW1_5215808082
GOLD,II,EUW1_5215804163
GOLD,II,EUW1_5215820650
GOLD,II,EUW1_5215718302
GOLD,II,EUW1_5215754721
GOLD,II,EUW1_5548299410
GOLD,II,EUW1_5548227296
GOLD,II,EUW1_5546976213
GOLD,II,EUW1_5546962017
GOLD,II,EUW1_5546454159
GOLD,II,EUW1_5546442697
GOLD,II,EUW1_5544577004
GOLD,II,EUW1_5544515405
GOLD,II,EUW1_5543225638
GOLD,II,EUW1_5543171715
GOLD,II,EUW1_5539547336
GOLD,II,EUW1_5539603725
GOLD,II,EUW1_5538479545
GOLD,II,EUW1_5537964653
GOLD,II,EUW1_5537891873
GOLD,II,EUW1_5536483716
GOLD,II,EUW1_5536390031
GOLD,II,EUW1_5534835196
GOLD,II,EUW1_5534818817
GOLD,II,EUW1_5534806002
GOLD,II,EUW1_5534708171
GOLD,II,EUW1_5534657204
GOLD,II,EUW1_5534439243
GOLD,II,EUW1_5534495283
GOLD,II,EUW1_5533536291
GOLD,II,EUW1_5533042836
GOLD,II,EUW1_5531624435
GOLD,II,EUW1_5531571712
GOLD,II,EUW1_5531498507
GOLD,II,EUW1_5531292837
GOLD,II,EUW1_5531173081
GOLD,II,EUW1_5531058839
GOLD,II,EUW1_5530995448
GOLD,II,EUW1_5530561250
GOLD,II,EUW1_5526403314
GOLD,II,EUW1_5525226871
GOLD,II,EUW1_5525253291
GOLD,II,EUW1_5524795779
GOLD,II,EUW1_5524732895
GOLD,II,EUW1_5524660142
GOLD,II,EUW1_5524562802
GOLD,II,EUW1_5524002076
GOLD,II,EUW1_5523890165
GOLD,II,EUW1_5523546854
GOLD,II,EUW1_5523439713
GOLD,II,EUW1_5522447031
GOLD,II,EUW1_5521111929
GOLD,II,EUW1_5520959403
GOLD,II,EUW1_5519196799
GOLD,II,EUW1_5516235748
GOLD,II,EUW1_5537567159
GOLD,II,EUW1_5537494306
GOLD,II,EUW1_5537399247
GOLD,II,EUW1_5536870647
GOLD,II,EUW1_5536769198
GOLD,II,EUW1_5536752558
GOLD,II,EUW1_5536615980
GOLD,II,EUW1_5536580556
GOLD,II,EUW1_5536575289
GOLD,II,EUW1_5536542405
GOLD,II,EUW1_5536427219
GOLD,II,EUW1_5535698829
GOLD,II,EUW1_5535692328
GOLD,II,EUW1_5534773691
GOLD,II,EUW1_5534720318
GOLD,II,EUW1_5534332356
GOLD,II,EUW1_5531964069
GOLD,II,EUW1_5531953832
GOLD,II,EUW1_5531809678
GOLD,II,EUW1_5531751800
GOLD,II,EUW1_5531628242
GOLD,II,EUW1_5530649543
GOLD,II,EUW1_5523147253
GOLD,II,EUW1_5519909470
GOLD,II,EUW1_5519970949
GOLD,II,EUW1_5519796251
GOLD,II,EUW1_5519740111
GOLD,II,EUW1_5518761518
GOLD,II,EUW1_5518584337
GOLD,II,EUW1_5518430326
GOLD,II,EUW1_5518415362
GOLD,II,EUW1_5518356976
GOLD,II,EUW1_5513598317
GOLD,II,EUW1_5513522117
GOLD,II,EUW1_5511380275
GOLD,II,EUW1_5511404155
GOLD,II,EUW1_5504637948
GOLD,II,EUW1_5502180886
GOLD,II,EUW1_5502005597
GOLD,II,EUW1_5494693031
GOLD,II,EUW1_5494627114
GOLD,II,EUW1_5494641233
GOLD,II,EUW1_5493088635
GOLD,II,EUW1_5493053132
GOLD,II,EUW1_5482414749
GOLD,II,EUW1_5482308881
GOLD,II,EUW1_5481418332
GOLD,II,EUW1_5481435857
GOLD,II,EUW1_5479755084
GOLD,II,EUW1_5479702715
GOLD,II,EUW1_5309850925
GOLD,II,EUW1_5309127204
GOLD,II,EUW1_5306336820
GOLD,II,EUW1_5303279272
GOLD,II,EUW1_5303002235
GOLD,II,EUW1_5301628837
GOLD,II,EUW1_5301635729
GOLD,II,EUW1_5297059881
GOLD,II,EUW1_5282408184
GOLD,II,EUW1_5278303269
GOLD,II,EUW1_5278130653
GOLD,II,EUW1_5270019621
GOLD,II,EUW1_5268426630
GOLD,II,EUW1_5268091915
GOLD,II,EUW1_5261932678
GOLD,II,EUW1_5261084834
GOLD,II,EUW1_5261062319
GOLD,II,EUW1_5260401426
GOLD,II,EUW1_5259820326
GOLD,II,EUW1_5258880444
GOLD,II,EUW1_5258750524
GOLD,II,EUW1_5258081062
GOLD,II,EUW1_5257282070
GOLD,II,EUW1_5256710358
GOLD,II,EUW1_5254110615
