BRONZE,III,EUW1_5547322896
BRONZE,III,EUW1_5547252040
BRONZE,III,EUW1_5547066595
BRONZE,III,EUW1_5546980249
BRONZE,III,EUW1_5541332280
BRONZE,III,EUW1_5541217690
BRONZE,III,EUW1_5539854207
BRONZE,III,EUW1_5532582568
BRONZE,III,EUW1_5532495984
BRONZE,III,EUW1_5532511937
BRONZE,III,EUW1_5532434961
BRONZE,III,EUW1_5532310182
BRONZE,III,EUW1_5532294389
BRONZE,III,EUW1_5532238273
BRONZE,III,EUW1_5532231660
BRONZE,III,EUW1_5532107786
BRONZE,III,EUW1_5532092642
BRONZE,III,EUW1_5531694576
BRONZE,III,EUW1_5530606008
BRONZE,III,EUW1_5530328379
BRONZE,III,EUW1_5530249433
BRONZE,III,EUW1_5530207644
BRONZE,III,EUW1_5529830203
BRONZE,III,EUW1_5528666498
BRONZE,III,EUW1_5528553393
BRONZE,III,EUW1_5528277858
BRONZE,III,EUW1_5528044624
BRONZE,III,EUW1_5527968539
BRONZE,III,EUW1_5527995982
BRONZE,III,EUW1_5527946372
BRONZE,III,EUW1_5527965191
BRONZE,III,EUW1_5527113472
BRONZE,III,EUW1_5527100506
BRONZE,III,EUW1_5526748109
BRONZE,III,EUW1_5526803945
BRONZE,III,EUW1_5526811509
BRONZE,III,EUW1_5526729497
BRONZE,III,EUW1_5526650136
BRONZE,III,EUW1_5526669083
BRONZE,III,EUW1_5526677910
BRONZE,III,EUW1_5525470481
BRONZE,III,EUW1_5525347657
BRONZE,III,EUW1_5525315118
BRONZE,III,EUW1_5525301526
BRONZE,III,EUW1_5525267385
BRONZE,III,EUW1_5522699288
BRONZE,III,EUW1_5522693536
BRONZE,III,EUW1_5522560363
BRONZE,III,EUW1_5518128549
BRONZE,III,EUW1_5541076605
BRONZE,III,EUW1_5541102514
BRONZE,III,EUW1_5509904021
BRONZE,III,EUW1_5509930495
BRONZE,III,EUW1_5509769674
BRONZE,III,EUW1_5509554045
BRONZE,III,EUW1_5509472555
BRONZE,III,EUW1_5504567416
BRONZE,III,EUW1_5495722929
BRONZE,III,EUW1_5495636754
BRONZE,III,EUW1_5467451705
BRONZE,III,EUW1_5466171754
BRONZE,III,EUW1_5466039168
BRONZE,III,EUW1_5466006554
BRONZE,III,EUW1_5457285264
BRONZE,III,EUW1_5457281130
BRONZE,III,EUW1_5457217792
BRONZE,III,EUW1_5455973045
BRONZE,III,EUW1_5455938461
BRONZE,III,EUW1_5455917875
BRONZE,III,EUW1_5455585365
BRONZE,III,EUW1_5455518624
BRONZE,III,EUW1_5454380982
BRONZE,III,EUW1_5446923719
BRONZE,III,EUW1_5446892604
BRONZE,III,EUW1_5446861786
BRONZE,III,EUW1_5445510178
BRONZE,III,EUW1_5443193885
BRONZE,III,EUW1_5443138680
BRONZE,III,EUW1_5443152371
BRONZE,III,EUW1_5441509670
BRONZE,III,EUW1_5440592950
BRONZE,III,EUW1_5440406514
BRONZE,III,EUW1_5440471432
BRONZE,III,EUW1_5436635022
BRONZE,III,EUW1_5436520390
BRONZE,III,EUW1_5435464395
BRONZE,III,EUW1_5435421400
BRONZE,III,EUW1_5434558228
BRONZE,III,EUW1_5429192216
BRONZE,III,EUW1_5429059534
BRONZE,III,EUW1_5427575057
BRONZE,III,EUW1_5425200327
BRONZE,III,EUW1_5425206440
BRONZE,III,EUW1_5425263329
BRONZE,III,EUW1_5425240901
BRONZE,III,EUW1_5425118797
BRONZE,III,EUW1_5424117780
BRONZE,III,EUW1_5424113698
BRONZE,III,EUW1_5423923909
BRONZE,III,EUW1_5471378004
BRONZE,III,EUW1_5470327844
BRONZE,III,EUW1_5465396651
BRONZE,III,EUW1_5458645523
BRONZE,III,EUW1_5458537882
BRONZE,III,EUW1_5458591942
BRONZE,III,EUW1_5458490730
BRONZE,III,EUW1_5457396322
BRONZE,III,EUW1_5457420904
BRONZE,III,EUW1_5457257453
BRONZE,III,EUW1_5457343031
BRONZE,III,EUW1_5457190443
BRONZE,III,EUW1_5456921455
BRONZE,III,EUW1_5456806811
BRONZE,III,EUW1_5456408023
BRONZE,III,EUW1_5456445228
BRONZE,III,EUW1_5456382025
BRONZE,III,EUW1_5456228209
BRONZE,III,EUW1_5456163888
BRONZE,III,EUW1_5455857444
BRONZE,III,EUW1_5454933168
BRONZE,III,EUW1_5454398366
BRONZE,III,EUW1_5454453975
BRONZE,III,EUW1_5454350049
BRONZE,III,EUW1_5454325410
BRONZE,III,EUW1_5454381959
BRONZE,III,EUW1_5454279122
BRONZE,III,EUW1_5454266970
BRONZE,III,EUW1_5447039539
BRONZE,III,EUW1_5446947545
BRONZE,III,EUW1_5446943553
BRONZE,III,EUW1_5443508863
BRONZE,III,EUW1_5443551128
BRONZE,III,EUW1_5442379135
BRONZE,III,EUW1_5442375395
BRONZE,III,EUW1_5435796681
BRONZE,III,EUW1_5431215692
BRONZE,III,EUW1_5426389798
BRONZE,III,EUW1_5339623185
BRONZE,III,EUW1_5329301004
BRONZE,III,EUW1_5329025803
BRONZE,III,EUW1_5024332337
BRONZE,III,EUW1_5024203580
BRONZE,III,EUW1_5023900108
BRONZE,III,EUW1_5023903626
BRONZE,III,EUW1_5023849271
BRONZE,III,EUW1_5023124357
BRONZE,III,EUW1_5022798454
BRONZE,III,EUW1_5022649567
BRONZE,III,EUW1_5022538222
BRONZE,III,EUW1_5525031789
BRONZE,III,EUW1_5524900190
BRONZE,III,EUW1_5524945034
BRONZE,III,EUW1_5520778528
BRONZE,III,EUW1_5520738245
BRONZE,III,EUW1_5485172841
BRONZE,III,EUW1_5484962383
BRONZE,III,EUW1_5478301073
BRONZE,III,EUW1_5478210052
BRONZE,III,EUW1_5475191386
BRONZE,III,EUW1_5462362168
BRONZE,III,EUW1_5441713890
BRONZE,III,EUW1_5441579432
BRONZE,III,EUW1_5439959086
BRONZE,III,EUW1_5438712703
BRONZE,III,EUW1_5438634968
BRONZE,III,EUW1_5436355445
BRONZE,III,EUW1_5436352617
BRONZE,III,EUW1_5436209592
BRONZE,III,EUW1_5436216759
BRONZE,III,EUW1_5433927450
BRONZE,III,EUW1_5433852961
BRONZE,III,EUW1_5420461012
BRONZE,III,EUW1_5420295181
BRONZE,III,EUW1_5419978084
BRONZE,III,EUW1_5415682636
BRONZE,III,EUW1_5409842971
BRONZE,III,EUW1_5409765685
BRONZE,III,EUW1_5406661825
BRONZE,III,EUW1_5406507221
BRONZE,III,EUW1_5406442969
BRONZE,III,EUW1_5401536640
BRONZE,III,EUW1_5397731364
BRONZE,III,EUW1_5397596248
BRONZE,III,EUW1_5397591609
BRONZE,III,EUW1_5397509320
BRONZE,III,EUW1_5387513387
BRONZE,III,EUW1_5387335893
BRONZE,III,EUW1_5385921286
BRONZE,III,EUW1_5385815444
BRONZE,III,EUW1_5373685711
BRONZE,III,EUW1_5371278049
BRONZE,III,EUW1_5371285373
BRONZE,III,EUW1_5365079179
BRONZE,III,EUW1_5359359991
BRONZE,III,EUW1_5354261745
BRONZE,III,EUW1_5354177100
BRONZE,III,EUW1_5349490412
BRONZE,III,EUW1_5333442618
BRONZE,III,EUW1_5324440047
BRONZE,III,EUW1_5543540108
BRONZE,III,EUW1_5543523005
BRONZE,III,EUW1_5543398892
BRONZE,III,EUW1_5542708818
BRONZE,III,EUW1_5541640998
BRONZE,III,EUW1_5541575183
BRONZE,III,EUW1_5541298724
BRONZE,III,EUW1_5541256555
BRONZE,III,EUW1_5540705543
BRONZE,III,EUW1_5540228222
BRONZE,III,EUW1_5538771473
BRONZE,III,EUW1_5538613657
BRONZE,III,EUW1_5538494041
BRONZE,III,EUW1_5537476022
BRONZE,III,EUW1_5537377069
BRONZE,III,EUW1_5537029537
BRONZE,III,EUW1_5535428634
BRONZE,III,EUW1_5535422983
BRONZE,III,EUW1_5535351433
BRONZE,III,EUW1_5533440457
BRONZE,III,EUW1_5533332575
BRONZE,III,EUW1_5533188536
BRONZE,III,EUW1_5533127537
BRONZE,III,EUW1_5533121847
BRONZE,III,EUW1_5532984365
BRONZE,III,EUW1_5532955284
BRONZE,III,EUW1_5531942537
BRONZE,III,EUW1_5531846580
BRONZE,III,EUW1_5531763026
BRONZE,III,EUW1_5531721456
BRONZE,III,EUW1_5531595088
BRONZE,III,EUW1_5530274369
BRONZE,III,EUW1_5530221643
BRONZE,III,EUW1_5530084556
BRONZE,III,EUW1_5529961659
BRONZE,III,EUW1_5529363445
BRONZE,III,EUW1_5529227183
BRONZE,III,EUW1_5529148262
BRONZE,III,EUW1_5529131800
BRONZE,III,EUW1_5527659003
BRONZE,III,EUW1_5527673668
BRONZE,III,EUW1_5527402070
BRONZE,III,EUW1_5526322566
BRONZE,III,EUW1_5526234861
BRONZE,III,EUW1_5525765432
BRONZE,III,EUW1_5525760708
BRONZE,III,EUW1_5525575689
BRONZE,III,EUW1_5525467461
BRONZE,III,EUW1_5525194627
BRONZE,III,EUW1_5525211907
BRONZE,III,EUW1_5541634857
BRONZE,III,EUW1_5540857504
BRONZE,III,EUW1_5540855955
BRONZE,III,EUW1_5270689380
BRONZE,III,EUW1_5270694122
BRONZE,III,EUW1_5228632240
BRONZE,III,EUW1_5228605258
BRONZE,III,EUW1_5228359080
BRONZE,III,EUW1_5216800547
BRONZE,III,EUW1_5216741113
BRONZE,III,EUW1_5191711913
BRONZE,III,EUW1_5190049780
BRONZE,III,EUW1_5188018134
BRONZE,III,EUW1_5188032135
BRONZE,III,EUW1_5126881941
BRONZE,III,EUW1_5114633207
BRONZE,III,EUW1_5114595625
BRONZE,III,EUW1_5114520998
BRONZE,III,EUW1_5083551466
BRONZE,III,EUW1_5083465287
BRONZE,III,EUW1_5076394755
BRONZE,III,EUW1_5074840935
BRONZE,III,EUW1_5074783469
BRONZE,III,EUW1_5328221074
BRONZE,III,EUW1_5328180688
BRONZE,III,EUW1_5320673137
BRONZE,III,EUW1_5264779120
BRONZE,III,EUW1_5264823077
BRONZE,III,EUW1_5259680928
BRONZE,III,EUW1_5259606757
BRONZE,III,EUW1_5259611957
BRONZE,III,EUW1_5259499415
BRONZE,III,EUW1_5202191452
BRONZE,III,EUW1_5202108446
BRONZE,III,EUW1_5201969028
BRONZE,III,EUW1_5182127599
BRONZE,III,EUW1_5182130927
BRONZE,III,EUW1_5181780459
BRONZE,III,EUW1_5181714915
BRONZE,III,EUW1_5180437091
BRONZE,III,EUW1_5180318288
BRONZE,III,EUW1_5180286726
BRONZE,III,EUW1_5178304597
BRONZE,III,EUW1_5178198195
BRONZE,III,EUW1_5153709625
BRONZE,III,EUW1_5153659913
BRONZE,III,EUW1_5153695827
BRONZE,III,EUW1_5073852690
BRONZE,III,EUW1_5073841193
BRONZE,III,EUW1_5073744770
BRONZE,III,EUW1_5073669828
BRONZE,III,EUW1_5070882088
BRONZE,III,EUW1_5070861238
BRONZE,III,EUW1_4991946287
BRONZE,III,EUW1_4991924723
BRONZE,III,EUW1_4991902520
BRONZE,III,EUW1_5517985678
BRONZE,III,EUW1_5517981323
BRONZE,III,EUW1_5517869005
BRONZE,III,EUW1_5517903238
BRONZE,III,EUW1_5517847537
BRONZE,III,EUW1_5434016773
BRONZE,III,EUW1_5432013250
BRONZE,III,EUW1_5431968167
BRONZE,III,EUW1_5430583568
BRONZE,III,EUW1_5393744475
BRONZE,III,EUW1_5393639983
BRONZE,III,EUW1_5365960628
BRONZE,III,EUW1_5356688243
BRONZE,III,EUW1_5356644484
BRONZE,III,EUW1_5355580924
BRONZE,III,EUW1_5355515246
BRONZE,III,EUW1_5355319053
BRONZE,III,EUW1_5352293698
BRONZE,III,EUW1_5352169420
BRONZE,III,EUW1_5352040031
BRONZE,III,EUW1_5352093296
BRONZE,III,EUW1_5349744003
BRONZE,III,EUW1_5349689336
BRONZE,III,EUW1_5349654403
BRONZE,III,EUW1_5349720466
BRONZE,III,EUW1_5349637344
BRONZE,III,EUW1_5345074688
BRONZE,III,EUW1_5344880051
BRONZE,III,EUW1_5341567685
BRONZE,III,EUW1_5339133302
BRONZE,III,EUW1_5339029805
BRONZE,III,EUW1_5336011025
BRONZE,III,EUW1_5333805071
BRONZE,III,EUW1_5333711928
BRONZE,III,EUW1_5333576235
BRONZE,III,EUW1_5333560458
BRONZE,III,EUW1_5333555186
BRONZE,III,EUW1_5327618035
BRONZE,III,EUW1_5327544263
BRONZE,III,EUW1_5327472839
BRONZE,III,EUW1_5326040851
BRONZE,III,EUW1_5324919446
BRONZE,III,EUW1_5324904402
BRONZE,III,EUW1_5324528147
BRONZE,III,EUW1_5324484037
BRONZE,III,EUW1_5321548602
BRONZE,III,EUW1_5318074929
BRONZE,III,EUW1_5318032286
BRONZE,III,EUW1_5317897109
BRONZE,III,EUW1_5313806279
BRONZE,III,EUW1_5157101548
BRONZE,III,EUW1_5157005084
BRONZE,III,EUW1_5156833605
BRONZE,III,EUW1_5156596729
BRONZE,III,EUW1_5156650523
BRONZE,III,EUW1_5156534377
BRONZE,III,EUW1_5156429987
BRONZE,III,EUW1_5156453605
BRONZE,III,EUW1_5156110696
BRONZE,III,EUW1_5155986729
BRONZE,III,EUW1_5156032128
BRONZE,III,EUW1_5155350969
BRONZE,III,EUW1_5154823143
BRONZE,III,EUW1_5154643469
BRONZE,III,EUW1_5152678711
BRONZE,III,EUW1_5151964250
BRONZE,III,EUW1_5151712637
BRONZE,III,EUW1_5151620233
BRONZE,III,EUW1_5136070908
BRONZE,III,EUW1_5098381519
BRONZE,III,EUW1_5058786678
BRONZE,III,EUW1_5058775139
BRONZE,III,EUW1_5058712037
BRONZE,III,EUW1_5048565863
BRONZE,III,EUW1_5048524484
BRONZE,III,EUW1_5467744492
BRONZE,III,EUW1_5466687352
BRONZE,III,EUW1_5466435748
BRONZE,III,EUW1_5464862535
BRONZE,III,EUW1_5462175292
BRONZE,III,EUW1_5461051311
BRONZE,III,EUW1_5457236335
BRONZE,III,EUW1_5446156470
BRONZE,III,EUW1_5444318859
BRONZE,III,EUW1_5444344035
BRONZE,III,EUW1_5435272896
BRONZE,III,EUW1_5435017007
BRONZE,III,EUW1_5435011687
BRONZE,III,EUW1_5434756755
BRONZE,III,EUW1_5421502466
BRONZE,III,EUW1_5420353947
BRONZE,III,EUW1_5416734106
BRONZE,III,EUW1_5415060347
BRONZE,III,EUW1_5413535455
BRONZE,III,EUW1_5412477124
BRONZE,III,EUW1_5412439665
BRONZE,III,EUW1_5412426120
BRONZE,III,EUW1_5410690023
BRONZE,III,EUW1_5410744551
BRONZE,III,EUW1_5409744251
BRONZE,III,EUW1_5400509637
BRONZE,III,EUW1_5400495255
BRONZE,III,EUW1_5397632645
BRONZE,III,EUW1_5396662258
BRONZE,III,EUW1_5396566722
BRONZE,III,EUW1_5394625379
BRONZE,III,EUW1_5394567022
BRONZE,III,EUW1_5144321639
BRONZE,III,EUW1_5134622615
BRONZE,III,EUW1_5134524161
BRONZE,III,EUW1_5134475930
BRONZE,III,EUW1_5134380194
BRONZE,III,EUW1_5134414295
BRONZE,III,EUW1_5134299450
BRONZE,III,EUW1_5128348255
BRONZE,III,EUW1_5109962373
BRONZE,III,EUW1_5109817682
BRONZE,III,EUW1_5109815717
BRONZE,III,EUW1_5095858105
BRONZE,III,EUW1_5038405045
BRONZE,III,EUW1_5037653567
BRONZE,III,EUW1_5037304513
BRONZE,III,EUW1_5037148275
BRONZE,III,EUW1_5037133052
BRONZE,III,EUW1_5035687996
BRONZE,III,EUW1_5542643877
BRONZE,III,EUW1_5542585952
BRONZE,III,EUW1_5540706957
BRONZE,III,EUW1_5540711036
BRONZE,III,EUW1_5540547354
BRONZE,III,EUW1_5313994725
BRONZE,III,EUW1_5304144670
BRONZE,III,EUW1_5304035897
BRONZE,III,EUW1_5303345435
BRONZE,III,EUW1_5295561638
BRONZE,III,EUW1_5295485243
BRONZE,III,EUW1_5295397829
BRONZE,III,EUW1_5294961808
BRONZE,III,EUW1_5294857006
BRONZE,III,EUW1_5294892064
BRONZE,III,EUW1_5294825702
BRONZE,III,EUW1_5294742061
BRONZE,III,EUW1_5294389109
BRONZE,III,EUW1_5272604805
BRONZE,III,EUW1_5240360097
BRONZE,III,EUW1_5240325899
BRONZE,III,EUW1_5240292013
BRONZE,III,EUW1_5239801841
BRONZE,III,EUW1_5239743442
BRONZE,III,EUW1_5187729342
BRONZE,III,EUW1_5546096362
BRONZE,III,EUW1_5536785847
BRONZE,III,EUW1_5536602122
BRONZE,III,EUW1_5469898904
BRONZE,III,EUW1_5462742841
BRONZE,III,EUW1_5390843927
BRONZE,III,EUW1_5386556958
BRONZE,III,EUW1_5373321451
BRONZE,III,EUW1_5360629005
BRONZE,III,EUW1_5358914014
BRONZE,III,EUW1_5351663699
BRONZE,III,EUW1_5323287369
BRONZE,III,EUW1_5297536561
BRONZE,III,EUW1_5295622825
BRONZE,III,EUW1_5294600413
BRONZE,III,EUW1_5294135682
BRONZE,III,EUW1_5292874206
BRONZE,III,EUW1_5292264653
BRONZE,III,EUW1_5290729075
BRONZE,III,EUW1_5290453036
BRONZE,III,EUW1_5286801256
BRONZE,III,EUW1_5282368004
BRONZE,III,EUW1_5279620661
BRONZE,III,EUW1_5277550127
BRONZE,III,EUW1_5272856003
BRONZE,III,EUW1_5272824363
BRONZE,III,EUW1_5267035135
BRONZE,III,EUW1_5267033223
BRONZE,III,EUW1_5267041281
BRONZE,III,EUW1_5265053561
BRONZE,III,EUW1_5257506094
BRONZE,III,EUW1_5257251560
BRONZE,III,EUW1_5256355983
BRONZE,III,EUW1_5255788463
BRONZE,III,EUW1_5253718904
BRONZE,III,EUW1_5253619468
BRONZE,III,EUW1_5249596809
BRONZE,III,EUW1_5197498194
BRONZE,III,EUW1_5151377904
BRONZE,III,EUW1_5151403144
BRONZE,III,EUW1_5151249433
BRONZE,III,EUW1_5147969325
BRONZE,III,EUW1_5143109560
BRONZE,III,EUW1_5143118320
BRONZE,III,EUW1_5141377204
BRONZE,III,EUW1_5141395929
BRONZE,III,EUW1_5141386042
BRONZE,III,EUW1_5141365906
BRONZE,III,EUW1_5139367722
BRONZE,III,EUW1_5139371949
BRONZE,III,EUW1_5547150524
BRONZE,III,EUW1_5533806358
BRONZE,III,EUW1_5529912875
BRONZE,III,EUW1_5507039132
BRONZE,III,EUW1_5502729830
BRONZE,III,EUW1_5502814701
BRONZE,III,EUW1_5500514075
BRONZE,III,EUW1_5489489549
BRONZE,III,EUW1_5489427183
BRONZE,III,EUW1_5488127545
BRONZE,III,EUW1_5488015118
BRONZE,III,EUW1_5487908551
BRONZE,III,EUW1_5486082867
BRONZE,III,EUW1_5476370231
BRONZE,III,EUW1_5467475411
BRONZE,III,EUW1_5466548264
BRONZE,III,EUW1_5466551625
BRONZE,III,EUW1_5466445986
BRONZE,III,EUW1_5466027978
BRONZE,III,EUW1_5458928674
BRONZE,III,EUW1_5453240528
BRONZE,III,EUW1_5451661606
BRONZE,III,EUW1_5451614429
BRONZE,III,EUW1_5451382536
BRONZE,III,EUW1_5450453251
BRONZE,III,EUW1_5449835405
BRONZE,III,EUW1_5445871315
BRONZE,III,EUW1_5445510320
BRONZE,III,EUW1_5442523399
BRONZE,III,EUW1_5441146223
BRONZE,III,EUW1_5441061838
BRONZE,III,EUW1_5438188427
BRONZE,III,EUW1_5438242592
BRONZE,III,EUW1_5438001003
BRONZE,III,EUW1_5436671094
BRONZE,III,EUW1_5436536473
BRONZE,III,EUW1_5436450415
BRONZE,III,EUW1_5436266752
BRONZE,III,EUW1_5436244863
BRONZE,III,EUW1_5434960825
BRONZE,III,EUW1_5431816911
BRONZE,III,EUW1_5431792809
BRONZE,III,EUW1_5430568718
BRONZE,III,EUW1_5428860388
BRONZE,III,EUW1_5428816481
BRONZE,III,EUW1_5428554612
BRONZE,III,EUW1_5428562349
BRONZE,III,EUW1_5427169498
BRONZE,III,EUW1_5427203243
BRONZE,III,EUW1_5427137586
BRONZE,III,EUW1_5462109462
BRONZE,III,EUW1_5458198447
BRONZE,III,EUW1_5455527073
BRONZE,III,EUW1_5455139909
BRONZE,III,EUW1_5455164105
BRONZE,III,EUW1_5436914606
BRONZE,III,EUW1_5436960760
BRONZE,III,EUW1_5436874458
BRONZE,III,EUW1_5435858290
BRONZE,III,EUW1_5435882695
BRONZE,III,EUW1_5434963870
BRONZE,III,EUW1_5434717800
BRONZE,III,EUW1_5433792356
BRONZE,III,EUW1_5433646574
BRONZE,III,EUW1_5038001752
BRONZE,III,EUW1_5030606723
BRONZE,III,EUW1_5010523740
BRONZE,III,EUW1_5010408414
BRONZE,III,EUW1_5548711402
BRONZE,III,EUW1_5548690621
BRONZE,III,EUW1_5548459407
BRONZE,III,EUW1_5548511013
BRONZE,III,EUW1_5542942124
BRONZE,III,EUW1_5538673819
BRONZE,III,EUW1_5538577320
BRONZE,III,EUW1_5537450409
BRONZE,III,EUW1_5537444475
BRONZE,III,EUW1_5537309477
BRONZE,III,EUW1_5535242110
BRONZE,III,EUW1_5535157151
BRONZE,III,EUW1_5534273744
BRONZE,III,EUW1_5534166135
BRONZE,III,EUW1_5533808422
BRONZE,III,EUW1_5533308034
BRONZE,III,EUW1_5533302855
BRONZE,III,EUW1_5531551987
BRONZE,III,EUW1_5531449850
BRONZE,III,EUW1_5530698474
BRONZE,III,EUW1_5530643834
BRONZE,III,EUW1_5530555645
BRONZE,III,EUW1_5530375304
BRONZE,III,EUW1_5530260385
BRONZE,III,EUW1_5530005481
BRONZE,III,EUW1_5529871405
BRONZE,III,EUW1_5524652450
BRONZE,III,EUW1_5524573127
BRONZE,III,EUW1_5521823185
BRONZE,III,EUW1_5521816125
BRONZE,III,EUW1_5520858903
BRONZE,III,EUW1_5520896617
BRONZE,III,EUW1_5519365439
BRONZE,III,EUW1_5519361377
BRONZE,III,EUW1_5516526918
BRONZE,III,EUW1_5515593060
BRONZE,III,EUW1_5515427993
BRONZE,III,EUW1_5515304249
BRONZE,III,EUW1_5510766127
BRONZE,III,EUW1_5510577279
BRONZE,III,EUW1_5510454821
BRONZE,III,EUW1_5510307210
BRONZE,III,EUW1_5510217107
BRONZE,III,EUW1_5510165959
BRONZE,III,EUW1_5510139024
BRONZE,III,EUW1_5509121524
BRONZE,III,EUW1_5509100638
BRONZE,III,EUW1_5508976587
BRONZE,III,EUW1_5500526167
BRONZE,III,EUW1_5170436872
BRONZE,III,EUW1_5170411141
BRONZE,III,EUW1_5170147644
BRONZE,III,EUW1_5170150830
BRONZE,III,EUW1_5169995054
BRONZE,III,EUW1_5166810663
BRONZE,III,EUW1_5150485603
BRONZE,III,EUW1_5150440483
BRONZE,III,EUW1_5150104700
BRONZE,III,EUW1_5150033950
BRONZE,III,EUW1_5548720967
BRONZE,III,EUW1_5548674051
BRONZE,III,EUW1_5548540071
BRONZE,III,EUW1_5547430429
BRONZE,III,EUW1_5547442014
BRONZE,III,EUW1_5546790394
BRONZE,III,EUW1_5546064897
BRONZE,III,EUW1_5544177941
BRONZE,III,EUW1_5544141907
BRONZE,III,EUW1_5543690239
BRONZE,III,EUW1_5543674504
BRONZE,III,EUW1_5543327311
BRONZE,III,EUW1_5541830427
BRONZE,III,EUW1_5541372553
BRONZE,III,EUW1_5540885353
BRONZE,III,EUW1_5540853516
BRONZE,III,EUW1_5540154464
BRONZE,III,EUW1_5540049847
BRONZE,III,EUW1_5538951716
BRONZE,III,EUW1_5538836769
BRONZE,III,EUW1_5538695928
BRONZE,III,EUW1_5538345445
BRONZE,III,EUW1_5537460126
BRONZE,III,EUW1_5535688971
BRONZE,III,EUW1_5535643488
BRONZE,III,EUW1_5535229251
BRONZE,III,EUW1_5535223370
BRONZE,III,EUW1_5535204818
BRONZE,III,EUW1_5534421265
BRONZE,III,EUW1_5534349248
BRONZE,III,EUW1_5534373534
BRONZE,III,EUW1_5534285612
BRONZE,III,EUW1_5534222034
BRONZE,III,EUW1_5533826047
BRONZE,III,EUW1_5533728200
BRONZE,III,EUW1_5533595181
BRONZE,III,EUW1_5533499480
BRONZE,III,EUW1_5533531243
BRONZE,III,EUW1_5533387454
BRONZE,III,EUW1_5533339810
BRONZE,III,EUW1_5533301825
BRONZE,III,EUW1_5533186017
BRONZE,III,EUW1_5532520277
BRONZE,III,EUW1_5532495738
BRONZE,III,EUW1_5532317974
BRONZE,III,EUW1_5532272455
BRONZE,III,EUW1_5532235234
BRONZE,III,EUW1_5529444985
BRONZE,III,EUW1_5529338018
BRONZE,III,EUW1_5529296147
BRONZE,III,EUW1_5510761104
BRONZE,III,EUW1_5440482738
BRONZE,III,EUW1_5438665236
BRONZE,III,EUW1_5408310491
BRONZE,III,EUW1_5332510674
BRONZE,III,EUW1_5231121405
BRONZE,III,EUW1_5164442386
BRONZE,III,EUW1_5160123848
BRONZE,III,EUW1_5135691084
BRONZE,III,EUW1_5135602561
BRONZE,III,EUW1_5127436078
BRONZE,III,EUW1_5127342064
BRONZE,III,EUW1_5121969471
BRONZE,III,EUW1_5114526399
BRONZE,III,EUW1_5114464109
BRONZE,III,EUW1_5108407850
BRONZE,III,EUW1_5100234382
BRONZE,III,EUW1_5097821457
BRONZE,III,EUW1_5097685148
BRONZE,III,EUW1_5091890615
BRONZE,III,EUW1_5087654477
BRONZE,III,EUW1_5077682007
BRONZE,III,EUW1_5072282673
BRONZE,III,EUW1_5072270480
BRONZE,III,EUW1_5069821595
BRONZE,III,EUW1_5067974684
BRONZE,III,EUW1_5066437312
BRONZE,III,EUW1_5066236911
BRONZE,III,EUW1_5065572766
BRONZE,III,EUW1_5064081451
BRONZE,III,EUW1_5062012042
BRONZE,III,EUW1_5061902161
BRONZE,III,EUW1_5061747490
BRONZE,III,EUW1_5061393628
BRONZE,III,EUW1_5060300093
BRONZE,III,EUW1_5057611745
BRONZE,III,EUW1_5051888409
BRONZE,III,EUW1_5050091456
BRONZE,III,EUW1_5044778784
BRONZE,III,EUW1_5044787005
BRONZE,III,EUW1_5043302998
BRONZE,III,EUW1_5039482755
BRONZE,III,EUW1_5029755170
BRONZE,III,EUW1_5026903266
BRONZE,III,EUW1_5026737066
BRONZE,III,EUW1_5026711213
BRONZE,III,EUW1_5023908407
BRONZE,III,EUW1_5019328842
BRONZE,III,EUW1_5019247084
BRONZE,III,EUW1_5017494714
BRONZE,III,EUW1_5548223691
BRONZE,III,EUW1_5546292820
BRONZE,III,EUW1_5546272593
BRONZE,III,EUW1_5546271874
BRONZE,III,EUW1_5542863478
BRONZE,III,EUW1_5541032185
BRONZE,III,EUW1_5540942611
BRONZE,III,EUW1_5540981030
BRONZE,III,EUW1_5540938596
BRONZE,III,EUW1_5540849658
BRONZE,III,EUW1_5540936539
BRONZE,III,EUW1_5540906278
BRONZE,III,EUW1_5540856180
BRONZE,III,EUW1_5540914018
BRONZE,III,EUW1_5534665869
BRONZE,III,EUW1_5534673103
BRONZE,III,EUW1_5534681155
BRONZE,III,EUW1_5534640566
BRONZE,III,EUW1_5534529690
BRONZE,III,EUW1_5534535709
BRONZE,III,EUW1_5534544765
BRONZE,III,EUW1_5530774087
BRONZE,III,EUW1_5529607701
BRONZE,III,EUW1_5529616025
BRONZE,III,EUW1_5528091173
BRONZE,III,EUW1_5527989434
BRONZE,III,EUW1_5527951788
BRONZE,III,EUW1_5527938157
BRONZE,III,EUW1_5527897690
BRONZE,III,EUW1_5526732330
BRONZE,III,EUW1_5526672890
BRONZE,III,EUW1_5524228843
BRONZE,III,EUW1_5523785625
BRONZE,III,EUW1_5523833807
BRONZE,III,EUW1_5523871867
BRONZE,III,EUW1_5523811996
BRONZE,III,EUW1_5522687440
BRONZE,III,EUW1_5517168880
BRONZE,III,EUW1_5517204661
BRONZE,III,EUW1_5516081091
BRONZE,III,EUW1_5515990177
BRONZE,III,EUW1_5515959346
BRONZE,III,EUW1_5515978261
BRONZE,III,EUW1_5512813385
BRONZE,III,EUW1_5512373213
BRONZE,III,EUW1_5512284070
BRONZE,III,EUW1_5510448347
BRONZE,III,EUW1_5510384743
BRONZE,III,EUW1_5510329285
BRONZE,III,EUW1_5508779376
BRONZE,III,EUW1_5546638898
BRONZE,III,EUW1_5526842413
BRONZE,III,EUW1_5526789365
BRONZE,III,EUW1_5525546490
BRONZE,III,EUW1_5524209538
BRONZE,III,EUW1_5490999011
BRONZE,III,EUW1_5482042917
BRONZE,III,EUW1_5481869664
BRONZE,III,EUW1_5481867120
BRONZE,III,EUW1_5480952110
BRONZE,III,EUW1_5470537641
BRONZE,III,EUW1_5470522724
BRONZE,III,EUW1_5469406172
BRONZE,III,EUW1_5469329902
BRONZE,III,EUW1_5468175298
BRONZE,III,EUW1_5467498706
BRONZE,III,EUW1_5461994352
BRONZE,III,EUW1_5461972323
BRONZE,III,EUW1_5460905508
BRONZE,III,EUW1_5460759849
BRONZE,III,EUW1_5460725534
BRONZE,III,EUW1_5460375843
BRONZE,III,EUW1_5460402761
BRONZE,III,EUW1_5460260084
BRONZE,III,EUW1_5357887575
BRONZE,III,EUW1_5357863106
BRONZE,III,EUW1_5357399050
BRONZE,III,EUW1_5249362852
BRONZE,III,EUW1_5249304094
BRONZE,III,EUW1_5249137127
BRONZE,III,EUW1_5247009225
BRONZE,III,EUW1_5224127612
BRONZE,III,EUW1_5223856622
BRONZE,III,EUW1_5220878278
BRONZE,III,EUW1_5220542445
BRONZE,III,EUW1_5213316571
BRONZE,III,EUW1_5212806523
BRONZE,III,EUW1_5211893786
BRONZE,III,EUW1_5211829388
BRONZE,III,EUW1_5208353988
BRONZE,III,EUW1_5208257905
BRONZE,III,EUW1_5208294119
BRONZE,III,EUW1_5206831928
BRONZE,III,EUW1_5206716283
BRONZE,III,EUW1_5206655869
BRONZE,III,EUW1_5200442740
BRONZE,III,EUW1_5200357550
BRONZE,III,EUW1_5200354986
BRONZE,III,EUW1_5199875279
BRONZE,III,EUW1_5199152482
BRONZE,III,EUW1_5193069571
BRONZE,III,EUW1_5193000769
BRONZE,III,EUW1_5192890338
BRONZE,III,EUW1_5168996809
BRONZE,III,EUW1_5168994745
BRONZE,III,EUW1_5168948144
BRONZE,III,EUW1_5166689900
BRONZE,III,EUW1_5097942524
BRONZE,III,EUW1_5097842958
BRONZE,III,EUW1_5097716608
BRONZE,III,EUW1_5097640365
BRONZE,III,EUW1_4981792413
BRONZE,III,EUW1_4981587384
BRONZE,III,EUW1_4974069590
BRONZE,III,EUW1_4973446294
BRONZE,III,EUW1_4973461080
BRONZE,III,EUW1_5505990991
BRONZE,III,EUW1_5501648008
BRONZE,III,EUW1_5481224936
BRONZE,III,EUW1_5481079233
BRONZE,III,EUW1_5409755327
BRONZE,III,EUW1_5409771755
BRONZE,III,EUW1_5405021212
BRONZE,III,EUW1_5404317738
BRONZE,III,EUW1_5404265237
BRONZE,III,EUW1_5404130527
BRONZE,III,EUW1_5404042564
BRONZE,III,EUW1_5403850056
BRONZE,III,EUW1_5403795098
BRONZE,III,EUW1_5403729238
BRONZE,III,EUW1_5403634291
BRONZE,III,EUW1_5402079346
BRONZE,III,EUW1_5401213471
BRONZE,III,EUW1_5401057601
BRONZE,III,EUW1_5397737775
BRONZE,III,EUW1_5302053856
BRONZE,III,EUW1_5295080392
BRONZE,III,EUW1_5536997082
BRONZE,III,EUW1_5535841132
BRONZE,III,EUW1_5535818063
BRONZE,III,EUW1_5535464674
BRONZE,III,EUW1_5534966296
BRONZE,III,EUW1_5534579577
BRONZE,III,EUW1_5534568831
BRONZE,III,EUW1_5534567758
BRONZE,III,EUW1_5512629652
BRONZE,III,EUW1_5512666701
BRONZE,III,EUW1_5512573242
BRONZE,III,EUW1_5512444349
BRONZE,III,EUW1_5512417709
BRONZE,III,EUW1_5511484216
BRONZE,III,EUW1_5511501042
BRONZE,III,EUW1_5511416468
BRONZE,III,EUW1_5510817590
BRONZE,III,EUW1_5510565628
BRONZE,III,EUW1_5509715628
BRONZE,III,EUW1_5509705251
BRONZE,III,EUW1_5509693108
BRONZE,III,EUW1_5509656894
BRONZE,III,EUW1_5509652628
BRONZE,III,EUW1_5509582058
BRONZE,III,EUW1_5506636107
BRONZE,III,EUW1_5233316055
BRONZE,III,EUW1_5233190009
BRONZE,III,EUW1_5233232662
BRONZE,III,EUW1_5233079239
BRONZE,III,EUW1_5233043484
BRONZE,III,EUW1_5232674689
BRONZE,III,EUW1_5232567074
BRONZE,III,EUW1_5232535095
BRONZE,III,EUW1_5230810665
BRONZE,III,EUW1_5230729453
BRONZE,III,EUW1_5226110842
BRONZE,III,EUW1_5225571757
BRONZE,III,EUW1_5225359778
BRONZE,III,EUW1_5225390975
BRONZE,III,EUW1_5225247969
BRONZE,III,EUW1_5224483218
BRONZE,III,EUW1_5224327493
BRONZE,III,EUW1_5223677522
BRONZE,III,EUW1_5223607613
BRONZE,III,EUW1_5219395446
BRONZE,III,EUW1_5219228382
BRONZE,III,EUW1_5217446518
BRONZE,III,EUW1_5216911910
BRONZE,III,EUW1_5216756332
BRONZE,III,EUW1_5216662351
BRONZE,III,EUW1_5215656572
BRONZE,III,EUW1_5214784756
BRONZE,III,EUW1_5214618455
BRONZE,III,EUW1_5214631682
BRONZE,III,EUW1_5213586494
BRONZE,III,EUW1_5213575009
BRONZE,III,EUW1_5212483008
BRONZE,III,EUW1_5212438969
BRONZE,III,EUW1_5211238424
BRONZE,III,EUW1_5211157826
BRONZE,III,EUW1_5209469062
BRONZE,III,EUW1_5207179578
BRONZE,III,EUW1_5207110285
BRONZE,III,EUW1_5203978623
BRONZE,III,EUW1_5203932686
BRONZE,III,EUW1_5203805324
BRONZE,III,EUW1_5203678028
BRONZE,III,EUW1_5203573597
BRONZE,III,EUW1_5202048871
BRONZE,III,EUW1_5194387645
BRONZE,III,EUW1_5194376077
BRONZE,III,EUW1_5192313013
BRONZE,III,EUW1_5192289496
BRONZE,III,EUW1_5190231184
BRONZE,III,EUW1_5188168058
BRONZE,III,EUW1_5544228705
BRONZE,III,EUW1_5537070271
BRONZE,III,EUW1_5533333465
BRONZE,III,EUW1_5533179084
BRONZE,III,EUW1_5533202436
BRONZE,III,EUW1_5533077066
BRONZE,III,EUW1_5533060315
BRONZE,III,EUW1_5532668844
BRONZE,III,EUW1_5532696718
BRONZE,III,EUW1_5531932136
BRONZE,III,EUW1_5531816288
BRONZE,III,EUW1_5531709818
BRONZE,III,EUW1_5531602519
BRONZE,III,EUW1_5531498699
BRONZE,III,EUW1_5531230913
BRONZE,III,EUW1_5530997738
BRONZE,III,EUW1_5530291643
BRONZE,III,EUW1_5530108040
BRONZE,III,EUW1_5530161688
BRONZE,III,EUW1_5529957375
BRONZE,III,EUW1_5529924816
BRONZE,III,EUW1_5529859299
BRONZE,III,EUW1_5529069979
BRONZE,III,EUW1_5529061977
BRONZE,III,EUW1_5521109293
BRONZE,III,EUW1_5520616380
BRONZE,III,EUW1_5517168129
BRONZE,III,EUW1_5517113537
BRONZE,III,EUW1_5517026732
BRONZE,III,EUW1_5517011645
BRONZE,III,EUW1_5516906388
BRONZE,III,EUW1_5516952065
BRONZE,III,EUW1_5516834347
BRONZE,III,EUW1_5516512530
BRONZE,III,EUW1_5515537959
BRONZE,III,EUW1_5515561187
BRONZE,III,EUW1_5515464155
BRONZE,III,EUW1_5515274097
BRONZE,III,EUW1_5515187566
BRONZE,III,EUW1_5515037347
BRONZE,III,EUW1_5515004758
BRONZE,III,EUW1_5514245200
BRONZE,III,EUW1_5514225393
BRONZE,III,EUW1_5514243041
BRONZE,III,EUW1_5514089765
BRONZE,III,EUW1_5514067419
BRONZE,III,EUW1_5514061920
BRONZE,III,EUW1_5512673085
BRONZE,III,EUW1_5512587356
BRONZE,III,EUW1_5512534165
BRONZE,III,EUW1_5491107521
BRONZE,III,EUW1_5486558924
BRONZE,III,EUW1_5486591988
BRONZE,III,EUW1_5486223083
BRONZE,III,EUW1_5485301048
BRONZE,III,EUW1_5481130962
BRONZE,III,EUW1_5481041497
BRONZE,III,EUW1_5479371669
BRONZE,III,EUW1_5479264461
BRONZE,III,EUW1_5478683793
BRONZE,III,EUW1_5478567818
BRONZE,III,EUW1_5478354868
BRONZE,III,EUW1_5477543505
BRONZE,III,EUW1_5477457735
BRONZE,III,EUW1_5477393281
BRONZE,III,EUW1_5476733744
BRONZE,III,EUW1_5476533762
BRONZE,III,EUW1_5476323113
BRONZE,III,EUW1_5476311722
BRONZE,III,EUW1_5475782381
BRONZE,III,EUW1_5475671590
BRONZE,III,EUW1_5471058987
BRONZE,III,EUW1_5471091885
BRONZE,III,EUW1_5470719051
BRONZE,III,EUW1_5470714665
BRONZE,III,EUW1_5470617647
BRONZE,III,EUW1_5469793027
BRONZE,III,EUW1_5469694379
BRONZE,III,EUW1_5469577326
BRONZE,III,EUW1_5467998272
BRONZE,III,EUW1_5467981396
BRONZE,III,EUW1_5467796218
BRONZE,III,EUW1_5467738379
BRONZE,III,EUW1_5467599216
BRONZE,III,EUW1_5467530168
BRONZE,III,EUW1_5466334159
BRONZE,III,EUW1_5466360984
BRONZE,III,EUW1_5466251629
BRONZE,III,EUW1_5466127698
BRONZE,III,EUW1_5466114236
BRONZE,III,EUW1_5464758959
BRONZE,III,EUW1_5464822265
BRONZE,III,EUW1_5464649784
BRONZE,III,EUW1_5461200194
BRONZE,III,EUW1_5461197488
BRONZE,III,EUW1_5461120395
BRONZE,III,EUW1_5461094863
BRONZE,III,EUW1_5459698616
BRONZE,III,EUW1_5459671481
BRONZE,III,EUW1_5459535837
BRONZE,III,EUW1_5548623667
BRONZE,III,EUW1_5548604306
BRONZE,III,EUW1_5548460021
BRONZE,III,EUW1_5548471826
BRONZE,III,EUW1_5385691570
BRONZE,III,EUW1_5379076572
BRONZE,III,EUW1_5377849651
BRONZE,III,EUW1_5376245135
BRONZE,III,EUW1_5376199148
BRONZE,III,EUW1_5376225648
BRONZE,III,EUW1_5376202611
BRONZE,III,EUW1_5356239547
BRONZE,III,EUW1_5356217175
BRONZE,III,EUW1_5344287003
BRONZE,III,EUW1_5332566668
BRONZE,III,EUW1_5332559159
BRONZE,III,EUW1_5332472552
BRONZE,III,EUW1_5332388117
BRONZE,III,EUW1_5322521762
BRONZE,III,EUW1_5322439805
BRONZE,III,EUW1_5322465340
BRONZE,III,EUW1_5322461765
BRONZE,III,EUW1_5320952784
BRONZE,III,EUW1_5320886736
BRONZE,III,EUW1_5319290366
BRONZE,III,EUW1_5319245737
BRONZE,III,EUW1_5310384598
BRONZE,III,EUW1_5290575682
BRONZE,III,EUW1_5289325225
BRONZE,III,EUW1_5288511441
BRONZE,III,EUW1_5288237362
BRONZE,III,EUW1_5288178841
BRONZE,III,EUW1_5287149081
BRONZE,III,EUW1_5286976601
BRONZE,III,EUW1_5286530373
BRONZE,III,EUW1_5286432998
BRONZE,III,EUW1_5285648864
BRONZE,III,EUW1_5285572366
BRONZE,III,EUW1_5285516417
BRONZE,III,EUW1_5274873383
BRONZE,III,EUW1_5273766546
BRONZE,III,EUW1_5273711737
BRONZE,III,EUW1_5273645656
BRONZE,III,EUW1_5273350940
BRONZE,III,EUW1_5273254552
BRONZE,III,EUW1_5273180772
BRONZE,III,EUW1_5273085746
BRONZE,III,EUW1_5273150545
BRONZE,III,EUW1_5235249212
BRONZE,III,EUW1_5225035519
BRONZE,III,EUW1_5318651530
BRONZE,III,EUW1_5317203087
BRONZE,III,EUW1_5295614011
BRONZE,III,EUW1_5279389439
BRONZE,III,EUW1_5268820909
BRONZE,III,EUW1_5268657205
BRONZE,III,EUW1_5259276468
BRONZE,III,EUW1_5242047390
BRONZE,III,EUW1_5241981266
BRONZE,III,EUW1_5233863645
BRONZE,III,EUW1_5233743319
BRONZE,III,EUW1_5233616335
BRONZE,III,EUW1_5232099211
BRONZE,III,EUW1_5232067548
BRONZE,III,EUW1_5230570666
BRONZE,III,EUW1_5230474859
BRONZE,III,EUW1_5230336934
BRONZE,III,EUW1_5229370208
BRONZE,III,EUW1_5229304188
BRONZE,III,EUW1_5021364338
BRONZE,III,EUW1_5021286807
BRONZE,III,EUW1_5005829149
BRONZE,III,EUW1_5237014908
BRONZE,III,EUW1_5236779440
BRONZE,III,EUW1_5236755046
BRONZE,III,EUW1_5236791110
BRONZE,III,EUW1_5232417899
BRONZE,III,EUW1_5232362315
BRONZE,III,EUW1_5232285436
BRONZE,III,EUW1_5232027656
BRONZE,III,EUW1_5221011723
BRONZE,III,EUW1_5220822633
BRONZE,III,EUW1_5220776718
BRONZE,III,EUW1_5219400989
BRONZE,III,EUW1_5218874304
BRONZE,III,EUW1_5217141862
BRONZE,III,EUW1_5216974688
BRONZE,III,EUW1_5215114077
BRONZE,III,EUW1_5212643236
BRONZE,III,EUW1_5212471377
BRONZE,III,EUW1_5212295176
BRONZE,III,EUW1_5328800901
BRONZE,III,EUW1_5313706695
BRONZE,III,EUW1_5308871966
BRONZE,III,EUW1_5308657105
BRONZE,III,EUW1_5308610673
BRONZE,III,EUW1_5286195531
BRONZE,III,EUW1_5286118481
BRONZE,III,EUW1_5286034481
BRONZE,III,EUW1_5285916481
BRONZE,III,EUW1_5285862898
BRONZE,III,EUW1_5278059094
BRONZE,III,EUW1_5277917873
BRONZE,III,EUW1_5277926136
BRONZE,III,EUW1_5275441561
BRONZE,III,EUW1_5275327937
BRONZE,III,EUW1_5275240890
BRONZE,III,EUW1_5275222652
BRONZE,III,EUW1_5273769883
BRONZE,III,EUW1_5273117856
BRONZE,III,EUW1_5273162483
BRONZE,III,EUW1_5273017642
BRONZE,III,EUW1_5272926089
BRONZE,III,EUW1_5272099169
BRONZE,III,EUW1_5271990890
BRONZE,III,EUW1_5265227693
BRONZE,III,EUW1_5264343702
BRONZE,III,EUW1_5264322794
BRONZE,III,EUW1_5260181887
BRONZE,III,EUW1_5260105838
BRONZE,III,EUW1_5260024451
BRONZE,III,EUW1_5260008607
BRONZE,III,EUW1_5257174715
BRONZE,III,EUW1_5257046573
BRONZE,III,EUW1_5257002120
BRONZE,III,EUW1_5256825678
BRONZE,III,EUW1_5255102731
BRONZE,III,EUW1_5253954826
BRONZE,III,EUW1_5254020879
BRONZE,III,EUW1_5253880134
BRONZE,III,EUW1_5253304148
BRONZE,III,EUW1_5253236128
BRONZE,III,EUW1_5253127458
BRONZE,III,EUW1_5253018536
BRONZE,III,EUW1_5244961603
BRONZE,III,EUW1_5244833449
BRONZE,III,EUW1_5242893702
BRONZE,III,EUW1_5242676361
BRONZE,III,EUW1_5242579944
BRONZE,III,EUW1_5240531282
BRONZE,III,EUW1_5240416597
BRONZE,III,EUW1_5548868769
BRONZE,III,EUW1_5547014824
BRONZE,III,EUW1_5546955234
BRONZE,III,EUW1_5546881244
BRONZE,III,EUW1_5503335254
BRONZE,III,EUW1_5501691946
BRONZE,III,EUW1_5456505831
BRONZE,III,EUW1_5402229783
BRONZE,III,EUW1_5394871720
BRONZE,III,EUW1_5367885144
BRONZE,III,EUW1_5367502087
BRONZE,III,EUW1_5366308684
BRONZE,III,EUW1_5362707985
BRONZE,III,EUW1_5362388867
BRONZE,III,EUW1_5356957452
BRONZE,III,EUW1_5355466302
BRONZE,III,EUW1_5346955485
BRONZE,III,EUW1_5345054315
BRONZE,III,EUW1_5343667331
BRONZE,III,EUW1_5343682170
BRONZE,III,EUW1_5343365578
BRONZE,III,EUW1_5338859009
BRONZE,III,EUW1_5324513923
BRONZE,III,EUW1_5322855941
BRONZE,III,EUW1_5322658086
BRONZE,III,EUW1_5321337910
BRONZE,III,EUW1_5321089701
BRONZE,III,EUW1_5320170977
BRONZE,III,EUW1_5318105786
BRONZE,III,EUW1_5317930541
BRONZE,III,EUW1_5317846162
BRONZE,III,EUW1_5296466039
BRONZE,III,EUW1_5296411336
BRONZE,III,EUW1_5290183740
BRONZE,III,EUW1_5290078154
BRONZE,III,EUW1_5278875937
BRONZE,III,EUW1_5278791825
BRONZE,III,EUW1_5275405405
BRONZE,III,EUW1_5273835918
BRONZE,III,EUW1_5273508908
BRONZE,III,EUW1_5273543695
BRONZE,III,EUW1_5272408044
BRONZE,III,EUW1_5271364892
BRONZE,III,EUW1_5267372838
BRONZE,III,EUW1_5266693362
BRONZE,III,EUW1_5265951395
BRONZE,III,EUW1_5265306789
BRONZE,III,EUW1_5258220181
BRONZE,III,EUW1_5256371761
BRONZE,III,EUW1_5256267056
BRONZE,III,EUW1_5253376746
BRONZE,III,EUW1_5531172480
BRONZE,III,EUW1_5531036435
BRONZE,III,EUW1_5530870005
BRONZE,III,EUW1_5530832874
BRONZE,III,EUW1_5390654480
BRONZE,III,EUW1_5390627693
BRONZE,III,EUW1_5390611601
BRONZE,III,EUW1_5390478178
BRONZE,III,EUW1_5390474277
BRONZE,III,EUW1_5389000767
BRONZE,III,EUW1_5388933368
BRONZE,III,EUW1_5388827229
BRONZE,III,EUW1_5388843357
BRONZE,III,EUW1_5387801683
BRONZE,III,EUW1_5387773055
BRONZE,III,EUW1_5387507249
BRONZE,III,EUW1_5387357962
BRONZE,III,EUW1_5387304001
BRONZE,III,EUW1_5387118074
BRONZE,III,EUW1_5387083869
BRONZE,III,EUW1_5384154922
BRONZE,III,EUW1_5384028405
BRONZE,III,EUW1_5384022209
BRONZE,III,EUW1_5383877808
BRONZE,III,EUW1_5383921793
BRONZE,III,EUW1_5383826285
BRONZE,III,EUW1_5383811592
BRONZE,III,EUW1_5374623639
BRONZE,III,EUW1_5374538546
BRONZE,III,EUW1_5374494837
BRONZE,III,EUW1_5374490712
BRONZE,III,EUW1_5374416462
BRONZE,III,EUW1_5289917272
BRONZE,III,EUW1_5289843382
BRONZE,III,EUW1_5289807889
BRONZE,III,EUW1_5289722689
BRONZE,III,EUW1_5273754063
BRONZE,III,EUW1_5273645184
BRONZE,III,EUW1_5273558483
BRONZE,III,EUW1_5273542811
BRONZE,III,EUW1_5272645413
BRONZE,III,EUW1_5272497995
BRONZE,III,EUW1_5272440236
BRONZE,III,EUW1_5271060947
BRONZE,III,EUW1_5271008416
BRONZE,III,EUW1_5266760145
BRONZE,III,EUW1_5266782479
BRONZE,III,EUW1_5265928529
BRONZE,III,EUW1_5265893731
BRONZE,III,EUW1_5259592223
