DIAMOND,III,EUW1_5542196408
DIAMOND,III,EUW1_5541885051
DIAMOND,III,EUW1_5529533917
DIAMOND,III,EUW1_5529410348
DIAMOND,III,EUW1_5529275799
DIAMOND,III,EUW1_5529178019
DIAMOND,III,EUW1_5529113688
DIAMOND,III,EUW1_5528789903
DIAMOND,III,EUW1_5528736779
DIAMOND,III,EUW1_5528781742
DIAMOND,III,EUW1_5528567575
DIAMOND,III,EUW1_5528434958
DIAMOND,III,EUW1_5528510607
DIAMOND,III,EUW1_5528308785
DIAMOND,III,EUW1_5528245039
DIAMOND,III,EUW1_5525243179
DIAMOND,III,EUW1_5525212526
DIAMOND,III,EUW1_5525159540
DIAMOND,III,EUW1_5525108866
DIAMOND,III,EUW1_5524661407
DIAMOND,III,EUW1_5524484528
DIAMOND,III,EUW1_5524270928
DIAMOND,III,EUW1_5524098178
DIAMOND,III,EUW1_5524069884
DIAMOND,III,EUW1_5524007483
DIAMOND,III,EUW1_5524044360
DIAMOND,III,EUW1_5524070496
DIAMOND,III,EUW1_5523725409
DIAMOND,III,EUW1_5523723398
DIAMOND,III,EUW1_5523629829
DIAMOND,III,EUW1_5523616640
DIAMOND,III,EUW1_5523610727
DIAMOND,III,EUW1_5523523718
DIAMOND,III,EUW1_5523437118
DIAMOND,III,EUW1_5523368929
DIAMOND,III,EUW1_5522374215
DIAMOND,III,EUW1_5518202970
DIAMOND,III,EUW1_5518003439
DIAMOND,III,EUW1_5517865282
DIAMOND,III,EUW1_5504032944
DIAMOND,III,EUW1_5503943351
DIAMOND,III,EUW1_5503951062
DIAMOND,III,EUW1_5503514653
DIAMOND,III,EUW1_5503405682
DIAMOND,III,EUW1_5502963202
DIAMOND,III,EUW1_5502888743
DIAMOND,III,EUW1_5502754839
DIAMOND,III,EUW1_5502741572
DIAMOND,III,EUW1_5502011211
DIAMOND,III,EUW1_5548709925
DIAMOND,III,EUW1_5548713467
DIAMOND,III,EUW1_5548589280
DIAMOND,III,EUW1_5548438429
DIAMOND,III,EUW1_5548418829
DIAMOND,III,EUW1_5548396825
DIAMOND,III,EUW1_5547758760
DIAMOND,III,EUW1_5547716894
DIAMOND,III,EUW1_5547734665
DIAMOND,III,EUW1_5546205636
DIAMOND,III,EUW1_5512495821
DIAMOND,III,EUW1_5512355815
DIAMOND,III,EUW1_5512298153
DIAMOND,III,EUW1_5512212719
DIAMOND,III,EUW1_5512121315
DIAMOND,III,EUW1_5512055258
DIAMOND,III,EUW1_5511340505
DIAMOND,III,EUW1_5510313859
DIAMOND,III,EUW1_5510208178
DIAMOND,III,EUW1_5510241466
DIAMOND,III,EUW1_5509751371
DIAMOND,III,EUW1_5509120478
DIAMOND,III,EUW1_5509016246
DIAMOND,III,EUW1_5508992945
DIAMOND,III,EUW1_5508892675
DIAMOND,III,EUW1_5541964093
DIAMOND,III,EUW1_5541273707
DIAMOND,III,EUW1_5540487471
DIAMOND,III,EUW1_5540404252
DIAMOND,III,EUW1_5540268815
DIAMOND,III,EUW1_5540240884
DIAMOND,III,EUW1_5540224832
DIAMOND,III,EUW1_5540080245
DIAMOND,III,EUW1_5539862819
DIAMOND,III,EUW1_5539669514
DIAMOND,III,EUW1_5539656597
DIAMOND,III,EUW1_5538357335
DIAMOND,III,EUW1_5537877127
DIAMOND,III,EUW1_5536915304
DIAMOND,III,EUW1_5536847421
DIAMOND,III,EUW1_5535222755
DIAMOND,III,EUW1_5535197552
DIAMOND,III,EUW1_5535133158
DIAMOND,III,EUW1_5533232396
DIAMOND,III,EUW1_5533155610
DIAMOND,III,EUW1_5532212575
DIAMOND,III,EUW1_5532068343
DIAMOND,III,EUW1_5531506250
DIAMOND,III,EUW1_5530558759
DIAMOND,III,EUW1_5530543379
DIAMOND,III,EUW1_5530132565
DIAMOND,III,EUW1_5530087570
DIAMOND,III,EUW1_5529232121
DIAMOND,III,EUW1_5529194544
DIAMOND,III,EUW1_5529132175
DIAMOND,III,EUW1_5529017933
DIAMOND,III,EUW1_5529041745
DIAMOND,III,EUW1_5527210720
DIAMOND,III,EUW1_5527137097
DIAMOND,III,EUW1_5527065475
DIAMOND,III,EUW1_5527029936
DIAMOND,III,EUW1_5524268678
DIAMOND,III,EUW1_5521073633
DIAMOND,III,EUW1_5520940222
DIAMOND,III,EUW1_5519821243
DIAMOND,III,EUW1_5519755309
DIAMOND,III,EUW1_5519660411
DIAMOND,III,EUW1_5519585270
DIAMOND,III,EUW1_5519273887
DIAMOND,III,EUW1_5519209009
DIAMOND,III,EUW1_5518702676
DIAMOND,III,EUW1_5518576923
DIAMOND,III,EUW1_5518549456
DIAMOND,III,EUW1_5518093864
DIAMOND,III,EUW1_5518018346
DIAMOND,III,EUW1_5547834034
DIAMOND,III,EUW1_5547745038
DIAMOND,III,EUW1_5547801497
DIAMOND,III,EUW1_5547530290
DIAMOND,III,EUW1_5547507487
DIAMOND,III,EUW1_5544376224
DIAMOND,III,EUW1_5544354228
DIAMOND,III,EUW1_5544298606
DIAMOND,III,EUW1_5544208090
DIAMOND,III,EUW1_5544221919
DIAMOND,III,EUW1_5544155640
DIAMOND,III,EUW1_5544009807
DIAMOND,III,EUW1_5543990156
DIAMOND,III,EUW1_5542730262
DIAMOND,III,EUW1_5542739330
DIAMOND,III,EUW1_5542747657
DIAMOND,III,EUW1_5542765566
DIAMOND,III,EUW1_5542735180
DIAMOND,III,EUW1_5542781167
DIAMOND,III,EUW1_5542695610
DIAMOND,III,EUW1_5542622647
DIAMOND,III,EUW1_5542492789
DIAMOND,III,EUW1_5542228086
DIAMOND,III,EUW1_5541899436
DIAMOND,III,EUW1_5541662007
DIAMOND,III,EUW1_5541566746
DIAMOND,III,EUW1_5541562254
DIAMOND,III,EUW1_5541467163
DIAMOND,III,EUW1_5540903819
DIAMOND,III,EUW1_5540882828
DIAMOND,III,EUW1_5540820170
DIAMOND,III,EUW1_5540836643
DIAMOND,III,EUW1_5535722086
DIAMOND,III,EUW1_5535716920
DIAMOND,III,EUW1_5535610017
DIAMOND,III,EUW1_5535553667
DIAMOND,III,EUW1_5535463964
DIAMOND,III,EUW1_5527904962
DIAMOND,III,EUW1_5527843947
DIAMOND,III,EUW1_5527840488
DIAMOND,III,EUW1_5527830943
DIAMOND,III,EUW1_5527665324
DIAMOND,III,EUW1_5526735544
DIAMOND,III,EUW1_5521399064
DIAMOND,III,EUW1_5521393097
DIAMOND,III,EUW1_5521238326
DIAMOND,III,EUW1_5521253216
DIAMOND,III,EUW1_5521169689
DIAMOND,III,EUW1_5521174340
DIAMOND,III,EUW1_5521120409
DIAMOND,III,EUW1_5548113282
DIAMOND,III,EUW1_5548062898
DIAMOND,III,EUW1_5547939550
DIAMOND,III,EUW1_5547937860
DIAMOND,III,EUW1_5547926552
DIAMOND,III,EUW1_5547905792
DIAMOND,III,EUW1_5547808016
DIAMOND,III,EUW1_5547778099
DIAMOND,III,EUW1_5547668975
DIAMOND,III,EUW1_5547318957
DIAMOND,III,EUW1_5547340907
DIAMOND,III,EUW1_5547224745
DIAMOND,III,EUW1_5547153234
DIAMOND,III,EUW1_5546990127
DIAMOND,III,EUW1_5547043094
DIAMOND,III,EUW1_5546936168
DIAMOND,III,EUW1_5544899889
DIAMOND,III,EUW1_5544886407
DIAMOND,III,EUW1_5542746962
DIAMOND,III,EUW1_5541264863
DIAMOND,III,EUW1_5541176385
DIAMOND,III,EUW1_5541191514
DIAMOND,III,EUW1_5541136609
DIAMOND,III,EUW1_5540405497
DIAMOND,III,EUW1_5540249734
DIAMOND,III,EUW1_5540282237
DIAMOND,III,EUW1_5540196317
DIAMOND,III,EUW1_5540141165
DIAMOND,III,EUW1_5540134867
DIAMOND,III,EUW1_5539998087
DIAMOND,III,EUW1_5539939851
DIAMOND,III,EUW1_5539915687
DIAMOND,III,EUW1_5539756195
DIAMOND,III,EUW1_5539753229
DIAMOND,III,EUW1_5539718243
DIAMOND,III,EUW1_5539133606
DIAMOND,III,EUW1_5538679518
DIAMOND,III,EUW1_5538601414
DIAMOND,III,EUW1_5538561864
DIAMOND,III,EUW1_5538436679
DIAMOND,III,EUW1_5538460965
DIAMOND,III,EUW1_5538295854
DIAMOND,III,EUW1_5538239169
DIAMOND,III,EUW1_5538272638
DIAMOND,III,EUW1_5538109680
DIAMOND,III,EUW1_5538104174
DIAMOND,III,EUW1_5537770997
DIAMOND,III,EUW1_5537691233
DIAMOND,III,EUW1_5537639819
DIAMOND,III,EUW1_5537618879
DIAMOND,III,EUW1_5548941377
DIAMOND,III,EUW1_5548572350
DIAMOND,III,EUW1_5548438030
DIAMOND,III,EUW1_5548462868
DIAMOND,III,EUW1_5547509866
DIAMOND,III,EUW1_5547478860
DIAMOND,III,EUW1_5547458668
DIAMOND,III,EUW1_5547425960
DIAMOND,III,EUW1_5547344248
DIAMOND,III,EUW1_5546835253
DIAMOND,III,EUW1_5545972785
DIAMOND,III,EUW1_5545951919
DIAMOND,III,EUW1_5545831236
DIAMOND,III,EUW1_5545687808
DIAMOND,III,EUW1_5545280142
DIAMOND,III,EUW1_5544312928
DIAMOND,III,EUW1_5544249483
DIAMOND,III,EUW1_5544255378
DIAMOND,III,EUW1_5543997489
DIAMOND,III,EUW1_5543942356
DIAMOND,III,EUW1_5543883603
DIAMOND,III,EUW1_5543739776
DIAMOND,III,EUW1_5543752592
DIAMOND,III,EUW1_5540800996
DIAMOND,III,EUW1_5540724959
DIAMOND,III,EUW1_5540465463
DIAMOND,III,EUW1_5540418408
DIAMOND,III,EUW1_5540288961
DIAMOND,III,EUW1_5540265662
DIAMOND,III,EUW1_5538915438
DIAMOND,III,EUW1_5538259585
DIAMOND,III,EUW1_5535657372
DIAMOND,III,EUW1_5534280400
DIAMOND,III,EUW1_5532397390
DIAMOND,III,EUW1_5531042005
DIAMOND,III,EUW1_5530837387
DIAMOND,III,EUW1_5530668779
DIAMOND,III,EUW1_5530624506
DIAMOND,III,EUW1_5530556391
DIAMOND,III,EUW1_5530500959
DIAMOND,III,EUW1_5530463118
DIAMOND,III,EUW1_5530309146
DIAMOND,III,EUW1_5530342811
DIAMOND,III,EUW1_5526542000
DIAMOND,III,EUW1_5526527298
DIAMOND,III,EUW1_5526193494
DIAMOND,III,EUW1_5526037383
DIAMOND,III,EUW1_5526032445
DIAMOND,III,EUW1_5525429806
DIAMOND,III,EUW1_5525081249
DIAMOND,III,EUW1_5548828509
DIAMOND,III,EUW1_5548799937
DIAMOND,III,EUW1_5547197043
DIAMOND,III,EUW1_5547148754
DIAMOND,III,EUW1_5545320430
DIAMOND,III,EUW1_5545072194
DIAMOND,III,EUW1_5544848809
DIAMOND,III,EUW1_5544854532
DIAMOND,III,EUW1_5544143640
DIAMOND,III,EUW1_5544045799
DIAMOND,III,EUW1_5542456815
DIAMOND,III,EUW1_5542250021
DIAMOND,III,EUW1_5539798460
DIAMOND,III,EUW1_5538705729
DIAMOND,III,EUW1_5538658406
DIAMOND,III,EUW1_5536992613
DIAMOND,III,EUW1_5536722435
DIAMOND,III,EUW1_5535335183
DIAMOND,III,EUW1_5534965865
DIAMOND,III,EUW1_5534085283
DIAMOND,III,EUW1_5533732058
DIAMOND,III,EUW1_5533535810
DIAMOND,III,EUW1_5533450338
DIAMOND,III,EUW1_5529919631
DIAMOND,III,EUW1_5528802802
DIAMOND,III,EUW1_5528784590
DIAMOND,III,EUW1_5528690578
DIAMOND,III,EUW1_5528573703
DIAMOND,III,EUW1_5525803273
DIAMOND,III,EUW1_5521365789
DIAMOND,III,EUW1_5521279993
DIAMOND,III,EUW1_5521313956
DIAMOND,III,EUW1_5519520429
DIAMOND,III,EUW1_5517027774
DIAMOND,III,EUW1_5517041201
DIAMOND,III,EUW1_5516916576
DIAMOND,III,EUW1_5511415179
DIAMOND,III,EUW1_5510100480
DIAMOND,III,EUW1_5507575982
DIAMOND,III,EUW1_5507532239
DIAMOND,III,EUW1_5506021233
DIAMOND,III,EUW1_5505839921
DIAMOND,III,EUW1_5505825336
DIAMOND,III,EUW1_5505840903
DIAMOND,III,EUW1_5500484028
DIAMOND,III,EUW1_5490334149
DIAMOND,III,EUW1_5490170038
DIAMOND,III,EUW1_5490129396
DIAMOND,III,EUW1_5490061040
DIAMOND,III,EUW1_5487614359
DIAMOND,III,EUW1_5546824396
DIAMOND,III,EUW1_5546747411
DIAMOND,III,EUW1_5546437465
DIAMOND,III,EUW1_5546443791
DIAMOND,III,EUW1_5546393448
DIAMOND,III,EUW1_5546440789
DIAMOND,III,EUW1_5546319827
DIAMOND,III,EUW1_5545042355
DIAMOND,III,EUW1_5544821542
DIAMOND,III,EUW1_5544774977
DIAMOND,III,EUW1_5544762265
DIAMOND,III,EUW1_5544696038
DIAMOND,III,EUW1_5543783582
DIAMOND,III,EUW1_5543679145
DIAMOND,III,EUW1_5543512655
DIAMOND,III,EUW1_5543389071
DIAMOND,III,EUW1_5543354919
DIAMOND,III,EUW1_5543029321
DIAMOND,III,EUW1_5543090769
DIAMOND,III,EUW1_5541834789
DIAMOND,III,EUW1_5541419286
DIAMOND,III,EUW1_5541413022
DIAMOND,III,EUW1_5541118078
DIAMOND,III,EUW1_5540428891
DIAMOND,III,EUW1_5540414090
DIAMOND,III,EUW1_5540295140
DIAMOND,III,EUW1_5540200564
DIAMOND,III,EUW1_5539956314
DIAMOND,III,EUW1_5538282667
DIAMOND,III,EUW1_5538234675
DIAMOND,III,EUW1_5537969479
DIAMOND,III,EUW1_5537956030
DIAMOND,III,EUW1_5533208996
DIAMOND,III,EUW1_5529125074
DIAMOND,III,EUW1_5528985772
DIAMOND,III,EUW1_5528960934
DIAMOND,III,EUW1_5527178591
DIAMOND,III,EUW1_5527202267
DIAMOND,III,EUW1_5527060125
DIAMOND,III,EUW1_5526945050
DIAMOND,III,EUW1_5526843588
DIAMOND,III,EUW1_5526840687
DIAMOND,III,EUW1_5526752172
DIAMOND,III,EUW1_5526139464
DIAMOND,III,EUW1_5525859772
DIAMOND,III,EUW1_5525742034
DIAMOND,III,EUW1_5524531270
DIAMOND,III,EUW1_5522502628
DIAMOND,III,EUW1_5522350532
DIAMOND,III,EUW1_5521242469
DIAMOND,III,EUW1_5547526783
DIAMOND,III,EUW1_5547502367
DIAMOND,III,EUW1_5546778647
DIAMOND,III,EUW1_5546782254
DIAMOND,III,EUW1_5546688231
DIAMOND,III,EUW1_5546054798
DIAMOND,III,EUW1_5545908334
DIAMOND,III,EUW1_5543964238
DIAMOND,III,EUW1_5543827288
DIAMOND,III,EUW1_5543540135
DIAMOND,III,EUW1_5543504647
DIAMOND,III,EUW1_5540076388
DIAMOND,III,EUW1_5540037991
DIAMOND,III,EUW1_5538825521
DIAMOND,III,EUW1_5538794517
DIAMOND,III,EUW1_5538726980
DIAMOND,III,EUW1_5537311645
DIAMOND,III,EUW1_5536906210
DIAMOND,III,EUW1_5536941250
DIAMOND,III,EUW1_5534136340
DIAMOND,III,EUW1_5533733898
DIAMOND,III,EUW1_5533499454
DIAMOND,III,EUW1_5532307763
DIAMOND,III,EUW1_5532312211
DIAMOND,III,EUW1_5532206269
DIAMOND,III,EUW1_5530582727
DIAMOND,III,EUW1_5530430150
DIAMOND,III,EUW1_5530491869
DIAMOND,III,EUW1_5530397357
DIAMOND,III,EUW1_5524863955
DIAMOND,III,EUW1_5524689929
DIAMOND,III,EUW1_5523577684
DIAMOND,III,EUW1_5523552271
DIAMOND,III,EUW1_5523396592
DIAMOND,III,EUW1_5522112072
DIAMOND,III,EUW1_5521998517
DIAMOND,III,EUW1_5521619379
DIAMOND,III,EUW1_5521519940
DIAMOND,III,EUW1_5521511797
DIAMOND,III,EUW1_5521396513
DIAMOND,III,EUW1_5521370520
DIAMOND,III,EUW1_5520428450
DIAMOND,III,EUW1_5520470944
DIAMOND,III,EUW1_5519831200
DIAMOND,III,EUW1_5519707576
DIAMOND,III,EUW1_5519673319
DIAMOND,III,EUW1_5518212344
DIAMOND,III,EUW1_5518078266
DIAMOND,III,EUW1_5518064413
DIAMOND,III,EUW1_5529592716
DIAMOND,III,EUW1_5529551159
DIAMOND,III,EUW1_5529437477
DIAMOND,III,EUW1_5528324685
DIAMOND,III,EUW1_5523770753
DIAMOND,III,EUW1_5522162793
DIAMOND,III,EUW1_5522190641
DIAMOND,III,EUW1_5521960132
DIAMOND,III,EUW1_5517174528
DIAMOND,III,EUW1_5514325372
DIAMOND,III,EUW1_5514256457
DIAMOND,III,EUW1_5514255119
DIAMOND,III,EUW1_5513081690
DIAMOND,III,EUW1_5512959697
DIAMOND,III,EUW1_5512409688
DIAMOND,III,EUW1_5511479140
DIAMOND,III,EUW1_5511478053
DIAMOND,III,EUW1_5511495970
DIAMOND,III,EUW1_5511425770
DIAMOND,III,EUW1_5490481870
DIAMOND,III,EUW1_5490357588
DIAMOND,III,EUW1_5490352789
DIAMOND,III,EUW1_5490315154
DIAMOND,III,EUW1_5489583737
DIAMOND,III,EUW1_5489345556
DIAMOND,III,EUW1_5489239895
DIAMOND,III,EUW1_5489210462
DIAMOND,III,EUW1_5489173791
DIAMOND,III,EUW1_5487343858
DIAMOND,III,EUW1_5487322429
DIAMOND,III,EUW1_5487259736
DIAMOND,III,EUW1_5485549108
DIAMOND,III,EUW1_5485595323
DIAMOND,III,EUW1_5485533634
DIAMOND,III,EUW1_5479843851
DIAMOND,III,EUW1_5479842974
DIAMOND,III,EUW1_5479891607
DIAMOND,III,EUW1_5479769702
DIAMOND,III,EUW1_5474777938
DIAMOND,III,EUW1_5474762798
DIAMOND,III,EUW1_5474158990
DIAMOND,III,EUW1_5474142100
DIAMOND,III,EUW1_5474055086
DIAMOND,III,EUW1_5473123480
DIAMOND,III,EUW1_5473141911
DIAMOND,III,EUW1_5473048431
DIAMOND,III,EUW1_5473044528
DIAMOND,III,EUW1_5472531440
DIAMOND,III,EUW1_5471644819
DIAMOND,III,EUW1_5471632892
DIAMOND,III,EUW1_5548407540
DIAMOND,III,EUW1_5530123923
DIAMOND,III,EUW1_5520621272
DIAMOND,III,EUW1_5520535638
DIAMOND,III,EUW1_5520419815
DIAMOND,III,EUW1_5520414392
DIAMOND,III,EUW1_5520284665
DIAMOND,III,EUW1_5518440998
DIAMOND,III,EUW1_5518175625
DIAMOND,III,EUW1_5516956456
DIAMOND,III,EUW1_5516930752
DIAMOND,III,EUW1_5516863668
DIAMOND,III,EUW1_5516766689
DIAMOND,III,EUW1_5516780553
DIAMOND,III,EUW1_5516626211
DIAMOND,III,EUW1_5516651254
DIAMOND,III,EUW1_5516526885
DIAMOND,III,EUW1_5516542779
DIAMOND,III,EUW1_5516448132
DIAMOND,III,EUW1_5515884726
DIAMOND,III,EUW1_5515820637
DIAMOND,III,EUW1_5515722944
DIAMOND,III,EUW1_5515667723
DIAMOND,III,EUW1_5515347800
DIAMOND,III,EUW1_5515342684
DIAMOND,III,EUW1_5515238020
DIAMOND,III,EUW1_5515252561
DIAMOND,III,EUW1_5515138787
DIAMOND,III,EUW1_5515120615
DIAMOND,III,EUW1_5515037442
DIAMOND,III,EUW1_5513563640
DIAMOND,III,EUW1_5513469335
DIAMOND,III,EUW1_5513149033
DIAMOND,III,EUW1_5513181150
DIAMOND,III,EUW1_5512949741
DIAMOND,III,EUW1_5512240936
DIAMOND,III,EUW1_5495414168
DIAMOND,III,EUW1_5494066478
DIAMOND,III,EUW1_5487739645
DIAMOND,III,EUW1_5484203804
DIAMOND,III,EUW1_5484099532
DIAMOND,III,EUW1_5483882131
DIAMOND,III,EUW1_5470525053
DIAMOND,III,EUW1_5470361566
DIAMOND,III,EUW1_5469654008
DIAMOND,III,EUW1_5469616466
DIAMOND,III,EUW1_5469590533
DIAMOND,III,EUW1_5459180460
DIAMOND,III,EUW1_5453493352
DIAMOND,III,EUW1_5453467578
DIAMOND,III,EUW1_5535244122
DIAMOND,III,EUW1_5446861594
DIAMOND,III,EUW1_5446800257
DIAMOND,III,EUW1_5439540931
DIAMOND,III,EUW1_5439379692
DIAMOND,III,EUW1_5439376197
DIAMOND,III,EUW1_5439402471
DIAMOND,III,EUW1_5439370984
DIAMOND,III,EUW1_5439347026
DIAMOND,III,EUW1_5437976820
DIAMOND,III,EUW1_5438003904
DIAMOND,III,EUW1_5437940126
DIAMOND,III,EUW1_5437088474
DIAMOND,III,EUW1_5437024794
DIAMOND,III,EUW1_5433810869
DIAMOND,III,EUW1_5433704194
DIAMOND,III,EUW1_5433590204
DIAMOND,III,EUW1_5433519394
DIAMOND,III,EUW1_5433456602
DIAMOND,III,EUW1_5433491966
DIAMOND,III,EUW1_5433357009
DIAMOND,III,EUW1_5433364151
DIAMOND,III,EUW1_5433381266
DIAMOND,III,EUW1_5433288780
DIAMOND,III,EUW1_5433296178
DIAMOND,III,EUW1_5546736593
DIAMOND,III,EUW1_5546682196
DIAMOND,III,EUW1_5545986919
DIAMOND,III,EUW1_5545879256
DIAMOND,III,EUW1_5545810824
DIAMOND,III,EUW1_5545631536
DIAMOND,III,EUW1_5545266957
DIAMOND,III,EUW1_5544870887
DIAMOND,III,EUW1_5544386843
DIAMOND,III,EUW1_5544307663
DIAMOND,III,EUW1_5543825437
DIAMOND,III,EUW1_5543739016
DIAMOND,III,EUW1_5543771307
DIAMOND,III,EUW1_5543604671
DIAMOND,III,EUW1_5543577803
DIAMOND,III,EUW1_5543502211
DIAMOND,III,EUW1_5543201832
DIAMOND,III,EUW1_5540006782
DIAMOND,III,EUW1_5539939507
DIAMOND,III,EUW1_5539491175
DIAMOND,III,EUW1_5539220375
DIAMOND,III,EUW1_5539229096
DIAMOND,III,EUW1_5538580413
DIAMOND,III,EUW1_5538330554
DIAMOND,III,EUW1_5538252078
DIAMOND,III,EUW1_5538124853
DIAMOND,III,EUW1_5538029801
DIAMOND,III,EUW1_5537077717
DIAMOND,III,EUW1_5536991710
DIAMOND,III,EUW1_5536906221
DIAMOND,III,EUW1_5535397401
DIAMOND,III,EUW1_5535325422
DIAMOND,III,EUW1_5535034811
DIAMOND,III,EUW1_5535008756
DIAMOND,III,EUW1_5535004082
DIAMOND,III,EUW1_5534859289
DIAMOND,III,EUW1_5548899776
DIAMOND,III,EUW1_5548883498
DIAMOND,III,EUW1_5548511677
DIAMOND,III,EUW1_5548328832
DIAMOND,III,EUW1_5548333719
DIAMOND,III,EUW1_5548279637
DIAMOND,III,EUW1_5548285440
DIAMOND,III,EUW1_5548282399
DIAMOND,III,EUW1_5547500965
DIAMOND,III,EUW1_5547444994
DIAMOND,III,EUW1_5547381731
DIAMOND,III,EUW1_5547275435
DIAMOND,III,EUW1_5547186039
DIAMOND,III,EUW1_5547125395
DIAMOND,III,EUW1_5547044273
DIAMOND,III,EUW1_5546947377
DIAMOND,III,EUW1_5546920923
DIAMOND,III,EUW1_5543959650
DIAMOND,III,EUW1_5543930992
DIAMOND,III,EUW1_5543805716
DIAMOND,III,EUW1_5543746689
DIAMOND,III,EUW1_5543674442
DIAMOND,III,EUW1_5543545622
DIAMOND,III,EUW1_5543420455
DIAMOND,III,EUW1_5543306421
DIAMOND,III,EUW1_5543287666
DIAMOND,III,EUW1_5543272231
DIAMOND,III,EUW1_5543157915
DIAMOND,III,EUW1_5543172131
DIAMOND,III,EUW1_5541639156
DIAMOND,III,EUW1_5541575360
DIAMOND,III,EUW1_5541560552
DIAMOND,III,EUW1_5541521495
DIAMOND,III,EUW1_5541426022
DIAMOND,III,EUW1_5541343676
DIAMOND,III,EUW1_5541296043
DIAMOND,III,EUW1_5541149396
DIAMOND,III,EUW1_5541156294
DIAMOND,III,EUW1_5541201711
DIAMOND,III,EUW1_5541087769
DIAMOND,III,EUW1_5540662981
DIAMOND,III,EUW1_5540615673
DIAMOND,III,EUW1_5540508655
DIAMOND,III,EUW1_5540463917
DIAMOND,III,EUW1_5540408211
DIAMOND,III,EUW1_5540420592
DIAMOND,III,EUW1_5539794295
DIAMOND,III,EUW1_5539782189
DIAMOND,III,EUW1_5539687715
DIAMOND,III,EUW1_5538082564
DIAMOND,III,EUW1_5548787821
DIAMOND,III,EUW1_5548761500
DIAMOND,III,EUW1_5548627898
DIAMOND,III,EUW1_5548398992
DIAMOND,III,EUW1_5547174823
DIAMOND,III,EUW1_5545565132
DIAMOND,III,EUW1_5542878359
DIAMOND,III,EUW1_5541834789
DIAMOND,III,EUW1_5541631557
DIAMOND,III,EUW1_5541505736
DIAMOND,III,EUW1_5541378621
DIAMOND,III,EUW1_5539841858
DIAMOND,III,EUW1_5539793000
DIAMOND,III,EUW1_5539674302
DIAMOND,III,EUW1_5539623769
DIAMOND,III,EUW1_5539630764
DIAMOND,III,EUW1_5539498338
DIAMOND,III,EUW1_5539506726
DIAMOND,III,EUW1_5539455375
DIAMOND,III,EUW1_5539464727
DIAMOND,III,EUW1_5538644718
DIAMOND,III,EUW1_5538600493
DIAMOND,III,EUW1_5538495470
DIAMOND,III,EUW1_5537992148
DIAMOND,III,EUW1_5537948297
DIAMOND,III,EUW1_5537905826
DIAMOND,III,EUW1_5536600716
DIAMOND,III,EUW1_5536540870
DIAMOND,III,EUW1_5536417488
DIAMOND,III,EUW1_5471387688
DIAMOND,III,EUW1_5469573654
DIAMOND,III,EUW1_5460174365
DIAMOND,III,EUW1_5460124119
DIAMOND,III,EUW1_5460113146
DIAMOND,III,EUW1_5458806594
DIAMOND,III,EUW1_5458801769
DIAMOND,III,EUW1_5448435350
DIAMOND,III,EUW1_5448472094
DIAMOND,III,EUW1_5448330147
DIAMOND,III,EUW1_5448375552
DIAMOND,III,EUW1_5448303900
DIAMOND,III,EUW1_5448301040
DIAMOND,III,EUW1_5443244119
DIAMOND,III,EUW1_5443181390
DIAMOND,III,EUW1_5431568293
DIAMOND,III,EUW1_5431567651
DIAMOND,III,EUW1_5428907445
DIAMOND,III,EUW1_5428860337
DIAMOND,III,EUW1_5428438806
DIAMOND,III,EUW1_5428418349
DIAMOND,III,EUW1_5428417677
DIAMOND,III,EUW1_5428377412
DIAMOND,III,EUW1_5428366550
DIAMOND,III,EUW1_5386280649
DIAMOND,III,EUW1_5542844808
DIAMOND,III,EUW1_5542853505
DIAMOND,III,EUW1_5532824718
DIAMOND,III,EUW1_5529734686
DIAMOND,III,EUW1_5529752605
DIAMOND,III,EUW1_5524551158
DIAMOND,III,EUW1_5509840886
DIAMOND,III,EUW1_5506721288
DIAMOND,III,EUW1_5501100943
DIAMOND,III,EUW1_5501029014
DIAMOND,III,EUW1_5497116088
DIAMOND,III,EUW1_5493505252
DIAMOND,III,EUW1_5493513823
DIAMOND,III,EUW1_5492652628
DIAMOND,III,EUW1_5490419941
DIAMOND,III,EUW1_5490427311
DIAMOND,III,EUW1_5490284986
DIAMOND,III,EUW1_5490188978
DIAMOND,III,EUW1_5490144854
DIAMOND,III,EUW1_5490116139
DIAMOND,III,EUW1_5489828832
DIAMOND,III,EUW1_5489569957
DIAMOND,III,EUW1_5489239900
DIAMOND,III,EUW1_5489253426
DIAMOND,III,EUW1_5489099103
DIAMOND,III,EUW1_5488438203
DIAMOND,III,EUW1_5488328182
DIAMOND,III,EUW1_5487061941
DIAMOND,III,EUW1_5486782706
DIAMOND,III,EUW1_5486557392
DIAMOND,III,EUW1_5486550607
DIAMOND,III,EUW1_5485799084
DIAMOND,III,EUW1_5485747893
DIAMOND,III,EUW1_5485326677
DIAMOND,III,EUW1_5485134352
DIAMOND,III,EUW1_5484989363
DIAMOND,III,EUW1_5484945286
DIAMOND,III,EUW1_5484951054
DIAMOND,III,EUW1_5484800072
DIAMOND,III,EUW1_5484787131
DIAMOND,III,EUW1_5484731402
DIAMOND,III,EUW1_5484662586
DIAMOND,III,EUW1_5484590273
DIAMOND,III,EUW1_5484566996
DIAMOND,III,EUW1_5484545771
DIAMOND,III,EUW1_5484448449
DIAMOND,III,EUW1_5484515602
DIAMOND,III,EUW1_5482880576
DIAMOND,III,EUW1_5482769552
DIAMOND,III,EUW1_5478020898
DIAMOND,III,EUW1_5545928984
DIAMOND,III,EUW1_5545850193
DIAMOND,III,EUW1_5545851126
DIAMOND,III,EUW1_5544171279
DIAMOND,III,EUW1_5544025024
DIAMOND,III,EUW1_5543960382
DIAMOND,III,EUW1_5543264842
DIAMOND,III,EUW1_5542746010
DIAMOND,III,EUW1_5541896452
DIAMOND,III,EUW1_5540497631
DIAMOND,III,EUW1_5540491963
DIAMOND,III,EUW1_5540327318
DIAMOND,III,EUW1_5540253345
DIAMOND,III,EUW1_5540159879
DIAMOND,III,EUW1_5540163877
DIAMOND,III,EUW1_5540117154
DIAMOND,III,EUW1_5538845443
DIAMOND,III,EUW1_5538709290
DIAMOND,III,EUW1_5538679241
DIAMOND,III,EUW1_5533261502
DIAMOND,III,EUW1_5530664097
DIAMOND,III,EUW1_5524510343
DIAMOND,III,EUW1_5524555001
DIAMOND,III,EUW1_5523603316
DIAMOND,III,EUW1_5523577701
DIAMOND,III,EUW1_5523512912
DIAMOND,III,EUW1_5521719654
DIAMOND,III,EUW1_5518244514
DIAMOND,III,EUW1_5518128432
DIAMOND,III,EUW1_5510716357
DIAMOND,III,EUW1_5510655666
DIAMOND,III,EUW1_5510526457
DIAMOND,III,EUW1_5509314724
DIAMOND,III,EUW1_5509178833
DIAMOND,III,EUW1_5509139428
DIAMOND,III,EUW1_5509000023
DIAMOND,III,EUW1_5509004631
DIAMOND,III,EUW1_5507797647
DIAMOND,III,EUW1_5507263756
DIAMOND,III,EUW1_5506362604
DIAMOND,III,EUW1_5506292662
DIAMOND,III,EUW1_5506110045
DIAMOND,III,EUW1_5506122513
DIAMOND,III,EUW1_5504742448
DIAMOND,III,EUW1_5504657593
DIAMOND,III,EUW1_5504550298
DIAMOND,III,EUW1_5504605407
DIAMOND,III,EUW1_5503177730
DIAMOND,III,EUW1_5501955092
DIAMOND,III,EUW1_5500301162
DIAMOND,III,EUW1_5507016329
DIAMOND,III,EUW1_5506987928
DIAMOND,III,EUW1_5506973874
DIAMOND,III,EUW1_5506901894
DIAMOND,III,EUW1_5505701463
DIAMOND,III,EUW1_5504842195
DIAMOND,III,EUW1_5504834878
DIAMOND,III,EUW1_5504676185
DIAMOND,III,EUW1_5504565706
DIAMOND,III,EUW1_5504536572
DIAMOND,III,EUW1_5504493767
DIAMOND,III,EUW1_5504415906
DIAMOND,III,EUW1_5504342393
DIAMOND,III,EUW1_5504246872
DIAMOND,III,EUW1_5503655025
DIAMOND,III,EUW1_5503616956
DIAMOND,III,EUW1_5503580877
DIAMOND,III,EUW1_5503038716
DIAMOND,III,EUW1_5502957241
DIAMOND,III,EUW1_5502983858
DIAMOND,III,EUW1_5502854152
DIAMOND,III,EUW1_5502841976
DIAMOND,III,EUW1_5502825729
DIAMOND,III,EUW1_5502081160
DIAMOND,III,EUW1_5501925856
DIAMOND,III,EUW1_5540347953
DIAMOND,III,EUW1_5527100444
DIAMOND,III,EUW1_5524086826
DIAMOND,III,EUW1_5524143071
DIAMOND,III,EUW1_5522587803
DIAMOND,III,EUW1_5522603258
DIAMOND,III,EUW1_5512461260
DIAMOND,III,EUW1_5491429181
DIAMOND,III,EUW1_5491383414
DIAMOND,III,EUW1_5482869299
DIAMOND,III,EUW1_5482297402
DIAMOND,III,EUW1_5466165882
DIAMOND,III,EUW1_5464725212
DIAMOND,III,EUW1_5451093312
DIAMOND,III,EUW1_5451027459
DIAMOND,III,EUW1_5450909294
DIAMOND,III,EUW1_5450913181
DIAMOND,III,EUW1_5450675744
DIAMOND,III,EUW1_5450642197
DIAMOND,III,EUW1_5445143667
DIAMOND,III,EUW1_5445029056
DIAMOND,III,EUW1_5445032750
DIAMOND,III,EUW1_5444865696
DIAMOND,III,EUW1_5426139861
DIAMOND,III,EUW1_5426116879
DIAMOND,III,EUW1_5405340865
DIAMOND,III,EUW1_5405236550
DIAMOND,III,EUW1_5397238075
DIAMOND,III,EUW1_5396833547
DIAMOND,III,EUW1_5396698827
DIAMOND,III,EUW1_5387335729
DIAMOND,III,EUW1_5356988046
DIAMOND,III,EUW1_5356923463
DIAMOND,III,EUW1_5355498025
DIAMOND,III,EUW1_5355531963
DIAMOND,III,EUW1_5355417326
DIAMOND,III,EUW1_5355392693
DIAMOND,III,EUW1_5355356023
DIAMOND,III,EUW1_5349960045
DIAMOND,III,EUW1_5347089103
DIAMOND,III,EUW1_5324218420
DIAMOND,III,EUW1_5324263351
DIAMOND,III,EUW1_5316779010
DIAMOND,III,EUW1_5313999260
DIAMOND,III,EUW1_5313733720
DIAMOND,III,EUW1_5313638832
DIAMOND,III,EUW1_5313594191
DIAMOND,III,EUW1_5312731693
DIAMOND,III,EUW1_5309365619
DIAMOND,III,EUW1_5309360553
DIAMOND,III,EUW1_5510158267
DIAMOND,III,EUW1_5510084147
DIAMOND,III,EUW1_5509969303
DIAMOND,III,EUW1_5510024333
DIAMOND,III,EUW1_5509990510
DIAMOND,III,EUW1_5509954721
DIAMOND,III,EUW1_5509883010
DIAMOND,III,EUW1_5509828783
DIAMOND,III,EUW1_5504575524
DIAMOND,III,EUW1_5504468083
DIAMOND,III,EUW1_5504397424
DIAMOND,III,EUW1_5504392034
DIAMOND,III,EUW1_5503244918
DIAMOND,III,EUW1_5503228805
DIAMOND,III,EUW1_5501506489
DIAMOND,III,EUW1_5500571723
DIAMOND,III,EUW1_5495852920
DIAMOND,III,EUW1_5495708585
DIAMOND,III,EUW1_5495740698
DIAMOND,III,EUW1_5495593327
DIAMOND,III,EUW1_5494646864
DIAMOND,III,EUW1_5494398215
DIAMOND,III,EUW1_5489299657
DIAMOND,III,EUW1_5489034130
DIAMOND,III,EUW1_5486823892
DIAMOND,III,EUW1_5547725440
DIAMOND,III,EUW1_5547772899
DIAMOND,III,EUW1_5547550030
DIAMOND,III,EUW1_5546272124
DIAMOND,III,EUW1_5546310479
DIAMOND,III,EUW1_5546209204
DIAMOND,III,EUW1_5546178110
DIAMOND,III,EUW1_5546215313
DIAMOND,III,EUW1_5546129408
DIAMOND,III,EUW1_5546153266
DIAMOND,III,EUW1_5545968588
DIAMOND,III,EUW1_5545971751
DIAMOND,III,EUW1_5545692729
DIAMOND,III,EUW1_5545604772
DIAMOND,III,EUW1_5545546799
DIAMOND,III,EUW1_5545006588
DIAMOND,III,EUW1_5545002499
DIAMOND,III,EUW1_5544754111
DIAMOND,III,EUW1_5544619942
DIAMOND,III,EUW1_5544320105
DIAMOND,III,EUW1_5544393217
DIAMOND,III,EUW1_5544288532
DIAMOND,III,EUW1_5544224907
DIAMOND,III,EUW1_5544187677
DIAMOND,III,EUW1_5544122055
DIAMOND,III,EUW1_5541674974
DIAMOND,III,EUW1_5538649010
DIAMOND,III,EUW1_5538231070
DIAMOND,III,EUW1_5538086957
DIAMOND,III,EUW1_5536748021
DIAMOND,III,EUW1_5536732729
DIAMOND,III,EUW1_5544827213
DIAMOND,III,EUW1_5544871242
DIAMOND,III,EUW1_5470338240
DIAMOND,III,EUW1_5470276174
DIAMOND,III,EUW1_5467707387
DIAMOND,III,EUW1_5467689185
DIAMOND,III,EUW1_5467421641
DIAMOND,III,EUW1_5467357914
DIAMOND,III,EUW1_5467383562
DIAMOND,III,EUW1_5466685861
DIAMOND,III,EUW1_5456002929
DIAMOND,III,EUW1_5455760148
DIAMOND,III,EUW1_5454216373
DIAMOND,III,EUW1_5454273613
DIAMOND,III,EUW1_5449809476
DIAMOND,III,EUW1_5449885094
DIAMOND,III,EUW1_5446975853
DIAMOND,III,EUW1_5447000461
DIAMOND,III,EUW1_5441095279
DIAMOND,III,EUW1_5430729055
DIAMOND,III,EUW1_5430015616
DIAMOND,III,EUW1_5425871939
DIAMOND,III,EUW1_5425636966
DIAMOND,III,EUW1_5425602955
DIAMOND,III,EUW1_5425389483
DIAMOND,III,EUW1_5543586235
DIAMOND,III,EUW1_5543506679
DIAMOND,III,EUW1_5543496825
DIAMOND,III,EUW1_5543392728
DIAMOND,III,EUW1_5540837437
DIAMOND,III,EUW1_5540439977
DIAMOND,III,EUW1_5540384843
DIAMOND,III,EUW1_5539146452
DIAMOND,III,EUW1_5539174205
DIAMOND,III,EUW1_5537012161
DIAMOND,III,EUW1_5536935655
DIAMOND,III,EUW1_5536891482
DIAMOND,III,EUW1_5536856063
DIAMOND,III,EUW1_5536790612
DIAMOND,III,EUW1_5536763682
DIAMOND,III,EUW1_5535795695
DIAMOND,III,EUW1_5535754399
DIAMOND,III,EUW1_5535740902
DIAMOND,III,EUW1_5535646267
DIAMOND,III,EUW1_5535622163
DIAMOND,III,EUW1_5535584610
DIAMOND,III,EUW1_5521037526
DIAMOND,III,EUW1_5518787485
DIAMOND,III,EUW1_5510330478
DIAMOND,III,EUW1_5510244895
DIAMOND,III,EUW1_5499270027
DIAMOND,III,EUW1_5499327513
DIAMOND,III,EUW1_5499296226
DIAMOND,III,EUW1_5498670817
DIAMOND,III,EUW1_5498595918
DIAMOND,III,EUW1_5498580576
DIAMOND,III,EUW1_5498446760
DIAMOND,III,EUW1_5489244828
DIAMOND,III,EUW1_5481620352
DIAMOND,III,EUW1_5462719375
DIAMOND,III,EUW1_5447118964
DIAMOND,III,EUW1_5447072118
DIAMOND,III,EUW1_5447007630
DIAMOND,III,EUW1_5446995434
DIAMOND,III,EUW1_5441514061
DIAMOND,III,EUW1_5437883172
DIAMOND,III,EUW1_5437842034
DIAMOND,III,EUW1_5437689342
DIAMOND,III,EUW1_5437597913
DIAMOND,III,EUW1_5437575779
DIAMOND,III,EUW1_5437691788
DIAMOND,III,EUW1_5437379884
DIAMOND,III,EUW1_5437404677
DIAMOND,III,EUW1_5437351627
DIAMOND,III,EUW1_5437205371
DIAMOND,III,EUW1_5536509256
DIAMOND,III,EUW1_5518220348
DIAMOND,III,EUW1_5518207367
DIAMOND,III,EUW1_5518172692
DIAMOND,III,EUW1_5518003505
DIAMOND,III,EUW1_5515501576
DIAMOND,III,EUW1_5515485237
DIAMOND,III,EUW1_5500351432
DIAMOND,III,EUW1_5500275990
DIAMOND,III,EUW1_5494444086
DIAMOND,III,EUW1_5494298919
DIAMOND,III,EUW1_5492549509
DIAMOND,III,EUW1_5490103929
DIAMOND,III,EUW1_5488463991
DIAMOND,III,EUW1_5488327068
DIAMOND,III,EUW1_5488278612
DIAMOND,III,EUW1_5488192890
DIAMOND,III,EUW1_5484951841
DIAMOND,III,EUW1_5484874647
DIAMOND,III,EUW1_5468490653
DIAMOND,III,EUW1_5458243192
DIAMOND,III,EUW1_5458118664
DIAMOND,III,EUW1_5458134007
DIAMOND,III,EUW1_5448060046
DIAMOND,III,EUW1_5448043488
DIAMOND,III,EUW1_5447895187
DIAMOND,III,EUW1_5443471735
DIAMOND,III,EUW1_5439671260
DIAMOND,III,EUW1_5436854406
DIAMOND,III,EUW1_5436860955
DIAMOND,III,EUW1_5431797636
DIAMOND,III,EUW1_5431390611
DIAMOND,III,EUW1_5431376716
DIAMOND,III,EUW1_5426287610
DIAMOND,III,EUW1_5426169917
DIAMOND,III,EUW1_5414878535
DIAMOND,III,EUW1_5412023985
DIAMOND,III,EUW1_5411936602
DIAMOND,III,EUW1_5411906073
DIAMOND,III,EUW1_5411885158
DIAMOND,III,EUW1_5411894236
DIAMOND,III,EUW1_5411883102
DIAMOND,III,EUW1_5395726572
DIAMOND,III,EUW1_5385228119
DIAMOND,III,EUW1_5385148073
DIAMOND,III,EUW1_5385176364
DIAMOND,III,EUW1_5357396539
DIAMOND,III,EUW1_5357381664
DIAMOND,III,EUW1_5357450969
DIAMOND,III,EUW1_5355819625
DIAMOND,III,EUW1_5547018983
DIAMOND,III,EUW1_5546959872
DIAMOND,III,EUW1_5546800042
DIAMOND,III,EUW1_5546134500
DIAMOND,III,EUW1_5546009485
DIAMOND,III,EUW1_5546003514
DIAMOND,III,EUW1_5545885433
DIAMOND,III,EUW1_5545149491
DIAMOND,III,EUW1_5545086675
DIAMOND,III,EUW1_5544730213
DIAMOND,III,EUW1_5544756196
DIAMOND,III,EUW1_5544639141
DIAMOND,III,EUW1_5544312702
DIAMOND,III,EUW1_5543814536
DIAMOND,III,EUW1_5541347040
DIAMOND,III,EUW1_5541295040
DIAMOND,III,EUW1_5541311425
DIAMOND,III,EUW1_5538913158
DIAMOND,III,EUW1_5538312909
DIAMOND,III,EUW1_5537865001
DIAMOND,III,EUW1_5537842648
DIAMOND,III,EUW1_5536845590
DIAMOND,III,EUW1_5536830660
DIAMOND,III,EUW1_5535788983
DIAMOND,III,EUW1_5535786970
DIAMOND,III,EUW1_5535654541
DIAMOND,III,EUW1_5535599180
DIAMOND,III,EUW1_5535581249
DIAMOND,III,EUW1_5535353709
DIAMOND,III,EUW1_5535257986
DIAMOND,III,EUW1_5534449381
DIAMOND,III,EUW1_5534494713
DIAMOND,III,EUW1_5534472025
DIAMOND,III,EUW1_5534358444
DIAMOND,III,EUW1_5534325381
DIAMOND,III,EUW1_5534320936
DIAMOND,III,EUW1_5534264625
DIAMOND,III,EUW1_5534220837
DIAMOND,III,EUW1_5534064513
DIAMOND,III,EUW1_5533807531
DIAMOND,III,EUW1_5533740006
DIAMOND,III,EUW1_5533219649
DIAMOND,III,EUW1_5533234261
DIAMOND,III,EUW1_5533151163
DIAMOND,III,EUW1_5532141995
DIAMOND,III,EUW1_5532036272
DIAMOND,III,EUW1_5532012651
DIAMOND,III,EUW1_5527808187
DIAMOND,III,EUW1_5527803522
DIAMOND,III,EUW1_5527719736
DIAMOND,III,EUW1_5537812287
DIAMOND,III,EUW1_5537749861
DIAMOND,III,EUW1_5537054628
DIAMOND,III,EUW1_5536918098
DIAMOND,III,EUW1_5536818441
DIAMOND,III,EUW1_5535365770
DIAMOND,III,EUW1_5535147831
DIAMOND,III,EUW1_5520348367
DIAMOND,III,EUW1_5518161528
DIAMOND,III,EUW1_5518155463
DIAMOND,III,EUW1_5518060438
DIAMOND,III,EUW1_5517782987
DIAMOND,III,EUW1_5516440992
DIAMOND,III,EUW1_5516394557
DIAMOND,III,EUW1_5516340584
DIAMOND,III,EUW1_5516297727
DIAMOND,III,EUW1_5510375219
DIAMOND,III,EUW1_5507371105
DIAMOND,III,EUW1_5507206703
DIAMOND,III,EUW1_5507188899
DIAMOND,III,EUW1_5507155536
DIAMOND,III,EUW1_5506874882
DIAMOND,III,EUW1_5504385882
DIAMOND,III,EUW1_5504328914
DIAMOND,III,EUW1_5504314445
DIAMOND,III,EUW1_5516100719
DIAMOND,III,EUW1_5516009427
DIAMOND,III,EUW1_5516026395
DIAMOND,III,EUW1_5516095138
DIAMOND,III,EUW1_5516024572
DIAMOND,III,EUW1_5516033931
DIAMOND,III,EUW1_5516082926
DIAMOND,III,EUW1_5494998759
DIAMOND,III,EUW1_5495007495
DIAMOND,III,EUW1_5495045884
DIAMOND,III,EUW1_5494360615
DIAMOND,III,EUW1_5493507857
DIAMOND,III,EUW1_5493534870
DIAMOND,III,EUW1_5493533076
DIAMOND,III,EUW1_5493424495
DIAMOND,III,EUW1_5493433067
DIAMOND,III,EUW1_5493369121
DIAMOND,III,EUW1_5493376801
DIAMOND,III,EUW1_5493364879
DIAMOND,III,EUW1_5493300173
DIAMOND,III,EUW1_5493275854
DIAMOND,III,EUW1_5493270685
DIAMOND,III,EUW1_5468919027
DIAMOND,III,EUW1_5428420160
DIAMOND,III,EUW1_5428418349
DIAMOND,III,EUW1_5428406948
DIAMOND,III,EUW1_5428444706
DIAMOND,III,EUW1_5428443714
DIAMOND,III,EUW1_5428374240
DIAMOND,III,EUW1_5428280057
DIAMOND,III,EUW1_5428401042
DIAMOND,III,EUW1_5428197098
DIAMOND,III,EUW1_5428195302
DIAMOND,III,EUW1_5413473043
DIAMOND,III,EUW1_5400287939
DIAMOND,III,EUW1_5388726259
DIAMOND,III,EUW1_5388680301
DIAMOND,III,EUW1_5388656287
DIAMOND,III,EUW1_5381378781
DIAMOND,III,EUW1_5381323186
DIAMOND,III,EUW1_5381234327
DIAMOND,III,EUW1_5381178728
DIAMOND,III,EUW1_5381115110
DIAMOND,III,EUW1_5381040183
DIAMOND,III,EUW1_5377682241
DIAMOND,III,EUW1_5376459875
DIAMOND,III,EUW1_5375137991
DIAMOND,III,EUW1_5375061200
DIAMOND,III,EUW1_5374944261
DIAMOND,III,EUW1_5374940842
DIAMOND,III,EUW1_5548850078
DIAMOND,III,EUW1_5538820140
DIAMOND,III,EUW1_5525383813
DIAMOND,III,EUW1_5514067697
DIAMOND,III,EUW1_5514075290
DIAMOND,III,EUW1_5509349190
DIAMOND,III,EUW1_5509224440
DIAMOND,III,EUW1_5509066826
DIAMOND,III,EUW1_5503694770
DIAMOND,III,EUW1_5485606070
DIAMOND,III,EUW1_5476347194
DIAMOND,III,EUW1_5460872959
DIAMOND,III,EUW1_5442062642
DIAMOND,III,EUW1_5441998448
DIAMOND,III,EUW1_5439117223
DIAMOND,III,EUW1_5439151589
DIAMOND,III,EUW1_5432855761
DIAMOND,III,EUW1_5432840579
DIAMOND,III,EUW1_5426404152
DIAMOND,III,EUW1_5422055104
DIAMOND,III,EUW1_5421920002
DIAMOND,III,EUW1_5415116240
DIAMOND,III,EUW1_5411998869
DIAMOND,III,EUW1_5392672037
DIAMOND,III,EUW1_5361971915
DIAMOND,III,EUW1_5354659186
DIAMOND,III,EUW1_5353083261
DIAMOND,III,EUW1_5353072141
DIAMOND,III,EUW1_5353010641
DIAMOND,III,EUW1_5351657024
DIAMOND,III,EUW1_5347626244
DIAMOND,III,EUW1_5347450166
DIAMOND,III,EUW1_5347428852
DIAMOND,III,EUW1_5347404257
DIAMOND,III,EUW1_5346894953
DIAMOND,III,EUW1_5339392816
DIAMOND,III,EUW1_5339200737
DIAMOND,III,EUW1_5338957677
DIAMOND,III,EUW1_5333343886
DIAMOND,III,EUW1_5328686858
DIAMOND,III,EUW1_5328702898
DIAMOND,III,EUW1_5325882608
DIAMOND,III,EUW1_5318632846
DIAMOND,III,EUW1_5316432497
DIAMOND,III,EUW1_5316387035
DIAMOND,III,EUW1_5313518568
DIAMOND,III,EUW1_5313544424
DIAMOND,III,EUW1_5309578450
DIAMOND,III,EUW1_5309624594
DIAMOND,III,EUW1_5540693920
DIAMOND,III,EUW1_5528709106
DIAMOND,III,EUW1_5518307643
DIAMOND,III,EUW1_5518250083
DIAMOND,III,EUW1_5512949200
DIAMOND,III,EUW1_5513003844
DIAMOND,III,EUW1_5512973036
DIAMOND,III,EUW1_5512970631
DIAMOND,III,EUW1_5510540400
DIAMOND,III,EUW1_5510553294
DIAMOND,III,EUW1_5510244988
DIAMOND,III,EUW1_5510211286
DIAMOND,III,EUW1_5510125105
DIAMOND,III,EUW1_5507915040
DIAMOND,III,EUW1_5508001304
DIAMOND,III,EUW1_5507921374
DIAMOND,III,EUW1_5507805599
DIAMOND,III,EUW1_5507860745
DIAMOND,III,EUW1_5507784042
DIAMOND,III,EUW1_5507701081
DIAMOND,III,EUW1_5503325113
DIAMOND,III,EUW1_5502972222
DIAMOND,III,EUW1_5502858089
DIAMOND,III,EUW1_5502904269
DIAMOND,III,EUW1_5501578398
DIAMOND,III,EUW1_5501514885
DIAMOND,III,EUW1_5501510733
DIAMOND,III,EUW1_5501407065
DIAMOND,III,EUW1_5495480627
DIAMOND,III,EUW1_5495406738
DIAMOND,III,EUW1_5495371857
DIAMOND,III,EUW1_5494266023
DIAMOND,III,EUW1_5494322938
DIAMOND,III,EUW1_5494207338
DIAMOND,III,EUW1_5494252342
DIAMOND,III,EUW1_5493258789
DIAMOND,III,EUW1_5475650932
DIAMOND,III,EUW1_5475632834
DIAMOND,III,EUW1_5472870202
DIAMOND,III,EUW1_5472874740
DIAMOND,III,EUW1_5472759376
DIAMOND,III,EUW1_5467992112
DIAMOND,III,EUW1_5464666880
DIAMOND,III,EUW1_5463984168
DIAMOND,III,EUW1_5463857371
DIAMOND,III,EUW1_5463922160
DIAMOND,III,EUW1_5463739446
DIAMOND,III,EUW1_5461372473
DIAMOND,III,EUW1_5461360587
DIAMOND,III,EUW1_5461206920
