tier,division,match_id
BRONZE,III,EUW1_5031735199
BRONZE,III,EUW1_5030831194
BRONZE,III,EUW1_5030121792
BRONZE,III,EUW1_5029854847
BRONZE,III,EUW1_5028987406
BRONZE,III,EUW1_5029024352
BRONZE,III,EUW1_5029031523
BRONZE,III,EUW1_5026600151
BRONZE,III,EUW1_5026270972
BRONZE,III,EUW1_5026069492
BRONZE,III,EUW1_5024275661
BRONZE,III,EUW1_5024229448
BRONZE,III,EUW1_5023987748
BRONZE,III,EUW1_5024000837
BRONZE,III,EUW1_5023376368
BRONZE,III,EUW1_5023285556
BRONZE,III,EUW1_5023066194
BRONZE,III,EUW1_5022845946
BRONZE,III,EUW1_5022388605
BRONZE,III,EUW1_5022290057
BRONZE,III,EUW1_5022285604
BRONZE,III,EUW1_5022108159
BRONZE,III,EUW1_5021567862
BRONZE,III,EUW1_5021554260
BRONZE,III,EUW1_5006783928
BRONZE,III,EUW1_4998227542
BRONZE,III,EUW1_4998216935
BRONZE,III,EUW1_4998163656
BRONZE,III,EUW1_4981137706
BRONZE,III,EUW1_4977984021
BRONZE,III,EUW1_4977759482
BRONZE,III,EUW1_4977703083
BRONZE,III,EUW1_4977301255
BRONZE,III,EUW1_4977300803
BRONZE,III,EUW1_4977138202
BRONZE,III,EUW1_4976233326
BRONZE,III,EUW1_4976135124
BRONZE,III,EUW1_4976105213
BRONZE,III,EUW1_4975414638
BRONZE,III,EUW1_4975342854
BRONZE,III,EUW1_5347795754
BRONZE,III,EUW1_5341617000
BRONZE,III,EUW1_5341672035
BRONZE,III,EUW1_5341128147
BRONZE,III,EUW1_5296716256
BRONZE,III,EUW1_5289562188
BRONZE,III,EUW1_5145991812
BRONZE,III,EUW1_5141928291
BRONZE,III,EUW1_5137664734
BRONZE,III,EUW1_5137484949
BRONZE,III,EUW1_5137270530
BRONZE,III,EUW1_5122833869
BRONZE,III,EUW1_5122880834
BRONZE,III,EUW1_5116792396
BRONZE,III,EUW1_5116791821
BRONZE,III,EUW1_5098092476
BRONZE,III,EUW1_5088555566
BRONZE,III,EUW1_5088536842
BRONZE,III,EUW1_5088452881
BRONZE,III,EUW1_5087809040
BRONZE,III,EUW1_5087441267
BRONZE,III,EUW1_5073580091
BRONZE,III,EUW1_5073584745
BRONZE,III,EUW1_5058430169
BRONZE,III,EUW1_5058354889
BRONZE,III,EUW1_5058087509
BRONZE,III,EUW1_5033854017
BRONZE,III,EUW1_5029358312
BRONZE,III,EUW1_5029337797
BRONZE,III,EUW1_5029334006
BRONZE,III,EUW1_5029270520
BRONZE,III,EUW1_5029077039
BRONZE,III,EUW1_5028464645
BRONZE,III,EUW1_5008157974
BRONZE,III,EUW1_5008125704
BRONZE,III,EUW1_5240401430
BRONZE,III,EUW1_5240357943
BRONZE,III,EUW1_5240305507
BRONZE,III,EUW1_5237521536
BRONZE,III,EUW1_5237332902
BRONZE,III,EUW1_5232526848
BRONZE,III,EUW1_5232149279
BRONZE,III,EUW1_5232092589
BRONZE,III,EUW1_5232031602
BRONZE,III,EUW1_5229691042
BRONZE,III,EUW1_5229483847
BRONZE,III,EUW1_5229361360
BRONZE,III,EUW1_5229107748
BRONZE,III,EUW1_5229043738
BRONZE,III,EUW1_5228898313
BRONZE,III,EUW1_5228892588
BRONZE,III,EUW1_5228069914
BRONZE,III,EUW1_5228112602
BRONZE,III,EUW1_5227944881
BRONZE,III,EUW1_5227663772
BRONZE,III,EUW1_5214031557
BRONZE,III,EUW1_5213928271
BRONZE,III,EUW1_5213915345
BRONZE,III,EUW1_5213749889
BRONZE,III,EUW1_5212681199
BRONZE,III,EUW1_5212448851
BRONZE,III,EUW1_5211818654
BRONZE,III,EUW1_5211866072
BRONZE,III,EUW1_5211843629
BRONZE,III,EUW1_5210917369
BRONZE,III,EUW1_5210872286
BRONZE,III,EUW1_5210203272
BRONZE,III,EUW1_5209729673
BRONZE,III,EUW1_5208797388
BRONZE,III,EUW1_5208718846
BRONZE,III,EUW1_5208703062
BRONZE,III,EUW1_5207248804
BRONZE,III,EUW1_5207210590
BRONZE,III,EUW1_5207093823
BRONZE,III,EUW1_5206959438
BRONZE,III,EUW1_5205084447
BRONZE,III,EUW1_5204764977
BRONZE,III,EUW1_5204619622
BRONZE,III,EUW1_5204655968
BRONZE,III,EUW1_5203522108
BRONZE,III,EUW1_5203154736
BRONZE,III,EUW1_5202889332
BRONZE,III,EUW1_5202893379
BRONZE,III,EUW1_5202815809
BRONZE,III,EUW1_5201103511
BRONZE,III,EUW1_5534124281
BRONZE,III,EUW1_5533819352
BRONZE,III,EUW1_5531499250
BRONZE,III,EUW1_5522626533
BRONZE,III,EUW1_5519160293
BRONZE,III,EUW1_5518958803
BRONZE,III,EUW1_5518886814
BRONZE,III,EUW1_5518882784
BRONZE,III,EUW1_5518847516
BRONZE,III,EUW1_5518814142
BRONZE,III,EUW1_5518747413
BRONZE,III,EUW1_5518672326
BRONZE,III,EUW1_5518566754
BRONZE,III,EUW1_5518518564
BRONZE,III,EUW1_5518277470
BRONZE,III,EUW1_5517584401
BRONZE,III,EUW1_5517541767
BRONZE,III,EUW1_5517108721
BRONZE,III,EUW1_5469328766
BRONZE,III,EUW1_5469344227
BRONZE,III,EUW1_5469099739
BRONZE,III,EUW1_5469137698
BRONZE,III,EUW1_5469051107
BRONZE,III,EUW1_5468592230
BRONZE,III,EUW1_5468447017
BRONZE,III,EUW1_5468209605
BRONZE,III,EUW1_5468204402
BRONZE,III,EUW1_5468017921
BRONZE,III,EUW1_5466728230
BRONZE,III,EUW1_5466703119
BRONZE,III,EUW1_5466636637
BRONZE,III,EUW1_5466681111
BRONZE,III,EUW1_5466506518
BRONZE,III,EUW1_5466510570
BRONZE,III,EUW1_5466454857
BRONZE,III,EUW1_5466389113
BRONZE,III,EUW1_5466295861
BRONZE,III,EUW1_5466310804
BRONZE,III,EUW1_5466246363
BRONZE,III,EUW1_5447419913
BRONZE,III,EUW1_5447384519
BRONZE,III,EUW1_5447298177
BRONZE,III,EUW1_5447313053
BRONZE,III,EUW1_5431644329
BRONZE,III,EUW1_5431642871
BRONZE,III,EUW1_5429176187
BRONZE,III,EUW1_5429066210
BRONZE,III,EUW1_5428979285
BRONZE,III,EUW1_5428948882
BRONZE,III,EUW1_5428903845
BRONZE,III,EUW1_5428855768
BRONZE,III,EUW1_5428770337
BRONZE,III,EUW1_5389598276
BRONZE,III,EUW1_5388357755
BRONZE,III,EUW1_5386782437
BRONZE,III,EUW1_5386415277
BRONZE,III,EUW1_5386249203
BRONZE,III,EUW1_5386312012
BRONZE,III,EUW1_5386149869
BRONZE,III,EUW1_5386152823
BRONZE,III,EUW1_5386036719
BRONZE,III,EUW1_5385780082
BRONZE,III,EUW1_5385718729
BRONZE,III,EUW1_5385644175
BRONZE,III,EUW1_5385568279
BRONZE,III,EUW1_5321664766
BRONZE,III,EUW1_5320309214
BRONZE,III,EUW1_5318995732
BRONZE,III,EUW1_5541705248
BRONZE,III,EUW1_5539679166
BRONZE,III,EUW1_5535238253
BRONZE,III,EUW1_5534655576
BRONZE,III,EUW1_5534109768
BRONZE,III,EUW1_5534035035
BRONZE,III,EUW1_5533878009
BRONZE,III,EUW1_5511837408
BRONZE,III,EUW1_5511910954
BRONZE,III,EUW1_5510427796
BRONZE,III,EUW1_5510365681
BRONZE,III,EUW1_5510318850
BRONZE,III,EUW1_5506124871
BRONZE,III,EUW1_5506059856
BRONZE,III,EUW1_5506044028
BRONZE,III,EUW1_5505518726
BRONZE,III,EUW1_5505575339
BRONZE,III,EUW1_5504507397
BRONZE,III,EUW1_5504380273
BRONZE,III,EUW1_5504364750
BRONZE,III,EUW1_5504411396
BRONZE,III,EUW1_5504226038
BRONZE,III,EUW1_5470247120
BRONZE,III,EUW1_5470206630
BRONZE,III,EUW1_5469169728
BRONZE,III,EUW1_5469063620
BRONZE,III,EUW1_5448859934
BRONZE,III,EUW1_5448815714
BRONZE,III,EUW1_5438110834
BRONZE,III,EUW1_5436308754
BRONZE,III,EUW1_5436373687
BRONZE,III,EUW1_5431695163
BRONZE,III,EUW1_5430036472
BRONZE,III,EUW1_5362514362
BRONZE,III,EUW1_5357964316
BRONZE,III,EUW1_5357829983
BRONZE,III,EUW1_5357861413
BRONZE,III,EUW1_5356755850
BRONZE,III,EUW1_5356240636
BRONZE,III,EUW1_5354781576
BRONZE,III,EUW1_5354060608
BRONZE,III,EUW1_5353974785
BRONZE,III,EUW1_5353781671
BRONZE,III,EUW1_5353289127
BRONZE,III,EUW1_5351968960
BRONZE,III,EUW1_5351932262
BRONZE,III,EUW1_5350284437
BRONZE,III,EUW1_5350331103
BRONZE,III,EUW1_5348039554
BRONZE,III,EUW1_5347985594
BRONZE,III,EUW1_5347948668
BRONZE,III,EUW1_5341249933
BRONZE,III,EUW1_5340568501
BRONZE,III,EUW1_5340212790
BRONZE,III,EUW1_5340031315
BRONZE,III,EUW1_5339915627
BRONZE,III,EUW1_5339883698
BRONZE,III,EUW1_5338302365
BRONZE,III,EUW1_5338169349
BRONZE,III,EUW1_5331491401
BRONZE,III,EUW1_5330028805
BRONZE,III,EUW1_5320715366
BRONZE,III,EUW1_5320223098
BRONZE,III,EUW1_5319533515
BRONZE,III,EUW1_5319189462
BRONZE,III,EUW1_5220140100
BRONZE,III,EUW1_5182935782
BRONZE,III,EUW1_5182881553
BRONZE,III,EUW1_5182768560
BRONZE,III,EUW1_5180973397
BRONZE,III,EUW1_5172886852
BRONZE,III,EUW1_5171668846
BRONZE,III,EUW1_5171396907
BRONZE,III,EUW1_5171353615
BRONZE,III,EUW1_5171338481
BRONZE,III,EUW1_5168371750
BRONZE,III,EUW1_5167854847
BRONZE,III,EUW1_5167700174
BRONZE,III,EUW1_5166436594
BRONZE,III,EUW1_5153887910
BRONZE,III,EUW1_5149673450
BRONZE,III,EUW1_5149440320
BRONZE,III,EUW1_5149468117
BRONZE,III,EUW1_5147898124
BRONZE,III,EUW1_5147769884
BRONZE,III,EUW1_5345793564
BRONZE,III,EUW1_5345732672
BRONZE,III,EUW1_5342683439
BRONZE,III,EUW1_5340994331
BRONZE,III,EUW1_5339216721
BRONZE,III,EUW1_5339202568
BRONZE,III,EUW1_5339118143
BRONZE,III,EUW1_5338555280
BRONZE,III,EUW1_5338450094
BRONZE,III,EUW1_5338473869
BRONZE,III,EUW1_5337955234
BRONZE,III,EUW1_5338013001
BRONZE,III,EUW1_5337900163
BRONZE,III,EUW1_5337868269
BRONZE,III,EUW1_5337862366
BRONZE,III,EUW1_5337757852
BRONZE,III,EUW1_5337820737
BRONZE,III,EUW1_5337661688
BRONZE,III,EUW1_5337633697
BRONZE,III,EUW1_5337465751
BRONZE,III,EUW1_5337398478
BRONZE,III,EUW1_5337400989
BRONZE,III,EUW1_5336190079
BRONZE,III,EUW1_5336277477
BRONZE,III,EUW1_5336235487
BRONZE,III,EUW1_5336271311
BRONZE,III,EUW1_5336250694
BRONZE,III,EUW1_5336113472
BRONZE,III,EUW1_5335485954
BRONZE,III,EUW1_5335399800
BRONZE,III,EUW1_5335461495
BRONZE,III,EUW1_5334681373
BRONZE,III,EUW1_5334650467
BRONZE,III,EUW1_5334468974
BRONZE,III,EUW1_5334565120
BRONZE,III,EUW1_5333680266
BRONZE,III,EUW1_5333590331
BRONZE,III,EUW1_5333654905
BRONZE,III,EUW1_5333541822
BRONZE,III,EUW1_5333406897
BRONZE,III,EUW1_5333361372
BRONZE,III,EUW1_5332907745
BRONZE,III,EUW1_5332935509
BRONZE,III,EUW1_5332894375
BRONZE,III,EUW1_5332817609
BRONZE,III,EUW1_5332833046
BRONZE,III,EUW1_5332758607
BRONZE,III,EUW1_5332254676
BRONZE,III,EUW1_5332088363
BRONZE,III,EUW1_5331291701
BRONZE,III,EUW1_5331115812
BRONZE,III,EUW1_5331181767
BRONZE,III,EUW1_5331057950
BRONZE,III,EUW1_5331091074
BRONZE,III,EUW1_5330267581
BRONZE,III,EUW1_5330202208
BRONZE,III,EUW1_5330136688
BRONZE,III,EUW1_5329780369
BRONZE,III,EUW1_5328663500
BRONZE,III,EUW1_5328526094
BRONZE,III,EUW1_5328429753
BRONZE,III,EUW1_5328345946
BRONZE,III,EUW1_5327946445
BRONZE,III,EUW1_5327888849
BRONZE,III,EUW1_5327115406
BRONZE,III,EUW1_5327043443
BRONZE,III,EUW1_5326949297
BRONZE,III,EUW1_5326771952
BRONZE,III,EUW1_5326718342
BRONZE,III,EUW1_5326645488
BRONZE,III,EUW1_5326427506
BRONZE,III,EUW1_5326480720
BRONZE,III,EUW1_5325381633
BRONZE,III,EUW1_5325357016
BRONZE,III,EUW1_5325284762
BRONZE,III,EUW1_5325173199
BRONZE,III,EUW1_5324511543
BRONZE,III,EUW1_5324405325
BRONZE,III,EUW1_5324163060
BRONZE,III,EUW1_5324077118
BRONZE,III,EUW1_5323993594
BRONZE,III,EUW1_5323397607
BRONZE,III,EUW1_5322473122
BRONZE,III,EUW1_5321787498
BRONZE,III,EUW1_5321774631
BRONZE,III,EUW1_5321690264
BRONZE,III,EUW1_5321157515
BRONZE,III,EUW1_5320893586
BRONZE,III,EUW1_5320860562
BRONZE,III,EUW1_5320606743
BRONZE,III,EUW1_5320644557
BRONZE,III,EUW1_5320293903
BRONZE,III,EUW1_5320204680
BRONZE,III,EUW1_5320098639
BRONZE,III,EUW1_5320123977
BRONZE,III,EUW1_5319298308
BRONZE,III,EUW1_5319323197
BRONZE,III,EUW1_5318825073
BRONZE,III,EUW1_5318750351
BRONZE,III,EUW1_5318765075
BRONZE,III,EUW1_5497039161
BRONZE,III,EUW1_5357829133
BRONZE,III,EUW1_5340594455
BRONZE,III,EUW1_5261923954
BRONZE,III,EUW1_5260668448
BRONZE,III,EUW1_5260503837
BRONZE,III,EUW1_5249902150
BRONZE,III,EUW1_5249655871
BRONZE,III,EUW1_5246503567
BRONZE,III,EUW1_5244981098
BRONZE,III,EUW1_5244875822
BRONZE,III,EUW1_5244881114
BRONZE,III,EUW1_5244502043
BRONZE,III,EUW1_5242627716
BRONZE,III,EUW1_5237874464
BRONZE,III,EUW1_5237796631
BRONZE,III,EUW1_5225947629
BRONZE,III,EUW1_5225050881
BRONZE,III,EUW1_5199433036
BRONZE,III,EUW1_5199346129
BRONZE,III,EUW1_5124195106
BRONZE,III,EUW1_5121392774
BRONZE,III,EUW1_5121286223
BRONZE,III,EUW1_5116712086
BRONZE,III,EUW1_5116566380
BRONZE,III,EUW1_5108596825
BRONZE,III,EUW1_5048501673
BRONZE,III,EUW1_4998949500
BRONZE,III,EUW1_4999011822
BRONZE,III,EUW1_5188107381
BRONZE,III,EUW1_5061511919
BRONZE,III,EUW1_5060760654
BRONZE,III,EUW1_5060666578
BRONZE,III,EUW1_5059987909
BRONZE,III,EUW1_5059867741
BRONZE,III,EUW1_5059673626
BRONZE,III,EUW1_5057466087
BRONZE,III,EUW1_5057480613
BRONZE,III,EUW1_5051007565
BRONZE,III,EUW1_5044752104
BRONZE,III,EUW1_5044694065
BRONZE,III,EUW1_5042686183
BRONZE,III,EUW1_5042387709
BRONZE,III,EUW1_5042423140
BRONZE,III,EUW1_5041345164
BRONZE,III,EUW1_5040936529
BRONZE,III,EUW1_5027281859
BRONZE,III,EUW1_5025774750
BRONZE,III,EUW1_5025773896
BRONZE,III,EUW1_5025703174
BRONZE,III,EUW1_5023578185
BRONZE,III,EUW1_5021746014
BRONZE,III,EUW1_5021764787
BRONZE,III,EUW1_5020251684
BRONZE,III,EUW1_5014731726
BRONZE,III,EUW1_5014640237
BRONZE,III,EUW1_5014394724
BRONZE,III,EUW1_5014304936
BRONZE,III,EUW1_5014210244
BRONZE,III,EUW1_5014204123
BRONZE,III,EUW1_5012898765
BRONZE,III,EUW1_5012912600
BRONZE,III,EUW1_5012895807
BRONZE,III,EUW1_5012876347
BRONZE,III,EUW1_5012497546
BRONZE,III,EUW1_5012491262
BRONZE,III,EUW1_5012442486
BRONZE,III,EUW1_5011492436
BRONZE,III,EUW1_5011477117
BRONZE,III,EUW1_5011409708
BRONZE,III,EUW1_5259902073
BRONZE,III,EUW1_5139674621
BRONZE,III,EUW1_5103208933
BRONZE,III,EUW1_5100699854
BRONZE,III,EUW1_5097027849
BRONZE,III,EUW1_5096983705
BRONZE,III,EUW1_5095834744
BRONZE,III,EUW1_5086739051
BRONZE,III,EUW1_5084766127
BRONZE,III,EUW1_5084732461
BRONZE,III,EUW1_5084620152
BRONZE,III,EUW1_5075412004
BRONZE,III,EUW1_5073616896
BRONZE,III,EUW1_5073581309
BRONZE,III,EUW1_5073533552
BRONZE,III,EUW1_5073227662
BRONZE,III,EUW1_5072407642
BRONZE,III,EUW1_5072463775
BRONZE,III,EUW1_5071154696
BRONZE,III,EUW1_5070335916
BRONZE,III,EUW1_5069427481
BRONZE,III,EUW1_5069442827
BRONZE,III,EUW1_5067461269
BRONZE,III,EUW1_5065890668
BRONZE,III,EUW1_5065784568
BRONZE,III,EUW1_5060246474
BRONZE,III,EUW1_5059290546
BRONZE,III,EUW1_5059137492
BRONZE,III,EUW1_5059191915
BRONZE,III,EUW1_5046420403
BRONZE,III,EUW1_5046416206
BRONZE,III,EUW1_5041685636
BRONZE,III,EUW1_5040728800
BRONZE,III,EUW1_5040774125
BRONZE,III,EUW1_5038939541
BRONZE,III,EUW1_5032963337
BRONZE,III,EUW1_5032143507
BRONZE,III,EUW1_5032000203
BRONZE,III,EUW1_5030555469
BRONZE,III,EUW1_5030405876
BRONZE,III,EUW1_5006094093
BRONZE,III,EUW1_5005956924
BRONZE,III,EUW1_5548703869
BRONZE,III,EUW1_5544854477
BRONZE,III,EUW1_5544750051
BRONZE,III,EUW1_5543215086
BRONZE,III,EUW1_5456836100
BRONZE,III,EUW1_5447200097
BRONZE,III,EUW1_5447234471
BRONZE,III,EUW1_5447116878
BRONZE,III,EUW1_5444460622
BRONZE,III,EUW1_5436895982
BRONZE,III,EUW1_5432118136
BRONZE,III,EUW1_5426167061
BRONZE,III,EUW1_5426041615
BRONZE,III,EUW1_5418866013
BRONZE,III,EUW1_5415275586
BRONZE,III,EUW1_5415170243
BRONZE,III,EUW1_5415126555
BRONZE,III,EUW1_5413501479
BRONZE,III,EUW1_5412272179
BRONZE,III,EUW1_5412167413
BRONZE,III,EUW1_5412050983
BRONZE,III,EUW1_5410978498
BRONZE,III,EUW1_5409706018
BRONZE,III,EUW1_5409678674
BRONZE,III,EUW1_5409418251
BRONZE,III,EUW1_5409395002
BRONZE,III,EUW1_5409411125
BRONZE,III,EUW1_5408071418
BRONZE,III,EUW1_5406796759
BRONZE,III,EUW1_5405198062
BRONZE,III,EUW1_5405060826
BRONZE,III,EUW1_5387078626
BRONZE,III,EUW1_5379356225
BRONZE,III,EUW1_5370242745
BRONZE,III,EUW1_5352293742
BRONZE,III,EUW1_5349494075
BRONZE,III,EUW1_5347794501
BRONZE,III,EUW1_5346710803
BRONZE,III,EUW1_5341887883
BRONZE,III,EUW1_5341728249
BRONZE,III,EUW1_5332235636
BRONZE,III,EUW1_5327679940
BRONZE,III,EUW1_5308243700
BRONZE,III,EUW1_5307319440
BRONZE,III,EUW1_5305320837
BRONZE,III,EUW1_5302038051
BRONZE,III,EUW1_5301991927
BRONZE,III,EUW1_5301947030
BRONZE,III,EUW1_5300146972
BRONZE,III,EUW1_5298286384
BRONZE,III,EUW1_5291438233
BRONZE,III,EUW1_5287503645
BRONZE,III,EUW1_5285139252
BRONZE,III,EUW1_5271992157
BRONZE,III,EUW1_5268214259
BRONZE,III,EUW1_5265675879
BRONZE,III,EUW1_5264269472
BRONZE,III,EUW1_5254373338
BRONZE,III,EUW1_5250562023
BRONZE,III,EUW1_5247300449
BRONZE,III,EUW1_5242889647
BRONZE,III,EUW1_5242941104
BRONZE,III,EUW1_5241659794
BRONZE,III,EUW1_5241730852
BRONZE,III,EUW1_5239146597
BRONZE,III,EUW1_5237138937
BRONZE,III,EUW1_5237131234
BRONZE,III,EUW1_5231400079
BRONZE,III,EUW1_5231484618
BRONZE,III,EUW1_5231461971
BRONZE,III,EUW1_5218755222
BRONZE,III,EUW1_5218695432
BRONZE,III,EUW1_5216956142
BRONZE,III,EUW1_5216835542
BRONZE,III,EUW1_5216830688
BRONZE,III,EUW1_5188605241
BRONZE,III,EUW1_5188550058
BRONZE,III,EUW1_5179699851
BRONZE,III,EUW1_5141007925
BRONZE,III,EUW1_5140997897
BRONZE,III,EUW1_5137702766
BRONZE,III,EUW1_5090790861
BRONZE,III,EUW1_5086991781
BRONZE,III,EUW1_5086924731
BRONZE,III,EUW1_5084713874
BRONZE,III,EUW1_5082890281
BRONZE,III,EUW1_5082757815
BRONZE,III,EUW1_5082647492
BRONZE,III,EUW1_5079122702
BRONZE,III,EUW1_5072166145
BRONZE,III,EUW1_5067910334
BRONZE,III,EUW1_5067913168
BRONZE,III,EUW1_5282887171
BRONZE,III,EUW1_5282942566
BRONZE,III,EUW1_5282815836
BRONZE,III,EUW1_5262930911
BRONZE,III,EUW1_5244095309
BRONZE,III,EUW1_5221175522
BRONZE,III,EUW1_5217163115
BRONZE,III,EUW1_5217114166
BRONZE,III,EUW1_5217046460
BRONZE,III,EUW1_5195623911
BRONZE,III,EUW1_5195458864
BRONZE,III,EUW1_5195428654
BRONZE,III,EUW1_5189863476
BRONZE,III,EUW1_5181588744
BRONZE,III,EUW1_5177832576
BRONZE,III,EUW1_5176458098
BRONZE,III,EUW1_5176480471
BRONZE,III,EUW1_5176414551
BRONZE,III,EUW1_5176125470
BRONZE,III,EUW1_5175987857
BRONZE,III,EUW1_5200584690
BRONZE,III,EUW1_5200510213
BRONZE,III,EUW1_5200484924
BRONZE,III,EUW1_5200419327
BRONZE,III,EUW1_5200443929
BRONZE,III,EUW1_5200349103
BRONZE,III,EUW1_5200217475
BRONZE,III,EUW1_5200195074
BRONZE,III,EUW1_5200183225
BRONZE,III,EUW1_5200160378
BRONZE,III,EUW1_5200159061
BRONZE,III,EUW1_5200167675
BRONZE,III,EUW1_5200176192
BRONZE,III,EUW1_5200175814
BRONZE,III,EUW1_5200135322
BRONZE,III,EUW1_5200113990
BRONZE,III,EUW1_5200152594
BRONZE,III,EUW1_5373915007
BRONZE,III,EUW1_5373835125
BRONZE,III,EUW1_5369432083
BRONZE,III,EUW1_5368063196
BRONZE,III,EUW1_5367976834
BRONZE,III,EUW1_5367892560
BRONZE,III,EUW1_5365656959
BRONZE,III,EUW1_5364654510
BRONZE,III,EUW1_5364616471
BRONZE,III,EUW1_5363996708
BRONZE,III,EUW1_5363876197
BRONZE,III,EUW1_5363518653
BRONZE,III,EUW1_5363457260
BRONZE,III,EUW1_5363380939
BRONZE,III,EUW1_5363086922
BRONZE,III,EUW1_5362909737
BRONZE,III,EUW1_5358887391
BRONZE,III,EUW1_5357074398
BRONZE,III,EUW1_5356988756
BRONZE,III,EUW1_5313985535
BRONZE,III,EUW1_5313938958
BRONZE,III,EUW1_5307159805
BRONZE,III,EUW1_5301817890
BRONZE,III,EUW1_5301717989
BRONZE,III,EUW1_5300376819
BRONZE,III,EUW1_5300277732
BRONZE,III,EUW1_5300009360
BRONZE,III,EUW1_5299115801
BRONZE,III,EUW1_5299027796
BRONZE,III,EUW1_5298354859
BRONZE,III,EUW1_5297351341
BRONZE,III,EUW1_5297251890
BRONZE,III,EUW1_5264195330
BRONZE,III,EUW1_5249009910
BRONZE,III,EUW1_5247852331
BRONZE,III,EUW1_5247640153
BRONZE,III,EUW1_5247667102
BRONZE,III,EUW1_5233743720
BRONZE,III,EUW1_5233618057
BRONZE,III,EUW1_5228383285
BRONZE,III,EUW1_5213297744
BRONZE,III,EUW1_5210357291
BRONZE,III,EUW1_5210361977
BRONZE,III,EUW1_5108392345
BRONZE,III,EUW1_5108243203
BRONZE,III,EUW1_5108161975
BRONZE,III,EUW1_5107931575
BRONZE,III,EUW1_5107824512
BRONZE,III,EUW1_5107579427
BRONZE,III,EUW1_5107552852
BRONZE,III,EUW1_5107446123
BRONZE,III,EUW1_5106301903
BRONZE,III,EUW1_5106235633
BRONZE,III,EUW1_5102454958
BRONZE,III,EUW1_5102388732
BRONZE,III,EUW1_5099816718
BRONZE,III,EUW1_5098162894
BRONZE,III,EUW1_5098035857
BRONZE,III,EUW1_5097917152
BRONZE,III,EUW1_5042806868
BRONZE,III,EUW1_5382965565
BRONZE,III,EUW1_5378410302
BRONZE,III,EUW1_5364578265
BRONZE,III,EUW1_5362806851
BRONZE,III,EUW1_5359987062
BRONZE,III,EUW1_5358729460
BRONZE,III,EUW1_5358794540
BRONZE,III,EUW1_5358647129
BRONZE,III,EUW1_5358609345
BRONZE,III,EUW1_5354455719
BRONZE,III,EUW1_5354451331
BRONZE,III,EUW1_5354336576
BRONZE,III,EUW1_5354291156
BRONZE,III,EUW1_5354203869
BRONZE,III,EUW1_5328086287
BRONZE,III,EUW1_5328094238
BRONZE,III,EUW1_5328120501
BRONZE,III,EUW1_5328008483
BRONZE,III,EUW1_5328034852
BRONZE,III,EUW1_5327981881
BRONZE,III,EUW1_5317488954
BRONZE,III,EUW1_5311215648
BRONZE,III,EUW1_5311320951
BRONZE,III,EUW1_5311076893
BRONZE,III,EUW1_5309606400
BRONZE,III,EUW1_5309594239
BRONZE,III,EUW1_5298093189
BRONZE,III,EUW1_5296681789
BRONZE,III,EUW1_5296535474
BRONZE,III,EUW1_5296446796
BRONZE,III,EUW1_5296403802
BRONZE,III,EUW1_5295727593
BRONZE,III,EUW1_5295656011
BRONZE,III,EUW1_5295742347
BRONZE,III,EUW1_5294080947
BRONZE,III,EUW1_5293947980
BRONZE,III,EUW1_5290404449
BRONZE,III,EUW1_5286827319
BRONZE,III,EUW1_5286773814
BRONZE,III,EUW1_5286709242
BRONZE,III,EUW1_5500924556
BRONZE,III,EUW1_5500879626
BRONZE,III,EUW1_5500798088
BRONZE,III,EUW1_5491712817
BRONZE,III,EUW1_5491640697
BRONZE,III,EUW1_5490512733
BRONZE,III,EUW1_5490430446
BRONZE,III,EUW1_5490435549
BRONZE,III,EUW1_5487747160
BRONZE,III,EUW1_5487762183
BRONZE,III,EUW1_5486246032
BRONZE,III,EUW1_5517024716
BRONZE,III,EUW1_5516918356
BRONZE,III,EUW1_5514145314
BRONZE,III,EUW1_5514092706
BRONZE,III,EUW1_5362624322
BRONZE,III,EUW1_5362396392
BRONZE,III,EUW1_5362347237
BRONZE,III,EUW1_5340451309
BRONZE,III,EUW1_5340345641
BRONZE,III,EUW1_5340258582
BRONZE,III,EUW1_5295014358
BRONZE,III,EUW1_5294896609
BRONZE,III,EUW1_5294829713
BRONZE,III,EUW1_5271223643
BRONZE,III,EUW1_5271188718
BRONZE,III,EUW1_5271125754
BRONZE,III,EUW1_5270453414
BRONZE,III,EUW1_5268265784
BRONZE,III,EUW1_5268321290
BRONZE,III,EUW1_5264345035
BRONZE,III,EUW1_5257462757
BRONZE,III,EUW1_5257394572
BRONZE,III,EUW1_5256831973
BRONZE,III,EUW1_5256706085
BRONZE,III,EUW1_5256578790
BRONZE,III,EUW1_5255145392
BRONZE,III,EUW1_5255059625
BRONZE,III,EUW1_5255022175
BRONZE,III,EUW1_5243386293
BRONZE,III,EUW1_5243097958
BRONZE,III,EUW1_5243014061
BRONZE,III,EUW1_5241421365
BRONZE,III,EUW1_5241296556
BRONZE,III,EUW1_5241222427
BRONZE,III,EUW1_5218843008
BRONZE,III,EUW1_5218782716
BRONZE,III,EUW1_5218693601
BRONZE,III,EUW1_5216812268
BRONZE,III,EUW1_5216714385
BRONZE,III,EUW1_5216615532
BRONZE,III,EUW1_5214302299
BRONZE,III,EUW1_5214048899
BRONZE,III,EUW1_5212767499
BRONZE,III,EUW1_5212626276
BRONZE,III,EUW1_5212580370
BRONZE,III,EUW1_5212465338
BRONZE,III,EUW1_5212369076
BRONZE,III,EUW1_5211058633
BRONZE,III,EUW1_5211043311
BRONZE,III,EUW1_5211000227
BRONZE,III,EUW1_5495248672
BRONZE,III,EUW1_5495251522
BRONZE,III,EUW1_5495109579
BRONZE,III,EUW1_5470533871
BRONZE,III,EUW1_5423439335
BRONZE,III,EUW1_5372906783
BRONZE,III,EUW1_5372924473
BRONZE,III,EUW1_5370272435
BRONZE,III,EUW1_5368547793
BRONZE,III,EUW1_5367308250
BRONZE,III,EUW1_5353090012
BRONZE,III,EUW1_5353028022
BRONZE,III,EUW1_5352484274
BRONZE,III,EUW1_5336349117
BRONZE,III,EUW1_5335635090
BRONZE,III,EUW1_5335641302
BRONZE,III,EUW1_5333035224
BRONZE,III,EUW1_5333014192
BRONZE,III,EUW1_5332369332
BRONZE,III,EUW1_5323623323
BRONZE,III,EUW1_5299765084
BRONZE,III,EUW1_5299743954
BRONZE,III,EUW1_5299681177
BRONZE,III,EUW1_5297955911
BRONZE,III,EUW1_5297942167
BRONZE,III,EUW1_5271189955
BRONZE,III,EUW1_5271155528
BRONZE,III,EUW1_5269565326
BRONZE,III,EUW1_5269438732
BRONZE,III,EUW1_5206380212
BRONZE,III,EUW1_5205050234
BRONZE,III,EUW1_5200228464
BRONZE,III,EUW1_5200195094
BRONZE,III,EUW1_5200202736
BRONZE,III,EUW1_5196356458
BRONZE,III,EUW1_5196285255
BRONZE,III,EUW1_5196404004
BRONZE,III,EUW1_5194805294
BRONZE,III,EUW1_5194729556
BRONZE,III,EUW1_5166010596
BRONZE,III,EUW1_5160298563
BRONZE,III,EUW1_5159598587
BRONZE,III,EUW1_5159534957
BRONZE,III,EUW1_5109284934
BRONZE,III,EUW1_5108442604
BRONZE,III,EUW1_5098639347
BRONZE,III,EUW1_5098665170
BRONZE,III,EUW1_5098440295
BRONZE,III,EUW1_5097572393
BRONZE,III,EUW1_5085029698
BRONZE,III,EUW1_5067553016
BRONZE,III,EUW1_5067458209
BRONZE,III,EUW1_5067532445
BRONZE,III,EUW1_5066659660
BRONZE,III,EUW1_5060512216
BRONZE,III,EUW1_5060207038
BRONZE,III,EUW1_5060016260
BRONZE,III,EUW1_5059900352
BRONZE,III,EUW1_5056406765
BRONZE,III,EUW1_5046575383
BRONZE,III,EUW1_5042644045
BRONZE,III,EUW1_5042489664
BRONZE,III,EUW1_5033666530
BRONZE,III,EUW1_5548918116
BRONZE,III,EUW1_5548595007
BRONZE,III,EUW1_5548266580
BRONZE,III,EUW1_5548292973
BRONZE,III,EUW1_5548138929
BRONZE,III,EUW1_5547336297
BRONZE,III,EUW1_5547258230
BRONZE,III,EUW1_5547213032
BRONZE,III,EUW1_5547096224
BRONZE,III,EUW1_5546861184
BRONZE,III,EUW1_5546778742
BRONZE,III,EUW1_5546834531
BRONZE,III,EUW1_5546126167
BRONZE,III,EUW1_5546030000
BRONZE,III,EUW1_5545992935
BRONZE,III,EUW1_5544608902
BRONZE,III,EUW1_5544605376
BRONZE,III,EUW1_5544256756
BRONZE,III,EUW1_5544176837
BRONZE,III,EUW1_5544069809
BRONZE,III,EUW1_5544014435
BRONZE,III,EUW1_5542953279
BRONZE,III,EUW1_5540569695
BRONZE,III,EUW1_5540622943
BRONZE,III,EUW1_5540507728
BRONZE,III,EUW1_5540530801
BRONZE,III,EUW1_5540358211
BRONZE,III,EUW1_5539809480
BRONZE,III,EUW1_5539627957
BRONZE,III,EUW1_5538953481
BRONZE,III,EUW1_5538826941
BRONZE,III,EUW1_5538770015
BRONZE,III,EUW1_5538050052
BRONZE,III,EUW1_5538063465
BRONZE,III,EUW1_5537387047
BRONZE,III,EUW1_5537348521
BRONZE,III,EUW1_5536502908
BRONZE,III,EUW1_5536480028
BRONZE,III,EUW1_5536466552
BRONZE,III,EUW1_5536474306
BRONZE,III,EUW1_5536391819
BRONZE,III,EUW1_5535246574
BRONZE,III,EUW1_5534258598
BRONZE,III,EUW1_5534213449
BRONZE,III,EUW1_5534047762
BRONZE,III,EUW1_5533839867
BRONZE,III,EUW1_5533901760
BRONZE,III,EUW1_5533726779
BRONZE,III,EUW1_5532470697
BRONZE,III,EUW1_5532442080
BRONZE,III,EUW1_5532292942
BRONZE,III,EUW1_5532196655
BRONZE,III,EUW1_5532163784
BRONZE,III,EUW1_5531683188
BRONZE,III,EUW1_5531628149
BRONZE,III,EUW1_5531643216
BRONZE,III,EUW1_5531480283
BRONZE,III,EUW1_5530174055
BRONZE,III,EUW1_5530090035
BRONZE,III,EUW1_5530084374
BRONZE,III,EUW1_5529939913
BRONZE,III,EUW1_5528285883
BRONZE,III,EUW1_5528311630
BRONZE,III,EUW1_5528128029
BRONZE,III,EUW1_5524426402
BRONZE,III,EUW1_5513721457
BRONZE,III,EUW1_5513547966
BRONZE,III,EUW1_5513600628
BRONZE,III,EUW1_5503428510
BRONZE,III,EUW1_5503364997
BRONZE,III,EUW1_5503337628
BRONZE,III,EUW1_5503303472
BRONZE,III,EUW1_5503218368
BRONZE,III,EUW1_5246130783
BRONZE,III,EUW1_5246054107
BRONZE,III,EUW1_5152988840
BRONZE,III,EUW1_5152807304
BRONZE,III,EUW1_5363349144
BRONZE,III,EUW1_5363385257
BRONZE,III,EUW1_5363210007
BRONZE,III,EUW1_5362249756
BRONZE,III,EUW1_5362176531
BRONZE,III,EUW1_5361558946
BRONZE,III,EUW1_5358425648
BRONZE,III,EUW1_5358327781
BRONZE,III,EUW1_5358351852
BRONZE,III,EUW1_5358247408
BRONZE,III,EUW1_5358179812
BRONZE,III,EUW1_5168980072
BRONZE,III,EUW1_5165150560
BRONZE,III,EUW1_5164974947
BRONZE,III,EUW1_5164905711
BRONZE,III,EUW1_5164849438
BRONZE,III,EUW1_5164815235
BRONZE,III,EUW1_5160901618
BRONZE,III,EUW1_5160776663
BRONZE,III,EUW1_5160731357
BRONZE,III,EUW1_5159606839
BRONZE,III,EUW1_5159512755
BRONZE,III,EUW1_5157704609
BRONZE,III,EUW1_5157650525
BRONZE,III,EUW1_5157297049
BRONZE,III,EUW1_5156195398
BRONZE,III,EUW1_5154966515
BRONZE,III,EUW1_5154790144
BRONZE,III,EUW1_5154677187
BRONZE,III,EUW1_5154117347
BRONZE,III,EUW1_5154171909
BRONZE,III,EUW1_5153642583
BRONZE,III,EUW1_5151514303
BRONZE,III,EUW1_5151474689
BRONZE,III,EUW1_5151531322
BRONZE,III,EUW1_5150912841
BRONZE,III,EUW1_5150656921
BRONZE,III,EUW1_5150577824
BRONZE,III,EUW1_5149175454
BRONZE,III,EUW1_5147281735
BRONZE,III,EUW1_5147118302
BRONZE,III,EUW1_5147104870
BRONZE,III,EUW1_5147111729
BRONZE,III,EUW1_5147046455
BRONZE,III,EUW1_5145839621
BRONZE,III,EUW1_5145852241
BRONZE,III,EUW1_5145668328
BRONZE,III,EUW1_5144941864
BRONZE,III,EUW1_5143778752
BRONZE,III,EUW1_5143074736
BRONZE,III,EUW1_5141898954
BRONZE,III,EUW1_5141198540
BRONZE,III,EUW1_5141163801
BRONZE,III,EUW1_5141009970
BRONZE,III,EUW1_5141006327
BRONZE,III,EUW1_5140775197
BRONZE,III,EUW1_5138131184
BRONZE,III,EUW1_5138061564
BRONZE,III,EUW1_5137970095
BRONZE,III,EUW1_5138018059
BRONZE,III,EUW1_5137967846
BRONZE,III,EUW1_5136082953
BRONZE,III,EUW1_5136081561
BRONZE,III,EUW1_5135941821
BRONZE,III,EUW1_5134740518
BRONZE,III,EUW1_5134192835
BRONZE,III,EUW1_5134118700
BRONZE,III,EUW1_5322880455
BRONZE,III,EUW1_5319349258
BRONZE,III,EUW1_5318576438
BRONZE,III,EUW1_5318552739
BRONZE,III,EUW1_5309260674
BRONZE,III,EUW1_5293440474
BRONZE,III,EUW1_5291787208
BRONZE,III,EUW1_5282052186
BRONZE,III,EUW1_5270281351
BRONZE,III,EUW1_5270204374
BRONZE,III,EUW1_5268334238
BRONZE,III,EUW1_5268159224
BRONZE,III,EUW1_5268161541
BRONZE,III,EUW1_5268086416
BRONZE,III,EUW1_5268140610
BRONZE,III,EUW1_5237527335
BRONZE,III,EUW1_5237349843
BRONZE,III,EUW1_5235455689
BRONZE,III,EUW1_5235344520
BRONZE,III,EUW1_5233717206
BRONZE,III,EUW1_5230048159
BRONZE,III,EUW1_5206839799
BRONZE,III,EUW1_5206821569
BRONZE,III,EUW1_5205192608
BRONZE,III,EUW1_5201610691
BRONZE,III,EUW1_5201337553
BRONZE,III,EUW1_5195322054
BRONZE,III,EUW1_5195183516
BRONZE,III,EUW1_5195110969
BRONZE,III,EUW1_5193295669
BRONZE,III,EUW1_5193200266
BRONZE,III,EUW1_5193251805
BRONZE,III,EUW1_5193105560
BRONZE,III,EUW1_5189673984
BRONZE,III,EUW1_5189414708
BRONZE,III,EUW1_5189126879
BRONZE,III,EUW1_5187614987
BRONZE,III,EUW1_5187506748
BRONZE,III,EUW1_5187397449
BRONZE,III,EUW1_5187298579
BRONZE,III,EUW1_5187033495
BRONZE,III,EUW1_5186726886
BRONZE,III,EUW1_5186619381
BRONZE,III,EUW1_5185094685
BRONZE,III,EUW1_5177586582
BRONZE,III,EUW1_5177530841
BRONZE,III,EUW1_5173349811
BRONZE,III,EUW1_5164292188
BRONZE,III,EUW1_5152367810
BRONZE,III,EUW1_5150487757
BRONZE,III,EUW1_5508087502
BRONZE,III,EUW1_5466527442
BRONZE,III,EUW1_5168115072
BRONZE,III,EUW1_5167986592
BRONZE,III,EUW1_5167914087
BRONZE,III,EUW1_5130277967
BRONZE,III,EUW1_5130283583
BRONZE,III,EUW1_5130189689
BRONZE,III,EUW1_5125547303
BRONZE,III,EUW1_5125561656
BRONZE,III,EUW1_5125452874
BRONZE,III,EUW1_5124650863
BRONZE,III,EUW1_5124536431
BRONZE,III,EUW1_5407947378
BRONZE,III,EUW1_5407910452
BRONZE,III,EUW1_5404008811
BRONZE,III,EUW1_5403953926
BRONZE,III,EUW1_5399258563
BRONZE,III,EUW1_5385881219
BRONZE,III,EUW1_5385795974
BRONZE,III,EUW1_5264856281
BRONZE,III,EUW1_5264900825
BRONZE,III,EUW1_5251160418
BRONZE,III,EUW1_5251144331
BRONZE,III,EUW1_5251038692
BRONZE,III,EUW1_5249685799
BRONZE,III,EUW1_5249566666
BRONZE,III,EUW1_5249250269
BRONZE,III,EUW1_5249273783
BRONZE,III,EUW1_5249224957
BRONZE,III,EUW1_5249131935
BRONZE,III,EUW1_5247425746
BRONZE,III,EUW1_5247199355
BRONZE,III,EUW1_5243470370
BRONZE,III,EUW1_5243475266
BRONZE,III,EUW1_5243136118
BRONZE,III,EUW1_5243130655
BRONZE,III,EUW1_5242962935
BRONZE,III,EUW1_5473475214
BRONZE,III,EUW1_5473382295
BRONZE,III,EUW1_5472627755
BRONZE,III,EUW1_5472534072
BRONZE,III,EUW1_5472479273
BRONZE,III,EUW1_5472452249
BRONZE,III,EUW1_5470641161
BRONZE,III,EUW1_5470527972
BRONZE,III,EUW1_5463920904
BRONZE,III,EUW1_5463787364
BRONZE,III,EUW1_5463659023
BRONZE,III,EUW1_5443181779
BRONZE,III,EUW1_5443144331
BRONZE,III,EUW1_5442369713
BRONZE,III,EUW1_5442327152
BRONZE,III,EUW1_5442401789
BRONZE,III,EUW1_5442289000
BRONZE,III,EUW1_5442286322
BRONZE,III,EUW1_5441667575
BRONZE,III,EUW1_5441651391
BRONZE,III,EUW1_5424276820
BRONZE,III,EUW1_5423064030
BRONZE,III,EUW1_5422519885
BRONZE,III,EUW1_5422512724
BRONZE,III,EUW1_5418500721
BRONZE,III,EUW1_5418406253
BRONZE,III,EUW1_5418298573
BRONZE,III,EUW1_5418195784
BRONZE,III,EUW1_5418128125
BRONZE,III,EUW1_5416739045
BRONZE,III,EUW1_5414747679
BRONZE,III,EUW1_5414783889
BRONZE,III,EUW1_5414669401
BRONZE,III,EUW1_5414586192
BRONZE,III,EUW1_5413964036
BRONZE,III,EUW1_5406652439
BRONZE,III,EUW1_5406465199
BRONZE,III,EUW1_5402151519
BRONZE,III,EUW1_5402038447
BRONZE,III,EUW1_5397488791
BRONZE,III,EUW1_5396198191
BRONZE,III,EUW1_5396060442
BRONZE,III,EUW1_5396014079
BRONZE,III,EUW1_5395924289
BRONZE,III,EUW1_5394915715
BRONZE,III,EUW1_5394907587
BRONZE,III,EUW1_5394852455
BRONZE,III,EUW1_5394351797
BRONZE,III,EUW1_5394277670
BRONZE,III,EUW1_5391812702
BRONZE,III,EUW1_5391669209
BRONZE,III,EUW1_5378934959
BRONZE,III,EUW1_5377918538
BRONZE,III,EUW1_5377766765
BRONZE,III,EUW1_5377841164
BRONZE,III,EUW1_5377666108
BRONZE,III,EUW1_5374858875
BRONZE,III,EUW1_5374793472
BRONZE,III,EUW1_5374726413
BRONZE,III,EUW1_5370370649
BRONZE,III,EUW1_5368764539
BRONZE,III,EUW1_5368751402
BRONZE,III,EUW1_5367535615
BRONZE,III,EUW1_5367429476
BRONZE,III,EUW1_5366708271
BRONZE,III,EUW1_5365412209
BRONZE,III,EUW1_5365267793
BRONZE,III,EUW1_5364071577
BRONZE,III,EUW1_5363954092
BRONZE,III,EUW1_5359626767
BRONZE,III,EUW1_5359681868
BRONZE,III,EUW1_5548935776
BRONZE,III,EUW1_5537209873
BRONZE,III,EUW1_5537221060
BRONZE,III,EUW1_5313588088
BRONZE,III,EUW1_5290637384
BRONZE,III,EUW1_5220623481
BRONZE,III,EUW1_5217415872
BRONZE,III,EUW1_5217307068
BRONZE,III,EUW1_5212846032
BRONZE,III,EUW1_5212688816
BRONZE,III,EUW1_5183304257
BRONZE,III,EUW1_5181713203
BRONZE,III,EUW1_5181565761
BRONZE,III,EUW1_5180943545
BRONZE,III,EUW1_5180843491
BRONZE,III,EUW1_5176149755
BRONZE,III,EUW1_5176058851
BRONZE,III,EUW1_5175949937
BRONZE,III,EUW1_5173969617
BRONZE,III,EUW1_5173923195
BRONZE,III,EUW1_5170614025
BRONZE,III,EUW1_5170378167
BRONZE,III,EUW1_5170288974
BRONZE,III,EUW1_5167983177
BRONZE,III,EUW1_5167857707
BRONZE,III,EUW1_5167794514
BRONZE,III,EUW1_5165065885
BRONZE,III,EUW1_5164316450
BRONZE,III,EUW1_5164090175
BRONZE,III,EUW1_5162916700
BRONZE,III,EUW1_5162756485
BRONZE,III,EUW1_5160769211
BRONZE,III,EUW1_5160708291
BRONZE,III,EUW1_5123563422
BRONZE,III,EUW1_5123505654
BRONZE,III,EUW1_5072665843
BRONZE,III,EUW1_5072508386
BRONZE,III,EUW1_5066489830
BRONZE,III,EUW1_5066289548
BRONZE,III,EUW1_5059290624
BRONZE,III,EUW1_5053848332
BRONZE,III,EUW1_5048140931
BRONZE,III,EUW1_5044668317
BRONZE,III,EUW1_5042525851
BRONZE,III,EUW1_5042446377
BRONZE,III,EUW1_5041170115
BRONZE,III,EUW1_5041213925
BRONZE,III,EUW1_5041120850
BRONZE,III,EUW1_5040906195
BRONZE,III,EUW1_5039327909
BRONZE,III,EUW1_5039304816
BRONZE,III,EUW1_5037401696
BRONZE,III,EUW1_5037284297
BRONZE,III,EUW1_5037168928
BRONZE,III,EUW1_5034860283
BRONZE,III,EUW1_5033196025
BRONZE,III,EUW1_5029803517
BRONZE,III,EUW1_5026745757
BRONZE,III,EUW1_5026685012
BRONZE,III,EUW1_5024333660
BRONZE,III,EUW1_5022842248
BRONZE,III,EUW1_5022643662
BRONZE,III,EUW1_4996246287
BRONZE,III,EUW1_4996253641
BRONZE,III,EUW1_4976446252
BRONZE,III,EUW1_5472576787
BRONZE,III,EUW1_5472512732
BRONZE,III,EUW1_5472478720
BRONZE,III,EUW1_5472474449
BRONZE,III,EUW1_5472461337
BRONZE,III,EUW1_5467762587
BRONZE,III,EUW1_5467637480
BRONZE,III,EUW1_5467682103
BRONZE,III,EUW1_5467529291
BRONZE,III,EUW1_5467554501
BRONZE,III,EUW1_5462267927
BRONZE,III,EUW1_5461878185
BRONZE,III,EUW1_5461934491
BRONZE,III,EUW1_5461891980
BRONZE,III,EUW1_5461818812
BRONZE,III,EUW1_5461815434
BRONZE,III,EUW1_5460967455
BRONZE,III,EUW1_5460953055
BRONZE,III,EUW1_5460649553
BRONZE,III,EUW1_5460438765
BRONZE,III,EUW1_5460484665
BRONZE,III,EUW1_5459769033
BRONZE,III,EUW1_5444487944
BRONZE,III,EUW1_5545765482
BRONZE,III,EUW1_5482953346
BRONZE,III,EUW1_5482911974
BRONZE,III,EUW1_5482890632
BRONZE,III,EUW1_5481603318
BRONZE,III,EUW1_5480674667
BRONZE,III,EUW1_5480627868
BRONZE,III,EUW1_5480520130
BRONZE,III,EUW1_5480515141
BRONZE,III,EUW1_5480421538
BRONZE,III,EUW1_5480017459
BRONZE,III,EUW1_5479965215
BRONZE,III,EUW1_5480022478
BRONZE,III,EUW1_5480000705
BRONZE,III,EUW1_5479830311
BRONZE,III,EUW1_5479606724
BRONZE,III,EUW1_5479598983
BRONZE,III,EUW1_5479564012
BRONZE,III,EUW1_5275640203
BRONZE,III,EUW1_5275691952
BRONZE,III,EUW1_5255302034
BRONZE,III,EUW1_5255199646
BRONZE,III,EUW1_5248743875
BRONZE,III,EUW1_5248727759
BRONZE,III,EUW1_5246707757
BRONZE,III,EUW1_5246676882
BRONZE,III,EUW1_5224392496
BRONZE,III,EUW1_5223773913
BRONZE,III,EUW1_5222870964
BRONZE,III,EUW1_5217206153
BRONZE,III,EUW1_5217085446
BRONZE,III,EUW1_5216996781
BRONZE,III,EUW1_5197098666
BRONZE,III,EUW1_5197111592
BRONZE,III,EUW1_5196975809
BRONZE,III,EUW1_5196889627
BRONZE,III,EUW1_5196824198
BRONZE,III,EUW1_5186574556
BRONZE,III,EUW1_5153222795
BRONZE,III,EUW1_5153042691
BRONZE,III,EUW1_5137557169
BRONZE,III,EUW1_5137231713
BRONZE,III,EUW1_5119007099
BRONZE,III,EUW1_5118231124
BRONZE,III,EUW1_5112438002
BRONZE,III,EUW1_5110651810
BRONZE,III,EUW1_5110560843
BRONZE,III,EUW1_5108451411
BRONZE,III,EUW1_5108260102
BRONZE,III,EUW1_5108126939
BRONZE,III,EUW1_5100551446
BRONZE,III,EUW1_5100469269
BRONZE,III,EUW1_5085611211
BRONZE,III,EUW1_5082299455
BRONZE,III,EUW1_5081459089
BRONZE,III,EUW1_5080896632
BRONZE,III,EUW1_5080710214
BRONZE,III,EUW1_5080692600
BRONZE,III,EUW1_5079631657
BRONZE,III,EUW1_5077514802
BRONZE,III,EUW1_5074550799
BRONZE,III,EUW1_5074391338
BRONZE,III,EUW1_5073726468
BRONZE,III,EUW1_5073502056
BRONZE,III,EUW1_5073298595
BRONZE,III,EUW1_5072139882
BRONZE,III,EUW1_5072091719
BRONZE,III,EUW1_5072005041
BRONZE,III,EUW1_5071728575
BRONZE,III,EUW1_5071684750
BRONZE,III,EUW1_5071598583
BRONZE,III,EUW1_5069498778
BRONZE,III,EUW1_5069329944
BRONZE,III,EUW1_5061599911
BRONZE,III,EUW1_5061573729
BRONZE,III,EUW1_5061473837
BRONZE,III,EUW1_5022849414
BRONZE,III,EUW1_5009241092
BRONZE,III,EUW1_5008252360
BRONZE,III,EUW1_5008166242
BRONZE,III,EUW1_5007146520
BRONZE,III,EUW1_5007071848
BRONZE,III,EUW1_4999203728
BRONZE,III,EUW1_4997994079
BRONZE,III,EUW1_4997477241
BRONZE,III,EUW1_4993930960
BRONZE,III,EUW1_4993837718
BRONZE,III,EUW1_4993397983
BRONZE,III,EUW1_4993218441
BRONZE,III,EUW1_4992698227
BRONZE,III,EUW1_4992741588
BRONZE,III,EUW1_4992259497
BRONZE,III,EUW1_4992302646
BRONZE,III,EUW1_4992291318
BRONZE,III,EUW1_4992176825
BRONZE,III,EUW1_4992231413
BRONZE,III,EUW1_4987488352
BRONZE,III,EUW1_4987502871
BRONZE,III,EUW1_4987348420
BRONZE,III,EUW1_4986803239
BRONZE,III,EUW1_5532513537
BRONZE,III,EUW1_5532427305
BRONZE,III,EUW1_5469617025
BRONZE,III,EUW1_5469550340
BRONZE,III,EUW1_5453315139
BRONZE,III,EUW1_5450738352
BRONZE,III,EUW1_5450644124
BRONZE,III,EUW1_5449238645
BRONZE,III,EUW1_5402722133
BRONZE,III,EUW1_5402667333
BRONZE,III,EUW1_5402672180
BRONZE,III,EUW1_5376618268
BRONZE,III,EUW1_5376602352
BRONZE,III,EUW1_5376448201
BRONZE,III,EUW1_5373468247
BRONZE,III,EUW1_5373436573
BRONZE,III,EUW1_5370866455
BRONZE,III,EUW1_5370808437
BRONZE,III,EUW1_5370733616
BRONZE,III,EUW1_5351723593
BRONZE,III,EUW1_5122641025
BRONZE,III,EUW1_5122388749
BRONZE,III,EUW1_5089829783
BRONZE,III,EUW1_5078944670
BRONZE,III,EUW1_5052303780
BRONZE,III,EUW1_5047952182
BRONZE,III,EUW1_5047843176
BRONZE,III,EUW1_5047774548
BRONZE,III,EUW1_5045351566
BRONZE,III,EUW1_5040921620
BRONZE,III,EUW1_5355831246
BRONZE,III,EUW1_5355665948
BRONZE,III,EUW1_5355612833
BRONZE,III,EUW1_5355343448
BRONZE,III,EUW1_5355177240
BRONZE,III,EUW1_5355160895
BRONZE,III,EUW1_5354986785
BRONZE,III,EUW1_5354971163
BRONZE,III,EUW1_5354289571
BRONZE,III,EUW1_5347771545
BRONZE,III,EUW1_5347617890
BRONZE,III,EUW1_5346445942
BRONZE,III,EUW1_5346412685
BRONZE,III,EUW1_5343364956
BRONZE,III,EUW1_5343328043
BRONZE,III,EUW1_5067777646
BRONZE,III,EUW1_5058685631
BRONZE,III,EUW1_5058601633
BRONZE,III,EUW1_5058592253
BRONZE,III,EUW1_5033197820
BRONZE,III,EUW1_5033133098
BRONZE,III,EUW1_5033112119
BRONZE,III,EUW1_5033009551
BRONZE,III,EUW1_5022366421
BRONZE,III,EUW1_5022058605
BRONZE,III,EUW1_5420732042
BRONZE,III,EUW1_5420626910
BRONZE,III,EUW1_5420619039
BRONZE,III,EUW1_5407868970
BRONZE,III,EUW1_5407842915
BRONZE,III,EUW1_5389294221
BRONZE,III,EUW1_5389288192
BRONZE,III,EUW1_5389224680
BRONZE,III,EUW1_5389119409
BRONZE,III,EUW1_5388959474
BRONZE,III,EUW1_5388894128
BRONZE,III,EUW1_5385948208
BRONZE,III,EUW1_5385950986
BRONZE,III,EUW1_5385855376
BRONZE,III,EUW1_5385861059
BRONZE,III,EUW1_5384277723
BRONZE,III,EUW1_5384227504
BRONZE,III,EUW1_5384182351
BRONZE,III,EUW1_5384074162
BRONZE,III,EUW1_5383988654
BRONZE,III,EUW1_5383816766
BRONZE,III,EUW1_5383686987
BRONZE,III,EUW1_5381399176
BRONZE,III,EUW1_5381391956
BRONZE,III,EUW1_5381246008
BRONZE,III,EUW1_5489936991
BRONZE,III,EUW1_5489777396
BRONZE,III,EUW1_5489589951
BRONZE,III,EUW1_5489348986
BRONZE,III,EUW1_5489354200
BRONZE,III,EUW1_5489132144
BRONZE,III,EUW1_5489020986
BRONZE,III,EUW1_5488840357
BRONZE,III,EUW1_5488857501
BRONZE,III,EUW1_5488358484
BRONZE,III,EUW1_5488244599
BRONZE,III,EUW1_5488150424
BRONZE,III,EUW1_5487984143
BRONZE,III,EUW1_5487851654
BRONZE,III,EUW1_4987633086
BRONZE,III,EUW1_4987561907
BRONZE,III,EUW1_4987524694
BRONZE,III,EUW1_5532870083
BRONZE,III,EUW1_5532893000
BRONZE,III,EUW1_5529711180
BRONZE,III,EUW1_5529619087
BRONZE,III,EUW1_5529618037
BRONZE,III,EUW1_5527959211
BRONZE,III,EUW1_5528026441
BRONZE,III,EUW1_5527983113
BRONZE,III,EUW1_5525107151
BRONZE,III,EUW1_5525123021
BRONZE,III,EUW1_5525102780
BRONZE,III,EUW1_5523800112
BRONZE,III,EUW1_5523876996
BRONZE,III,EUW1_5523846925
BRONZE,III,EUW1_5522364285
BRONZE,III,EUW1_5522308186
BRONZE,III,EUW1_5522221016
BRONZE,III,EUW1_5522149416
BRONZE,III,EUW1_5522168159
BRONZE,III,EUW1_5519073751
BRONZE,III,EUW1_5519121598
BRONZE,III,EUW1_5500237462
BRONZE,III,EUW1_5500136854
BRONZE,III,EUW1_5497184895
BRONZE,III,EUW1_5497101596
BRONZE,III,EUW1_5201408725
BRONZE,III,EUW1_5201430910
BRONZE,III,EUW1_5194707018
BRONZE,III,EUW1_5192982080
BRONZE,III,EUW1_5192808015
BRONZE,III,EUW1_5191307699
BRONZE,III,EUW1_5191216911
BRONZE,III,EUW1_5188983283
BRONZE,III,EUW1_5180133775
BRONZE,III,EUW1_5180074044
BRONZE,III,EUW1_5177860638
BRONZE,III,EUW1_5177794076
BRONZE,III,EUW1_5177802275
BRONZE,III,EUW1_5517760883
BRONZE,III,EUW1_5517698748
BRONZE,III,EUW1_5517677203
BRONZE,III,EUW1_5517052951
BRONZE,III,EUW1_5516854688
BRONZE,III,EUW1_5516151627
BRONZE,III,EUW1_5516098725
BRONZE,III,EUW1_5515732380
BRONZE,III,EUW1_5515516245
BRONZE,III,EUW1_5514505101
BRONZE,III,EUW1_5514483222
BRONZE,III,EUW1_5512903706
BRONZE,III,EUW1_5512901840
BRONZE,III,EUW1_5510602457
BRONZE,III,EUW1_5510535756
BRONZE,III,EUW1_5510109476
BRONZE,III,EUW1_5505975218
BRONZE,III,EUW1_5504373073
BRONZE,III,EUW1_5504259071
BRONZE,III,EUW1_5504312391
BRONZE,III,EUW1_5504126099
BRONZE,III,EUW1_5453938955
BRONZE,III,EUW1_5452135871
BRONZE,III,EUW1_5443131373
BRONZE,III,EUW1_5439680963
BRONZE,III,EUW1_5534356270
BRONZE,III,EUW1_5534219910
BRONZE,III,EUW1_5533545942
BRONZE,III,EUW1_5533439511
BRONZE,III,EUW1_5531900537
BRONZE,III,EUW1_5531777005
BRONZE,III,EUW1_5530078460
BRONZE,III,EUW1_5530051482
BRONZE,III,EUW1_5528803162
BRONZE,III,EUW1_5528735301
BRONZE,III,EUW1_5479067471
BRONZE,III,EUW1_5463579991
BRONZE,III,EUW1_5463582465
BRONZE,III,EUW1_5461073755
BRONZE,III,EUW1_5460997661
BRONZE,III,EUW1_5459632875
BRONZE,III,EUW1_5459545393
BRONZE,III,EUW1_5457500735
BRONZE,III,EUW1_5454788445
BRONZE,III,EUW1_5454634994
BRONZE,III,EUW1_5454479442
BRONZE,III,EUW1_5454436788
BRONZE,III,EUW1_5451893266
BRONZE,III,EUW1_5451768598
BRONZE,III,EUW1_5450687311
BRONZE,III,EUW1_5141799938
BRONZE,III,EUW1_5131491626
BRONZE,III,EUW1_5131404621
BRONZE,III,EUW1_5105851332
BRONZE,III,EUW1_5105705425
BRONZE,III,EUW1_5065798639
BRONZE,III,EUW1_5065824618
BRONZE,III,EUW1_5065735999
BRONZE,III,EUW1_5061591640
BRONZE,III,EUW1_5061526383
BRONZE,III,EUW1_5061511309
BRONZE,III,EUW1_5061405043
BRONZE,III,EUW1_5026216525
BRONZE,III,EUW1_5026148893
BRONZE,III,EUW1_5533107238
BRONZE,III,EUW1_5527595987
BRONZE,III,EUW1_5526984226
BRONZE,III,EUW1_5524214767
BRONZE,III,EUW1_5524176429
BRONZE,III,EUW1_5505686070
BRONZE,III,EUW1_5505569474
BRONZE,III,EUW1_5501482553
BRONZE,III,EUW1_5501164111
BRONZE,III,EUW1_5498381017
BRONZE,III,EUW1_5498245653
BRONZE,III,EUW1_5478880022
BRONZE,III,EUW1_5478873586
BRONZE,III,EUW1_5420502381
BRONZE,III,EUW1_5364420339
BRONZE,III,EUW1_5359850695
BRONZE,III,EUW1_5355186388
BRONZE,III,EUW1_5318117171
BRONZE,III,EUW1_5318122263
BRONZE,III,EUW1_5318064181
BRONZE,III,EUW1_5317976623
BRONZE,III,EUW1_5317000700
BRONZE,III,EUW1_5316760003
BRONZE,III,EUW1_5313698731
BRONZE,III,EUW1_5313681110
BRONZE,III,EUW1_5325503881
BRONZE,III,EUW1_5325449916
BRONZE,III,EUW1_5325477718
BRONZE,III,EUW1_5325423480
BRONZE,III,EUW1_5325369800
BRONZE,III,EUW1_5325367499
BRONZE,III,EUW1_5325325383
BRONZE,III,EUW1_5325352910
BRONZE,III,EUW1_5325350833
BRONZE,III,EUW1_5324292305
BRONZE,III,EUW1_5324247174
BRONZE,III,EUW1_5324183545
BRONZE,III,EUW1_5323556919
BRONZE,III,EUW1_5453211946
BRONZE,III,EUW1_5415095698
BRONZE,III,EUW1_5395355036
BRONZE,III,EUW1_5394398540
BRONZE,III,EUW1_5382957010
BRONZE,III,EUW1_5382935941
BRONZE,III,EUW1_5380791209
BRONZE,III,EUW1_5380560430
BRONZE,III,EUW1_5372295048
BRONZE,III,EUW1_5371405440
BRONZE,III,EUW1_5358727875
BRONZE,III,EUW1_5357939029
BRONZE,III,EUW1_5356483789
BRONZE,III,EUW1_5356387812
BRONZE,III,EUW1_5354956476
BRONZE,III,EUW1_5349167500
BRONZE,III,EUW1_5343068009
BRONZE,III,EUW1_5340018205
BRONZE,III,EUW1_5340042009
BRONZE,III,EUW1_5338915572
BRONZE,III,EUW1_5338148232
BRONZE,III,EUW1_5338165419
BRONZE,III,EUW1_5333481766
BRONZE,III,EUW1_5324919735
BRONZE,III,EUW1_5324638979
BRONZE,III,EUW1_5528933317
BRONZE,III,EUW1_5528857385
BRONZE,III,EUW1_5528883118
BRONZE,III,EUW1_5528727237
BRONZE,III,EUW1_5528741475
BRONZE,III,EUW1_5527835545
BRONZE,III,EUW1_5527753705
BRONZE,III,EUW1_5527736681
BRONZE,III,EUW1_5527702486
BRONZE,III,EUW1_5527607134
BRONZE,III,EUW1_5527529183
BRONZE,III,EUW1_5527284426
BRONZE,III,EUW1_5527208192
BRONZE,III,EUW1_5527192886
BRONZE,III,EUW1_5527098902
BRONZE,III,EUW1_5527094261
BRONZE,III,EUW1_5527018793
BRONZE,III,EUW1_5525602684
BRONZE,III,EUW1_5525408394
BRONZE,III,EUW1_5519556190
BRONZE,III,EUW1_5519397652
BRONZE,III,EUW1_5519360693
BRONZE,III,EUW1_5518910690
BRONZE,III,EUW1_5495916673
BRONZE,III,EUW1_5495855988
BRONZE,III,EUW1_5509387434
BRONZE,III,EUW1_5509317722
BRONZE,III,EUW1_5509239440
BRONZE,III,EUW1_5509220892
BRONZE,III,EUW1_5506353890
BRONZE,III,EUW1_5428005795
BRONZE,III,EUW1_5427893916
BRONZE,III,EUW1_5330304257
BRONZE,III,EUW1_5252528553
BRONZE,III,EUW1_5252552646
BRONZE,III,EUW1_5252300107
BRONZE,III,EUW1_5247009149
BRONZE,III,EUW1_5247052074
BRONZE,III,EUW1_5246917444
BRONZE,III,EUW1_5246932624
BRONZE,III,EUW1_5246839041
BRONZE,III,EUW1_5243770840
BRONZE,III,EUW1_5243540022
BRONZE,III,EUW1_5234765093
BRONZE,III,EUW1_5220772859
BRONZE,III,EUW1_5220607591
BRONZE,III,EUW1_5220602837
BRONZE,III,EUW1_5220575451
BRONZE,III,EUW1_5220419879
BRONZE,III,EUW1_5208309122
BRONZE,III,EUW1_5506204011
BRONZE,III,EUW1_5506109704
BRONZE,III,EUW1_5506160984
BRONZE,III,EUW1_5504643870
BRONZE,III,EUW1_5504616257
BRONZE,III,EUW1_5504571463
BRONZE,III,EUW1_5504503457
BRONZE,III,EUW1_5503492303
BRONZE,III,EUW1_5503392701
BRONZE,III,EUW1_5503336157
BRONZE,III,EUW1_5500292646
BRONZE,III,EUW1_5500187153
BRONZE,III,EUW1_5500129960
BRONZE,III,EUW1_5500141922
BRONZE,III,EUW1_5500037406
BRONZE,III,EUW1_5500021184
BRONZE,III,EUW1_5499905459
BRONZE,III,EUW1_5498808532
BRONZE,III,EUW1_5498803183
BRONZE,III,EUW1_5497765815
BRONZE,III,EUW1_5497743020
BRONZE,III,EUW1_5497647434
BRONZE,III,EUW1_5497622621
BRONZE,III,EUW1_5473594512
BRONZE,III,EUW1_5473610755
BRONZE,III,EUW1_5469552461
BRONZE,III,EUW1_5469476236
BRONZE,III,EUW1_5437419893
BRONZE,III,EUW1_5431211646
BRONZE,III,EUW1_5431085074
BRONZE,III,EUW1_5430875417
BRONZE,III,EUW1_5429743728
BRONZE,III,EUW1_5429722524
BRONZE,III,EUW1_5428817401
BRONZE,III,EUW1_5428832783
BRONZE,III,EUW1_5262948365
BRONZE,III,EUW1_5262923643
BRONZE,III,EUW1_5262789135
BRONZE,III,EUW1_5259339568
BRONZE,III,EUW1_5259323736
BRONZE,III,EUW1_5253480455
BRONZE,III,EUW1_5124176658
BRONZE,III,EUW1_5124130658
BRONZE,III,EUW1_5124060656
BRONZE,III,EUW1_5123966247
BRONZE,III,EUW1_5123828887
BRONZE,III,EUW1_5118591040
BRONZE,III,EUW1_5118443913
BRONZE,III,EUW1_5114792768
BRONZE,III,EUW1_5114640174
BRONZE,III,EUW1_5527767597
BRONZE,III,EUW1_5527732636
BRONZE,III,EUW1_5524857706
BRONZE,III,EUW1_5524689353
BRONZE,III,EUW1_5513734755
BRONZE,III,EUW1_5512621571
BRONZE,III,EUW1_5512457307
BRONZE,III,EUW1_5512397882
BRONZE,III,EUW1_5511357906
BRONZE,III,EUW1_5511382112
BRONZE,III,EUW1_5510459134
BRONZE,III,EUW1_5510365026
BRONZE,III,EUW1_5509642843
BRONZE,III,EUW1_5509601602
BRONZE,III,EUW1_5509485092
BRONZE,III,EUW1_5509398806
BRONZE,III,EUW1_5509306445
BRONZE,III,EUW1_5509168756
BRONZE,III,EUW1_5509183909
BRONZE,III,EUW1_5507503467
BRONZE,III,EUW1_5507416095
BRONZE,III,EUW1_5504903858
BRONZE,III,EUW1_5500844839
BRONZE,III,EUW1_5500709487
BRONZE,III,EUW1_5494834279
BRONZE,III,EUW1_5532442811
BRONZE,III,EUW1_5532268381
BRONZE,III,EUW1_5530578332
BRONZE,III,EUW1_5526436468
BRONZE,III,EUW1_5524736884
BRONZE,III,EUW1_5524619717
BRONZE,III,EUW1_5521662146
BRONZE,III,EUW1_5518548089
BRONZE,III,EUW1_5518482754
BRONZE,III,EUW1_5517004300
BRONZE,III,EUW1_5448147891
BRONZE,III,EUW1_5441875579
BRONZE,III,EUW1_5441881185
BRONZE,III,EUW1_5437105432
BRONZE,III,EUW1_5361573197
BRONZE,III,EUW1_5361558455
BRONZE,III,EUW1_5356968185
BRONZE,III,EUW1_5356974592
BRONZE,III,EUW1_5228488564
BRONZE,III,EUW1_5228417033
BRONZE,III,EUW1_5228351870
BRONZE,III,EUW1_5210178157
BRONZE,III,EUW1_5110770964
BRONZE,III,EUW1_5054537145
BRONZE,III,EUW1_5028616830
BRONZE,III,EUW1_5246425887
BRONZE,III,EUW1_5244368372
BRONZE,III,EUW1_5244341214
BRONZE,III,EUW1_5236112069
BRONZE,III,EUW1_5228103132
BRONZE,III,EUW1_5226961067
BRONZE,III,EUW1_5226898516
BRONZE,III,EUW1_5226956461
BRONZE,III,EUW1_5226876180
BRONZE,III,EUW1_5213514507
BRONZE,III,EUW1_5213388056
BRONZE,III,EUW1_5209362862
BRONZE,III,EUW1_5208576119
BRONZE,III,EUW1_5208532859
BRONZE,III,EUW1_5208113485
BRONZE,III,EUW1_5208063596
BRONZE,III,EUW1_5206180887
BRONZE,III,EUW1_5206118424
BRONZE,III,EUW1_5206116721
BRONZE,III,EUW1_5204375756
BRONZE,III,EUW1_5204212496
BRONZE,III,EUW1_5202210782
BRONZE,III,EUW1_5201058969
BRONZE,III,EUW1_5200090348
BRONZE,III,EUW1_5200125956
BRONZE,III,EUW1_5430804326
BRONZE,III,EUW1_5415924301
BRONZE,III,EUW1_5415808205
BRONZE,III,EUW1_5378232052
BRONZE,III,EUW1_5314210280
BRONZE,III,EUW1_5283172677
BRONZE,III,EUW1_5232310580
BRONZE,III,EUW1_5209508963
BRONZE,III,EUW1_5207930106
BRONZE,III,EUW1_5207859012
BRONZE,III,EUW1_5199239888
BRONZE,III,EUW1_5199193748
BRONZE,III,EUW1_5199089973
BRONZE,III,EUW1_5199162409
BRONZE,III,EUW1_5198203980
BRONZE,III,EUW1_5181379660
BRONZE,III,EUW1_5169636652
BRONZE,III,EUW1_5169612865
BRONZE,III,EUW1_5169159704
BRONZE,III,EUW1_5169125471
BRONZE,III,EUW1_5169018399
BRONZE,III,EUW1_5168948340
BRONZE,III,EUW1_5158106984
BRONZE,III,EUW1_5158102367
BRONZE,III,EUW1_5157175091
BRONZE,III,EUW1_5533396297
BRONZE,III,EUW1_5533126163
BRONZE,III,EUW1_5532910036
BRONZE,III,EUW1_5532915771
BRONZE,III,EUW1_5532893804
BRONZE,III,EUW1_5532319326
BRONZE,III,EUW1_5531857744
BRONZE,III,EUW1_5531832511
BRONZE,III,EUW1_5531670454
BRONZE,III,EUW1_5531604200
BRONZE,III,EUW1_5530170706
BRONZE,III,EUW1_5530084998
BRONZE,III,EUW1_5529950327
BRONZE,III,EUW1_5529908470
BRONZE,III,EUW1_5529882865
BRONZE,III,EUW1_5297116743
BRONZE,III,EUW1_5297026174
BRONZE,III,EUW1_5296927827
BRONZE,III,EUW1_5295319816
BRONZE,III,EUW1_5295271102
BRONZE,III,EUW1_5295172593
BRONZE,III,EUW1_5294933498
BRONZE,III,EUW1_5294776384
BRONZE,III,EUW1_5294342795
BRONZE,III,EUW1_5294351517
BRONZE,III,EUW1_5502910461
BRONZE,III,EUW1_5466792787
BRONZE,III,EUW1_5437243317
BRONZE,III,EUW1_5399813714
BRONZE,III,EUW1_5361557906
BRONZE,III,EUW1_5358628852
BRONZE,III,EUW1_5310575956
BRONZE,III,EUW1_5300200102
BRONZE,III,EUW1_5291920320
BRONZE,III,EUW1_5289539502
BRONZE,III,EUW1_5289551637
BRONZE,III,EUW1_5288015359
BRONZE,III,EUW1_5287837919
BRONZE,III,EUW1_5287689011
BRONZE,III,EUW1_5286364306
BRONZE,III,EUW1_5286213970
BRONZE,III,EUW1_5286048339
BRONZE,III,EUW1_5285920344
BRONZE,III,EUW1_5285630953
BRONZE,III,EUW1_5285467222
BRONZE,III,EUW1_5285246201
BRONZE,III,EUW1_5285183430
BRONZE,III,EUW1_5284577593
BRONZE,III,EUW1_5284633333
BRONZE,III,EUW1_5284495765
BRONZE,III,EUW1_5477707776
BRONZE,III,EUW1_5440718634
BRONZE,III,EUW1_5440664024
BRONZE,III,EUW1_5434116118
BRONZE,III,EUW1_5433891313
BRONZE,III,EUW1_5432943058
BRONZE,III,EUW1_5426474383
BRONZE,III,EUW1_5425986008
BRONZE,III,EUW1_5424313328
BRONZE,III,EUW1_5424234827
BRONZE,III,EUW1_5424261943
BRONZE,III,EUW1_5420675067
BRONZE,III,EUW1_5395040128
BRONZE,III,EUW1_5395092626
BRONZE,III,EUW1_5393893571
BRONZE,III,EUW1_5391510196
BRONZE,III,EUW1_5391545349
BRONZE,III,EUW1_5391504435
BRONZE,III,EUW1_5390932280
BRONZE,III,EUW1_5389360439
BRONZE,III,EUW1_5389305524
BRONZE,III,EUW1_5383103730
BRONZE,III,EUW1_5383044571
BRONZE,III,EUW1_5382877802
BRONZE,III,EUW1_5380973159
BRONZE,III,EUW1_5450630993
BRONZE,III,EUW1_5354016353
BRONZE,III,EUW1_5341317165
BRONZE,III,EUW1_5333406629
BRONZE,III,EUW1_5327088024
BRONZE,III,EUW1_5327075552
BRONZE,III,EUW1_5325571207
BRONZE,III,EUW1_5325456397
BRONZE,III,EUW1_5322696775
BRONZE,III,EUW1_5321240678
BRONZE,III,EUW1_5320906065
BRONZE,III,EUW1_5320921922
BRONZE,III,EUW1_5319333628
BRONZE,III,EUW1_5318395418
BRONZE,III,EUW1_5318320230
BRONZE,III,EUW1_5318133719
BRONZE,III,EUW1_5316320808
BRONZE,III,EUW1_5315961381
BRONZE,III,EUW1_5315840032
BRONZE,III,EUW1_5315876336
BRONZE,III,EUW1_5315149006
BRONZE,III,EUW1_5315214281
BRONZE,III,EUW1_5309128980
BRONZE,III,EUW1_5308864990
BRONZE,III,EUW1_5305711823
BRONZE,III,EUW1_5511986846
BRONZE,III,EUW1_5449693495
BRONZE,III,EUW1_5355368086
BRONZE,III,EUW1_5355358884
BRONZE,III,EUW1_5355342390
BRONZE,III,EUW1_5347730595
BRONZE,III,EUW1_5347608027
BRONZE,III,EUW1_5346764276
BRONZE,III,EUW1_5346649896
BRONZE,III,EUW1_5346642737
BRONZE,III,EUW1_5345151175
BRONZE,III,EUW1_5344778324
BRONZE,III,EUW1_5344660314
BRONZE,III,EUW1_5344652440
BRONZE,III,EUW1_5344469751
BRONZE,III,EUW1_5344114145
BRONZE,III,EUW1_5344061520
BRONZE,III,EUW1_5343711048
BRONZE,III,EUW1_5343572353
BRONZE,III,EUW1_5343531895
BRONZE,III,EUW1_5343448161
BRONZE,III,EUW1_5343430766
BRONZE,III,EUW1_5343334937
BRONZE,III,EUW1_5343280527
BRONZE,III,EUW1_5343185501
BRONZE,III,EUW1_5529533630
BRONZE,III,EUW1_5529458991
BRONZE,III,EUW1_5529349498
BRONZE,III,EUW1_5529221682
BRONZE,III,EUW1_5529164474
BRONZE,III,EUW1_5529021169
BRONZE,III,EUW1_5528953542
BRONZE,III,EUW1_5527683591
BRONZE,III,EUW1_5527593731
BRONZE,III,EUW1_5527509852
BRONZE,III,EUW1_5527525034
BRONZE,III,EUW1_5527230092
BRONZE,III,EUW1_5526258805
BRONZE,III,EUW1_5526292505
BRONZE,III,EUW1_5526157902
BRONZE,III,EUW1_5526183362
BRONZE,III,EUW1_5526105304
BRONZE,III,EUW1_5525889602
BRONZE,III,EUW1_5523342767
BRONZE,III,EUW1_5523117090
BRONZE,III,EUW1_5522914701
BRONZE,III,EUW1_5517073443
BRONZE,III,EUW1_5516987823
BRONZE,III,EUW1_5516943227
BRONZE,III,EUW1_5516817946
BRONZE,III,EUW1_5534261813
BRONZE,III,EUW1_5533229905
BRONZE,III,EUW1_5533204663
BRONZE,III,EUW1_5533077931
BRONZE,III,EUW1_5533026265
BRONZE,III,EUW1_5533022004
BRONZE,III,EUW1_5530806914
BRONZE,III,EUW1_5530609487
BRONZE,III,EUW1_5530612935
BRONZE,III,EUW1_5528923091
BRONZE,III,EUW1_5526173719
BRONZE,III,EUW1_5524528328
BRONZE,III,EUW1_5521852377
BRONZE,III,EUW1_5521655544
BRONZE,III,EUW1_5521277111
BRONZE,III,EUW1_5521008959
BRONZE,III,EUW1_5519597620
BRONZE,III,EUW1_5519550260
BRONZE,III,EUW1_5519535102
BRONZE,III,EUW1_5519398634
BRONZE,III,EUW1_5519298376
BRONZE,III,EUW1_5519303457
BRONZE,III,EUW1_5519259155
BRONZE,III,EUW1_5519197994
BRONZE,III,EUW1_5518364150
BRONZE,III,EUW1_5524812399
BRONZE,III,EUW1_5524704186
BRONZE,III,EUW1_5520588281
BRONZE,III,EUW1_5520574762
BRONZE,III,EUW1_5520495908
BRONZE,III,EUW1_5425807919
BRONZE,III,EUW1_5414062287
BRONZE,III,EUW1_5410747692
BRONZE,III,EUW1_5410771916
BRONZE,III,EUW1_5405933026
BRONZE,III,EUW1_5368041171
BRONZE,III,EUW1_5349416645
BRONZE,III,EUW1_5349405221
BRONZE,III,EUW1_5349381647
BRONZE,III,EUW1_5344002169
BRONZE,III,EUW1_5343865377
BRONZE,III,EUW1_5342526910
BRONZE,III,EUW1_5331032741
BRONZE,III,EUW1_5325646496
BRONZE,III,EUW1_5325591408
BRONZE,III,EUW1_5320504545
BRONZE,III,EUW1_5320483222
BRONZE,III,EUW1_5320427773
BRONZE,III,EUW1_5316977007
BRONZE,III,EUW1_5314102515
BRONZE,III,EUW1_5031164318
BRONZE,III,EUW1_5026562154
BRONZE,III,EUW1_5026506185
BRONZE,III,EUW1_5026452395
BRONZE,III,EUW1_5024355917
BRONZE,III,EUW1_5023877974
BRONZE,III,EUW1_5022171427
BRONZE,III,EUW1_5022013890
BRONZE,III,EUW1_5021330455
BRONZE,III,EUW1_5021277876
BRONZE,III,EUW1_5021210798
BRONZE,III,EUW1_5021069029
BRONZE,III,EUW1_5020750134
BRONZE,III,EUW1_5020842628
BRONZE,III,EUW1_5020466160
BRONZE,III,EUW1_5020407900
BRONZE,III,EUW1_5020342749
BRONZE,III,EUW1_4985392662
BRONZE,III,EUW1_4984900607
BRONZE,III,EUW1_4984823113
BRONZE,III,EUW1_4979503842
BRONZE,III,EUW1_4977879479
BRONZE,III,EUW1_4977834295
BRONZE,III,EUW1_4977515112
BRONZE,III,EUW1_4975785823
BRONZE,III,EUW1_5471541620
BRONZE,III,EUW1_5467017651
BRONZE,III,EUW1_5466725492
BRONZE,III,EUW1_5465433973
BRONZE,III,EUW1_5464077373
BRONZE,III,EUW1_5462770367
BRONZE,III,EUW1_5456730623
BRONZE,III,EUW1_5456522177
BRONZE,III,EUW1_5455790172
BRONZE,III,EUW1_5452631074
BRONZE,III,EUW1_5452421079
BRONZE,III,EUW1_5451351013
BRONZE,III,EUW1_5451182099
BRONZE,III,EUW1_5451152575
BRONZE,III,EUW1_5450429078
BRONZE,III,EUW1_5450116876
BRONZE,III,EUW1_5449798545
BRONZE,III,EUW1_5449756198
BRONZE,III,EUW1_5449794232
BRONZE,III,EUW1_5449773996
BRONZE,III,EUW1_5449389801
BRONZE,III,EUW1_5449305470
BRONZE,III,EUW1_5449212830
BRONZE,III,EUW1_5448583557
BRONZE,III,EUW1_5402625421
BRONZE,III,EUW1_5157091293
BRONZE,III,EUW1_5155246789
BRONZE,III,EUW1_5155223236
BRONZE,III,EUW1_5153558563
BRONZE,III,EUW1_5153556639
BRONZE,III,EUW1_5153602523
BRONZE,III,EUW1_5151512394
BRONZE,III,EUW1_5151500697
BRONZE,III,EUW1_5151402086
BRONZE,III,EUW1_5151318200
BRONZE,III,EUW1_5151313707
BRONZE,III,EUW1_5146820300
BRONZE,III,EUW1_5146760233
BRONZE,III,EUW1_5146744399
BRONZE,III,EUW1_5146698758
BRONZE,III,EUW1_5146653971
BRONZE,III,EUW1_5144947534
BRONZE,III,EUW1_5144897376
BRONZE,III,EUW1_5144876550
BRONZE,III,EUW1_5144933239
BRONZE,III,EUW1_5144809259
BRONZE,III,EUW1_5144668382
BRONZE,III,EUW1_5144610400
BRONZE,III,EUW1_5143107215
BRONZE,III,EUW1_5143115780
BRONZE,III,EUW1_5533099829
BRONZE,III,EUW1_5532346829
BRONZE,III,EUW1_5532066094
BRONZE,III,EUW1_5532025327
BRONZE,III,EUW1_5531991018
BRONZE,III,EUW1_5530555567
BRONZE,III,EUW1_5530502069
BRONZE,III,EUW1_5529589921
BRONZE,III,EUW1_5529594949
BRONZE,III,EUW1_5529533803
BRONZE,III,EUW1_5529418687
BRONZE,III,EUW1_5529441105
BRONZE,III,EUW1_5518994261
BRONZE,III,EUW1_5518973314
BRONZE,III,EUW1_5518991105
BRONZE,III,EUW1_5518121018
BRONZE,III,EUW1_5518021428
BRONZE,III,EUW1_5510195410
BRONZE,III,EUW1_5510210721
BRONZE,III,EUW1_5510054615
BRONZE,III,EUW1_5509991105
BRONZE,III,EUW1_5509663465
BRONZE,III,EUW1_5509649276
BRONZE,III,EUW1_5509656005
BRONZE,III,EUW1_5509564022
BRONZE,III,EUW1_5524923744
BRONZE,III,EUW1_5524878191
BRONZE,III,EUW1_5524792060
BRONZE,III,EUW1_5523771246
BRONZE,III,EUW1_5523456726
BRONZE,III,EUW1_5523357530
BRONZE,III,EUW1_5522629276
BRONZE,III,EUW1_5522634677
BRONZE,III,EUW1_5522570051
BRONZE,III,EUW1_5522604740
BRONZE,III,EUW1_5517156084
BRONZE,III,EUW1_5517141891
BRONZE,III,EUW1_5516720011
BRONZE,III,EUW1_5514311378
BRONZE,III,EUW1_5514066664
BRONZE,III,EUW1_5514150521
BRONZE,III,EUW1_5513956034
BRONZE,III,EUW1_5513910945
BRONZE,III,EUW1_5513625427
BRONZE,III,EUW1_5513581162
BRONZE,III,EUW1_5513307632
BRONZE,III,EUW1_5513235380
BRONZE,III,EUW1_5513095314
BRONZE,III,EUW1_5512810685
BRONZE,III,EUW1_5512721626
BRONZE,III,EUW1_5443457405
BRONZE,III,EUW1_5443472297
BRONZE,III,EUW1_5443378717
BRONZE,III,EUW1_5443314332
BRONZE,III,EUW1_5443219051
BRONZE,III,EUW1_5441267341
BRONZE,III,EUW1_5441222422
BRONZE,III,EUW1_5440708808
BRONZE,III,EUW1_5440713654
BRONZE,III,EUW1_5440408900
BRONZE,III,EUW1_5440442524
BRONZE,III,EUW1_5440177484
BRONZE,III,EUW1_5440152578
BRONZE,III,EUW1_5532400669
BRONZE,III,EUW1_5530344467
BRONZE,III,EUW1_5528856247
BRONZE,III,EUW1_5528851909
BRONZE,III,EUW1_5528728572
BRONZE,III,EUW1_5527899246
BRONZE,III,EUW1_5527887486
BRONZE,III,EUW1_5527277644
BRONZE,III,EUW1_5476592512
BRONZE,III,EUW1_5476449717
BRONZE,III,EUW1_5476455913
BRONZE,III,EUW1_5473538428
BRONZE,III,EUW1_5461122122
BRONZE,III,EUW1_5442109679
BRONZE,III,EUW1_5442036953
BRONZE,III,EUW1_5442018906
BRONZE,III,EUW1_5442012211
BRONZE,III,EUW1_5440845031
BRONZE,III,EUW1_5440852073
BRONZE,III,EUW1_5440724560
BRONZE,III,EUW1_5437886643
BRONZE,III,EUW1_5437885697
BRONZE,III,EUW1_5437845521
BRONZE,III,EUW1_5383349816
BRONZE,III,EUW1_5275351722
BRONZE,III,EUW1_5534429421
BRONZE,III,EUW1_5534466755
BRONZE,III,EUW1_5534514531
BRONZE,III,EUW1_5534501796
BRONZE,III,EUW1_5534395712
BRONZE,III,EUW1_5534219334
BRONZE,III,EUW1_5534150224
BRONZE,III,EUW1_5519375282
BRONZE,III,EUW1_5519287803
BRONZE,III,EUW1_5519264413
BRONZE,III,EUW1_5513109663
BRONZE,III,EUW1_5513068441
BRONZE,III,EUW1_5513025228
BRONZE,III,EUW1_5507523903
BRONZE,III,EUW1_5507427630
BRONZE,III,EUW1_5507201188
BRONZE,III,EUW1_5507144736
BRONZE,III,EUW1_5507029334
BRONZE,III,EUW1_5506277374
BRONZE,III,EUW1_5506242867
BRONZE,III,EUW1_5505727943
BRONZE,III,EUW1_5505693272
BRONZE,III,EUW1_5505519470
BRONZE,III,EUW1_5488675861
BRONZE,III,EUW1_5488666525
BRONZE,III,EUW1_5456271669
BRONZE,III,EUW1_5456175937
BRONZE,III,EUW1_5455086056
BRONZE,III,EUW1_5455121175
BRONZE,III,EUW1_5448818659
BRONZE,III,EUW1_5448882769
BRONZE,III,EUW1_5448166020
BRONZE,III,EUW1_5447625875
BRONZE,III,EUW1_5447218432
BRONZE,III,EUW1_5447155266
BRONZE,III,EUW1_5445853620
BRONZE,III,EUW1_5445797999
BRONZE,III,EUW1_5444696885
BRONZE,III,EUW1_5444589914
BRONZE,III,EUW1_5433033159
BRONZE,III,EUW1_5432898169
BRONZE,III,EUW1_5430953969
BRONZE,III,EUW1_5430839463
BRONZE,III,EUW1_5430865689
BRONZE,III,EUW1_5430486917
BRONZE,III,EUW1_5430562924
BRONZE,III,EUW1_5430459850
BRONZE,III,EUW1_5429354175
BRONZE,III,EUW1_5429205372
BRONZE,III,EUW1_5325829541
BRONZE,III,EUW1_5266248754
BRONZE,III,EUW1_5266211826
BRONZE,III,EUW1_5266166911
BRONZE,III,EUW1_5264790925
BRONZE,III,EUW1_5264597939
BRONZE,III,EUW1_5264590969
BRONZE,III,EUW1_5264413245
BRONZE,III,EUW1_5264067198
BRONZE,III,EUW1_5264031065
BRONZE,III,EUW1_5264015171
BRONZE,III,EUW1_5263919662
BRONZE,III,EUW1_5263782008
BRONZE,III,EUW1_5263113230
BRONZE,III,EUW1_5262959153
BRONZE,III,EUW1_5262811203
BRONZE,III,EUW1_5262638336
BRONZE,III,EUW1_5262430347
BRONZE,III,EUW1_5262204679
BRONZE,III,EUW1_5262116945
BRONZE,III,EUW1_5253722166
BRONZE,III,EUW1_5253650625
BRONZE,III,EUW1_5238325928
BRONZE,III,EUW1_5238273513
BRONZE,III,EUW1_5238139609
BRONZE,III,EUW1_5237000127
BRONZE,III,EUW1_5441409204
BRONZE,III,EUW1_5413447505
BRONZE,III,EUW1_5412544405
BRONZE,III,EUW1_5412631505
BRONZE,III,EUW1_5412101168
BRONZE,III,EUW1_5411995841
BRONZE,III,EUW1_5410839111
BRONZE,III,EUW1_5410533119
BRONZE,III,EUW1_5409521331
BRONZE,III,EUW1_5408899829
BRONZE,III,EUW1_5408886871
BRONZE,III,EUW1_5407720134
BRONZE,III,EUW1_5407508638
BRONZE,III,EUW1_5406460133
BRONZE,III,EUW1_5406014903
BRONZE,III,EUW1_5405963471
BRONZE,III,EUW1_5405132115
BRONZE,III,EUW1_5404763047
BRONZE,III,EUW1_5404682755
BRONZE,III,EUW1_5404633780
BRONZE,III,EUW1_5403811835
BRONZE,III,EUW1_5403457254
BRONZE,III,EUW1_5403260424
BRONZE,III,EUW1_5402960368
BRONZE,III,EUW1_5402153738
BRONZE,III,EUW1_5102503776
BRONZE,III,EUW1_5085175207
BRONZE,III,EUW1_5083203578
BRONZE,III,EUW1_5081853187
BRONZE,III,EUW1_5081721634
BRONZE,III,EUW1_5081607993
BRONZE,III,EUW1_5081592478
BRONZE,III,EUW1_5080983939
BRONZE,III,EUW1_5080839081
BRONZE,III,EUW1_5080637704
BRONZE,III,EUW1_5080556762
BRONZE,III,EUW1_5079461955
BRONZE,III,EUW1_5079360581
BRONZE,III,EUW1_5079351018
BRONZE,III,EUW1_5078948108
BRONZE,III,EUW1_5078799551
BRONZE,III,EUW1_5078259297
BRONZE,III,EUW1_5078201155
BRONZE,III,EUW1_5078093674
BRONZE,III,EUW1_5077763862
BRONZE,III,EUW1_5077730932
BRONZE,III,EUW1_5074556234
BRONZE,III,EUW1_5074178972
BRONZE,III,EUW1_5072600425
BRONZE,III,EUW1_5072583794
BRONZE,III,EUW1_5533362802
BRONZE,III,EUW1_5531829386
BRONZE,III,EUW1_5531852964
BRONZE,III,EUW1_5531709256
BRONZE,III,EUW1_5531693845
BRONZE,III,EUW1_5529812076
BRONZE,III,EUW1_5528870374
BRONZE,III,EUW1_5528875918
BRONZE,III,EUW1_5528117196
BRONZE,III,EUW1_5523916730
BRONZE,III,EUW1_5522472502
BRONZE,III,EUW1_5522228882
BRONZE,III,EUW1_5521734083
BRONZE,III,EUW1_5521006689
BRONZE,III,EUW1_5518298520
BRONZE,III,EUW1_5518293421
BRONZE,III,EUW1_5505395999
BRONZE,III,EUW1_5503956467
BRONZE,III,EUW1_5503943289
BRONZE,III,EUW1_5499718878
BRONZE,III,EUW1_5489405158
BRONZE,III,EUW1_5489239050
BRONZE,III,EUW1_5485882527
BRONZE,III,EUW1_5485017657
BRONZE,III,EUW1_5461005825
BRONZE,III,EUW1_5360832366
BRONZE,III,EUW1_5324044235
BRONZE,III,EUW1_5317824325
BRONZE,III,EUW1_5316185686
BRONZE,III,EUW1_5315415558
BRONZE,III,EUW1_5312090123
BRONZE,III,EUW1_5312044866
BRONZE,III,EUW1_5310374093
BRONZE,III,EUW1_5309854776
BRONZE,III,EUW1_5309048336
BRONZE,III,EUW1_5303992549
BRONZE,III,EUW1_5302074901
BRONZE,III,EUW1_5298368588
BRONZE,III,EUW1_5297128812
BRONZE,III,EUW1_5297136579
BRONZE,III,EUW1_5291837636
BRONZE,III,EUW1_5287922609
BRONZE,III,EUW1_5286570654
BRONZE,III,EUW1_5277571682
BRONZE,III,EUW1_5275369471
BRONZE,III,EUW1_5271131849
BRONZE,III,EUW1_5269308268
BRONZE,III,EUW1_5267946426
BRONZE,III,EUW1_5267931249
BRONZE,III,EUW1_5266289822
BRONZE,III,EUW1_5528557669
BRONZE,III,EUW1_5512070966
BRONZE,III,EUW1_5510418825
BRONZE,III,EUW1_5505356811
BRONZE,III,EUW1_5504021921
BRONZE,III,EUW1_5503920095
BRONZE,III,EUW1_5503918364
BRONZE,III,EUW1_5502637131
BRONZE,III,EUW1_5500007086
BRONZE,III,EUW1_5499938642
BRONZE,III,EUW1_5499907466
BRONZE,III,EUW1_5497101680
BRONZE,III,EUW1_5496926570
BRONZE,III,EUW1_5495364117
BRONZE,III,EUW1_5492548237
BRONZE,III,EUW1_5492501749
BRONZE,III,EUW1_5489587922
BRONZE,III,EUW1_5489502514
BRONZE,III,EUW1_5489416157
BRONZE,III,EUW1_5489372010
BRONZE,III,EUW1_5479161922
BRONZE,III,EUW1_5466555406
BRONZE,III,EUW1_5463772528
BRONZE,III,EUW1_5458203217
BRONZE,III,EUW1_5458073090
BRONZE,III,EUW1_5144669864
BRONZE,III,EUW1_5144554896
BRONZE,III,EUW1_5144447853
BRONZE,III,EUW1_5144175922
BRONZE,III,EUW1_5143817554
BRONZE,III,EUW1_5143280215
BRONZE,III,EUW1_5143277797
BRONZE,III,EUW1_5143062256
BRONZE,III,EUW1_5142937715
BRONZE,III,EUW1_5142847396
BRONZE,III,EUW1_5141278743
BRONZE,III,EUW1_5141255415
BRONZE,III,EUW1_5141149321
BRONZE,III,EUW1_5017557554
BRONZE,III,EUW1_5017347996
BRONZE,III,EUW1_5017282571
BRONZE,III,EUW1_5015762742
BRONZE,III,EUW1_5012112078
BRONZE,III,EUW1_5012006499
BRONZE,III,EUW1_4988897935
BRONZE,III,EUW1_5418066355
BRONZE,III,EUW1_5416535129
BRONZE,III,EUW1_5416478563
BRONZE,III,EUW1_5407053869
BRONZE,III,EUW1_5406979373
BRONZE,III,EUW1_5401837714
BRONZE,III,EUW1_5401863450
BRONZE,III,EUW1_5401567267
BRONZE,III,EUW1_5401534897
BRONZE,III,EUW1_5401511469
BRONZE,III,EUW1_5400450634
BRONZE,III,EUW1_5352595317
BRONZE,III,EUW1_5349859074
BRONZE,III,EUW1_5349456781
BRONZE,III,EUW1_5349371590
BRONZE,III,EUW1_5349286103
BRONZE,III,EUW1_5348809317
BRONZE,III,EUW1_5532826448
BRONZE,III,EUW1_5532342808
BRONZE,III,EUW1_5530579390
BRONZE,III,EUW1_5530478462
BRONZE,III,EUW1_5530454402
BRONZE,III,EUW1_5530357907
BRONZE,III,EUW1_5529707716
BRONZE,III,EUW1_5528311551
BRONZE,III,EUW1_5527645868
BRONZE,III,EUW1_5527582991
BRONZE,III,EUW1_5526877654
BRONZE,III,EUW1_5525336271
BRONZE,III,EUW1_5525179420
BRONZE,III,EUW1_5524729907
BRONZE,III,EUW1_5524160998
BRONZE,III,EUW1_5523432712
BRONZE,III,EUW1_5523341717
BRONZE,III,EUW1_5523107260
BRONZE,III,EUW1_5523161050
BRONZE,III,EUW1_5522618548
BRONZE,III,EUW1_5522445160
BRONZE,III,EUW1_5522347973
BRONZE,III,EUW1_5522308222
BRONZE,III,EUW1_5522286981
BRONZE,III,EUW1_5521890353
BRONZE,III,EUW1_5534033774
BRONZE,III,EUW1_5533883319
BRONZE,III,EUW1_5524641069
BRONZE,III,EUW1_5521661486
BRONZE,III,EUW1_5521575131
BRONZE,III,EUW1_5515305942
BRONZE,III,EUW1_5513479180
BRONZE,III,EUW1_5511029130
BRONZE,III,EUW1_5511001499
BRONZE,III,EUW1_5510654984
BRONZE,III,EUW1_5510400078
BRONZE,III,EUW1_5506999531
BRONZE,III,EUW1_5506086128
BRONZE,III,EUW1_5504305054
BRONZE,III,EUW1_5500188844
BRONZE,III,EUW1_5498507847
BRONZE,III,EUW1_5495783360
BRONZE,III,EUW1_5495724980
BRONZE,III,EUW1_5495568447
BRONZE,III,EUW1_5494705257
BRONZE,III,EUW1_5494657658
BRONZE,III,EUW1_5494562536
BRONZE,III,EUW1_5494229054
BRONZE,III,EUW1_5494162858
BRONZE,III,EUW1_5494158460
BRONZE,III,EUW1_5513269607
BRONZE,III,EUW1_5459475957
BRONZE,III,EUW1_5459470555
BRONZE,III,EUW1_5379589403
BRONZE,III,EUW1_5289882457
BRONZE,III,EUW1_5289766520
BRONZE,III,EUW1_5272067388
BRONZE,III,EUW1_5264796663
BRONZE,III,EUW1_5255820512
BRONZE,III,EUW1_5253752322
BRONZE,III,EUW1_5252211871
BRONZE,III,EUW1_5249898481
BRONZE,III,EUW1_5241785966
BRONZE,III,EUW1_5235792768
BRONZE,III,EUW1_5235687955
BRONZE,III,EUW1_5234253125
BRONZE,III,EUW1_5234068933
BRONZE,III,EUW1_5234091867
BRONZE,III,EUW1_5232584663
BRONZE,III,EUW1_5228532912
BRONZE,III,EUW1_5226767209
BRONZE,III,EUW1_5225030034
BRONZE,III,EUW1_5224986550
BRONZE,III,EUW1_5221476834
BRONZE,III,EUW1_5221395470
BRONZE,III,EUW1_5473615947
BRONZE,III,EUW1_5406406233
BRONZE,III,EUW1_5405892205
BRONZE,III,EUW1_5405829659
BRONZE,III,EUW1_5405848388
BRONZE,III,EUW1_5404537691
BRONZE,III,EUW1_5404535846
BRONZE,III,EUW1_5404485034
BRONZE,III,EUW1_5402981817
BRONZE,III,EUW1_5402599622
BRONZE,III,EUW1_5402607525
BRONZE,III,EUW1_5402296704
BRONZE,III,EUW1_5401807237
BRONZE,III,EUW1_5401821535
BRONZE,III,EUW1_5399013867
BRONZE,III,EUW1_5397281970
BRONZE,III,EUW1_5396577449
BRONZE,III,EUW1_5367497862
BRONZE,III,EUW1_5367503078
BRONZE,III,EUW1_5367381417
BRONZE,III,EUW1_5366021042
BRONZE,III,EUW1_5365675102
BRONZE,III,EUW1_5364284496
BRONZE,III,EUW1_5364227993
BRONZE,III,EUW1_5363717151
BRONZE,III,EUW1_5522404929
BRONZE,III,EUW1_5522391688
BRONZE,III,EUW1_5522152597
BRONZE,III,EUW1_5522121034
BRONZE,III,EUW1_5522086495
BRONZE,III,EUW1_5522054278
BRONZE,III,EUW1_5521237534
BRONZE,III,EUW1_5520461285
BRONZE,III,EUW1_5520314768
BRONZE,III,EUW1_5519977792
BRONZE,III,EUW1_5519960650
BRONZE,III,EUW1_5518807694
BRONZE,III,EUW1_5517995459
BRONZE,III,EUW1_5517935267
BRONZE,III,EUW1_5517901878
BRONZE,III,EUW1_5517171727
BRONZE,III,EUW1_5513698154
BRONZE,III,EUW1_5513619565
BRONZE,III,EUW1_5513546293
BRONZE,III,EUW1_5511701638
BRONZE,III,EUW1_5511661911
BRONZE,III,EUW1_5510929415
BRONZE,III,EUW1_5508515364
BRONZE,III,EUW1_5508561128
BRONZE,III,EUW1_5508288150
BRONZE,III,EUW1_5073978858
BRONZE,III,EUW1_5073859178
BRONZE,III,EUW1_5072559545
BRONZE,III,EUW1_5072073206
BRONZE,III,EUW1_5071976726
BRONZE,III,EUW1_5071858927
BRONZE,III,EUW1_5070612490
BRONZE,III,EUW1_5068765015
BRONZE,III,EUW1_5068347691
BRONZE,III,EUW1_5068306446
BRONZE,III,EUW1_5068290909
BRONZE,III,EUW1_5067068235
BRONZE,III,EUW1_5057190562
BRONZE,III,EUW1_5056843408
BRONZE,III,EUW1_5052010853
BRONZE,III,EUW1_5046280936
BRONZE,III,EUW1_5045887937
BRONZE,III,EUW1_5038105026
BRONZE,III,EUW1_5037908280
BRONZE,III,EUW1_5037804302
BRONZE,III,EUW1_5035805451
BRONZE,III,EUW1_5035665025
BRONZE,III,EUW1_5032715702
BRONZE,III,EUW1_5032693222
BRONZE,III,EUW1_5032596255
BRONZE,III,EUW1_5495209646
BRONZE,III,EUW1_5493973633
BRONZE,III,EUW1_5490801295
BRONZE,III,EUW1_5490121639
BRONZE,III,EUW1_5490034135
BRONZE,III,EUW1_5487439517
BRONZE,III,EUW1_5487427016
BRONZE,III,EUW1_5487384625
BRONZE,III,EUW1_5484755102
BRONZE,III,EUW1_5483276340
BRONZE,III,EUW1_5483231785
BRONZE,III,EUW1_5483116471
BRONZE,III,EUW1_5483001086
BRONZE,III,EUW1_5481891209
BRONZE,III,EUW1_5481766781
BRONZE,III,EUW1_5481358889
BRONZE,III,EUW1_5481281381
BRONZE,III,EUW1_5451924390
BRONZE,III,EUW1_5433640327
BRONZE,III,EUW1_5433615318
BRONZE,III,EUW1_5487644830
BRONZE,III,EUW1_5481941477
BRONZE,III,EUW1_5454870223
BRONZE,III,EUW1_5454328171
BRONZE,III,EUW1_5453530397
BRONZE,III,EUW1_5452638506
BRONZE,III,EUW1_5451952646
BRONZE,III,EUW1_5451901179
BRONZE,III,EUW1_5451588197
BRONZE,III,EUW1_5451583995
BRONZE,III,EUW1_5451004012
BRONZE,III,EUW1_5449940139
BRONZE,III,EUW1_5448886535
BRONZE,III,EUW1_5444078161
BRONZE,III,EUW1_5443723683
BRONZE,III,EUW1_5443161004
BRONZE,III,EUW1_5442353901
BRONZE,III,EUW1_5331619936
BRONZE,III,EUW1_5195645782
BRONZE,III,EUW1_5189816906
BRONZE,III,EUW1_5185671128
BRONZE,III,EUW1_5164979682
BRONZE,III,EUW1_5164918527
BRONZE,III,EUW1_5164817845
BRONZE,III,EUW1_5121104570
