DIAMOND,IV,EUW1_5531605487
DIAMOND,IV,EUW1_5531419467
DIAMOND,IV,EUW1_5526945960
DIAMOND,IV,EUW1_5526787348
DIAMOND,IV,EUW1_5525581050
DIAMOND,IV,EUW1_5525424406
DIAMOND,IV,EUW1_5525205647
DIAMOND,IV,EUW1_5525242407
DIAMOND,IV,EUW1_5525201201
DIAMOND,IV,EUW1_5525176828
DIAMOND,IV,EUW1_5525152818
DIAMOND,IV,EUW1_5525142022
DIAMOND,IV,EUW1_5524232782
DIAMOND,IV,EUW1_5524166392
DIAMOND,IV,EUW1_5524009142
DIAMOND,IV,EUW1_5524035473
DIAMOND,IV,EUW1_5524052119
DIAMOND,IV,EUW1_5523949704
DIAMOND,IV,EUW1_5520914301
DIAMOND,IV,EUW1_5520892207
DIAMOND,IV,EUW1_5517841796
DIAMOND,IV,EUW1_5517820569
DIAMOND,IV,EUW1_5517747698
DIAMOND,IV,EUW1_5517667109
DIAMOND,IV,EUW1_5516098955
DIAMOND,IV,EUW1_5506595512
DIAMOND,IV,EUW1_5506535046
DIAMOND,IV,EUW1_5503950603
DIAMOND,IV,EUW1_5498502518
DIAMOND,IV,EUW1_5498329952
DIAMOND,IV,EUW1_5498240684
DIAMOND,IV,EUW1_5497194853
DIAMOND,IV,EUW1_5497118277
DIAMOND,IV,EUW1_5497103151
DIAMOND,IV,EUW1_5495700848
DIAMOND,IV,EUW1_5495392976
DIAMOND,IV,EUW1_5495206704
DIAMOND,IV,EUW1_5495174008
DIAMOND,IV,EUW1_5494417801
DIAMOND,IV,EUW1_5494440556
DIAMOND,IV,EUW1_5494189037
DIAMOND,IV,EUW1_5494056133
DIAMOND,IV,EUW1_5493378365
DIAMOND,IV,EUW1_5493352311
DIAMOND,IV,EUW1_5493238228
DIAMOND,IV,EUW1_5491508256
DIAMOND,IV,EUW1_5491483116
DIAMOND,IV,EUW1_5491396583
DIAMOND,IV,EUW1_5491380976
DIAMOND,IV,EUW1_5491331734
DIAMOND,IV,EUW1_5528495853
DIAMOND,IV,EUW1_5510597540
DIAMOND,IV,EUW1_5506960695
DIAMOND,IV,EUW1_5480893250
DIAMOND,IV,EUW1_5480849230
DIAMOND,IV,EUW1_5467322115
DIAMOND,IV,EUW1_5467350457
DIAMOND,IV,EUW1_5466481948
DIAMOND,IV,EUW1_5466299169
DIAMOND,IV,EUW1_5466234330
DIAMOND,IV,EUW1_5465947289
DIAMOND,IV,EUW1_5464996626
DIAMOND,IV,EUW1_5463863765
DIAMOND,IV,EUW1_5463797579
DIAMOND,IV,EUW1_5463772560
DIAMOND,IV,EUW1_5463718394
DIAMOND,IV,EUW1_5462352795
DIAMOND,IV,EUW1_5462229286
DIAMOND,IV,EUW1_5462170629
DIAMOND,IV,EUW1_5462103860
DIAMOND,IV,EUW1_5461979300
DIAMOND,IV,EUW1_5461292392
DIAMOND,IV,EUW1_5461234045
DIAMOND,IV,EUW1_5461117128
DIAMOND,IV,EUW1_5461023011
DIAMOND,IV,EUW1_5497631855
DIAMOND,IV,EUW1_5497606776
DIAMOND,IV,EUW1_5497541958
DIAMOND,IV,EUW1_5497431869
DIAMOND,IV,EUW1_5471342674
DIAMOND,IV,EUW1_5471126698
DIAMOND,IV,EUW1_5471082810
DIAMOND,IV,EUW1_5470866494
DIAMOND,IV,EUW1_5470730142
DIAMOND,IV,EUW1_5470723177
DIAMOND,IV,EUW1_5470567820
DIAMOND,IV,EUW1_5470573112
DIAMOND,IV,EUW1_5466343480
DIAMOND,IV,EUW1_5466320616
DIAMOND,IV,EUW1_5466198394
DIAMOND,IV,EUW1_5458949474
DIAMOND,IV,EUW1_5458927791
DIAMOND,IV,EUW1_5458955543
DIAMOND,IV,EUW1_5458859635
DIAMOND,IV,EUW1_5458878787
DIAMOND,IV,EUW1_5458838133
DIAMOND,IV,EUW1_5458817323
DIAMOND,IV,EUW1_5458845235
DIAMOND,IV,EUW1_5458903531
DIAMOND,IV,EUW1_5457533497
DIAMOND,IV,EUW1_5530492196
DIAMOND,IV,EUW1_5530388381
DIAMOND,IV,EUW1_5529822479
DIAMOND,IV,EUW1_5526205349
DIAMOND,IV,EUW1_5524574115
DIAMOND,IV,EUW1_5524265208
DIAMOND,IV,EUW1_5523197963
DIAMOND,IV,EUW1_5521637386
DIAMOND,IV,EUW1_5521642224
DIAMOND,IV,EUW1_5521546966
DIAMOND,IV,EUW1_5521499461
DIAMOND,IV,EUW1_5518504802
DIAMOND,IV,EUW1_5518378711
DIAMOND,IV,EUW1_5516711311
DIAMOND,IV,EUW1_5516461627
DIAMOND,IV,EUW1_5515499896
DIAMOND,IV,EUW1_5515453986
DIAMOND,IV,EUW1_5513568781
DIAMOND,IV,EUW1_5513416456
DIAMOND,IV,EUW1_5513402160
DIAMOND,IV,EUW1_5513230155
DIAMOND,IV,EUW1_5512384831
DIAMOND,IV,EUW1_5512240308
DIAMOND,IV,EUW1_5512311507
DIAMOND,IV,EUW1_5510761087
DIAMOND,IV,EUW1_5530845983
DIAMOND,IV,EUW1_5530771109
DIAMOND,IV,EUW1_5527051550
DIAMOND,IV,EUW1_5526977627
DIAMOND,IV,EUW1_5526218256
DIAMOND,IV,EUW1_5526212228
DIAMOND,IV,EUW1_5526028552
DIAMOND,IV,EUW1_5522500891
DIAMOND,IV,EUW1_5519318720
DIAMOND,IV,EUW1_5518108166
DIAMOND,IV,EUW1_5518152318
DIAMOND,IV,EUW1_5518009182
DIAMOND,IV,EUW1_5517784358
DIAMOND,IV,EUW1_5516707351
DIAMOND,IV,EUW1_5516679493
DIAMOND,IV,EUW1_5515399168
DIAMOND,IV,EUW1_5515324973
DIAMOND,IV,EUW1_5515007924
DIAMOND,IV,EUW1_5514993893
DIAMOND,IV,EUW1_5513334450
DIAMOND,IV,EUW1_5512245108
DIAMOND,IV,EUW1_5512189142
DIAMOND,IV,EUW1_5512125938
DIAMOND,IV,EUW1_5509484591
DIAMOND,IV,EUW1_5509448357
DIAMOND,IV,EUW1_5533155341
DIAMOND,IV,EUW1_5533092180
DIAMOND,IV,EUW1_5524099396
DIAMOND,IV,EUW1_5524095580
DIAMOND,IV,EUW1_5524131415
DIAMOND,IV,EUW1_5523988513
DIAMOND,IV,EUW1_5524005419
DIAMOND,IV,EUW1_5522612865
DIAMOND,IV,EUW1_5522530494
DIAMOND,IV,EUW1_5519349702
DIAMOND,IV,EUW1_5519271108
DIAMOND,IV,EUW1_5519177868
DIAMOND,IV,EUW1_5519192929
DIAMOND,IV,EUW1_5519148039
DIAMOND,IV,EUW1_5519155228
DIAMOND,IV,EUW1_5516368600
DIAMOND,IV,EUW1_5515332967
DIAMOND,IV,EUW1_5513106914
DIAMOND,IV,EUW1_5512951493
DIAMOND,IV,EUW1_5510079621
DIAMOND,IV,EUW1_5510065759
DIAMOND,IV,EUW1_5509090849
DIAMOND,IV,EUW1_5508975531
DIAMOND,IV,EUW1_5504245745
DIAMOND,IV,EUW1_5504220756
DIAMOND,IV,EUW1_5527340281
DIAMOND,IV,EUW1_5527002305
DIAMOND,IV,EUW1_5526938310
DIAMOND,IV,EUW1_5526847693
DIAMOND,IV,EUW1_5526864427
DIAMOND,IV,EUW1_5526861999
DIAMOND,IV,EUW1_5526271618
DIAMOND,IV,EUW1_5526157322
DIAMOND,IV,EUW1_5526152482
DIAMOND,IV,EUW1_5526105334
DIAMOND,IV,EUW1_5526110546
DIAMOND,IV,EUW1_5525776537
DIAMOND,IV,EUW1_5525773743
DIAMOND,IV,EUW1_5525589163
DIAMOND,IV,EUW1_5525545804
DIAMOND,IV,EUW1_5525581386
DIAMOND,IV,EUW1_5525436904
DIAMOND,IV,EUW1_5525250613
DIAMOND,IV,EUW1_5524546991
DIAMOND,IV,EUW1_5524477915
DIAMOND,IV,EUW1_5524412625
DIAMOND,IV,EUW1_5524288642
DIAMOND,IV,EUW1_5524360850
DIAMOND,IV,EUW1_5524266555
DIAMOND,IV,EUW1_5524262410
DIAMOND,IV,EUW1_5525169244
DIAMOND,IV,EUW1_5504428504
DIAMOND,IV,EUW1_5504096492
DIAMOND,IV,EUW1_5504053304
DIAMOND,IV,EUW1_5503986999
DIAMOND,IV,EUW1_5498956683
DIAMOND,IV,EUW1_5498878799
DIAMOND,IV,EUW1_5498881725
DIAMOND,IV,EUW1_5498746443
DIAMOND,IV,EUW1_5498719268
DIAMOND,IV,EUW1_5497646941
DIAMOND,IV,EUW1_5494069659
DIAMOND,IV,EUW1_5494075371
DIAMOND,IV,EUW1_5494091284
DIAMOND,IV,EUW1_5494006030
DIAMOND,IV,EUW1_5494013385
DIAMOND,IV,EUW1_5494000786
DIAMOND,IV,EUW1_5493598715
DIAMOND,IV,EUW1_5490700325
DIAMOND,IV,EUW1_5490668499
DIAMOND,IV,EUW1_5490695138
DIAMOND,IV,EUW1_5490211582
DIAMOND,IV,EUW1_5490053146
DIAMOND,IV,EUW1_5489214842
DIAMOND,IV,EUW1_5489119945
DIAMOND,IV,EUW1_5534239903
DIAMOND,IV,EUW1_5533901472
DIAMOND,IV,EUW1_5533721000
DIAMOND,IV,EUW1_5533550663
DIAMOND,IV,EUW1_5533289431
DIAMOND,IV,EUW1_5533264008
DIAMOND,IV,EUW1_5533199182
DIAMOND,IV,EUW1_5533221000
DIAMOND,IV,EUW1_5533050287
DIAMOND,IV,EUW1_5532988928
DIAMOND,IV,EUW1_5533022557
DIAMOND,IV,EUW1_5532887889
DIAMOND,IV,EUW1_5532719491
DIAMOND,IV,EUW1_5532689214
DIAMOND,IV,EUW1_5531777323
DIAMOND,IV,EUW1_5531791266
DIAMOND,IV,EUW1_5531750610
DIAMOND,IV,EUW1_5531615764
DIAMOND,IV,EUW1_5530474274
DIAMOND,IV,EUW1_5530308622
DIAMOND,IV,EUW1_5528830203
DIAMOND,IV,EUW1_5528864253
DIAMOND,IV,EUW1_5525410253
DIAMOND,IV,EUW1_5525435121
DIAMOND,IV,EUW1_5524450049
DIAMOND,IV,EUW1_5527794040
DIAMOND,IV,EUW1_5527699811
DIAMOND,IV,EUW1_5527684933
DIAMOND,IV,EUW1_5527608991
DIAMOND,IV,EUW1_5521843149
DIAMOND,IV,EUW1_5519584746
DIAMOND,IV,EUW1_5518759898
DIAMOND,IV,EUW1_5518673523
DIAMOND,IV,EUW1_5518428298
DIAMOND,IV,EUW1_5518383421
DIAMOND,IV,EUW1_5518348356
DIAMOND,IV,EUW1_5518294281
DIAMOND,IV,EUW1_5518164735
DIAMOND,IV,EUW1_5518019327
DIAMOND,IV,EUW1_5518023235
DIAMOND,IV,EUW1_5517119945
DIAMOND,IV,EUW1_5517146181
DIAMOND,IV,EUW1_5517141777
DIAMOND,IV,EUW1_5516814450
DIAMOND,IV,EUW1_5516508633
DIAMOND,IV,EUW1_5515931142
DIAMOND,IV,EUW1_5513695708
DIAMOND,IV,EUW1_5513631774
DIAMOND,IV,EUW1_5513226820
DIAMOND,IV,EUW1_5513201741
DIAMOND,IV,EUW1_5517787937
DIAMOND,IV,EUW1_5517774703
DIAMOND,IV,EUW1_5514569969
DIAMOND,IV,EUW1_5514487853
DIAMOND,IV,EUW1_5514565471
DIAMOND,IV,EUW1_5514513618
DIAMOND,IV,EUW1_5514522557
DIAMOND,IV,EUW1_5513723960
DIAMOND,IV,EUW1_5513631458
DIAMOND,IV,EUW1_5513573111
DIAMOND,IV,EUW1_5513447446
DIAMOND,IV,EUW1_5513198267
DIAMOND,IV,EUW1_5513135959
DIAMOND,IV,EUW1_5513160828
DIAMOND,IV,EUW1_5513105229
DIAMOND,IV,EUW1_5496098056
DIAMOND,IV,EUW1_5496153889
DIAMOND,IV,EUW1_5496049514
DIAMOND,IV,EUW1_5466810883
DIAMOND,IV,EUW1_5466775084
DIAMOND,IV,EUW1_5466771376
DIAMOND,IV,EUW1_5466687896
DIAMOND,IV,EUW1_5466675766
DIAMOND,IV,EUW1_5466593433
DIAMOND,IV,EUW1_5466535215
DIAMOND,IV,EUW1_5506854607
DIAMOND,IV,EUW1_5503523293
DIAMOND,IV,EUW1_5500425004
DIAMOND,IV,EUW1_5494487570
DIAMOND,IV,EUW1_5494471465
DIAMOND,IV,EUW1_5494310477
DIAMOND,IV,EUW1_5494217735
DIAMOND,IV,EUW1_5491537894
DIAMOND,IV,EUW1_5491474085
DIAMOND,IV,EUW1_5490139680
DIAMOND,IV,EUW1_5489064350
DIAMOND,IV,EUW1_5485937030
DIAMOND,IV,EUW1_5485849855
DIAMOND,IV,EUW1_5484958334
DIAMOND,IV,EUW1_5484889424
DIAMOND,IV,EUW1_5484841528
DIAMOND,IV,EUW1_5484798042
DIAMOND,IV,EUW1_5473394440
DIAMOND,IV,EUW1_5472754301
DIAMOND,IV,EUW1_5466145907
DIAMOND,IV,EUW1_5466162848
DIAMOND,IV,EUW1_5466092153
DIAMOND,IV,EUW1_5465978435
DIAMOND,IV,EUW1_5464624080
DIAMOND,IV,EUW1_5461053375
DIAMOND,IV,EUW1_5532689168
DIAMOND,IV,EUW1_5532668100
DIAMOND,IV,EUW1_5532744172
DIAMOND,IV,EUW1_5532731114
DIAMOND,IV,EUW1_5531267672
DIAMOND,IV,EUW1_5531177913
DIAMOND,IV,EUW1_5531273294
DIAMOND,IV,EUW1_5531230515
DIAMOND,IV,EUW1_5530968239
DIAMOND,IV,EUW1_5529651505
DIAMOND,IV,EUW1_5529589562
DIAMOND,IV,EUW1_5527804777
DIAMOND,IV,EUW1_5527739841
DIAMOND,IV,EUW1_5526681157
DIAMOND,IV,EUW1_5526638690
DIAMOND,IV,EUW1_5526616740
DIAMOND,IV,EUW1_5526560934
DIAMOND,IV,EUW1_5526485798
DIAMOND,IV,EUW1_5526441757
DIAMOND,IV,EUW1_5525058813
DIAMOND,IV,EUW1_5525008342
DIAMOND,IV,EUW1_5525026651
DIAMOND,IV,EUW1_5525034007
DIAMOND,IV,EUW1_5525002641
DIAMOND,IV,EUW1_5524940905
DIAMOND,IV,EUW1_5506411088
DIAMOND,IV,EUW1_5506365289
DIAMOND,IV,EUW1_5506090879
DIAMOND,IV,EUW1_5505946956
DIAMOND,IV,EUW1_5495432705
DIAMOND,IV,EUW1_5491326655
DIAMOND,IV,EUW1_5490919912
DIAMOND,IV,EUW1_5490900654
DIAMOND,IV,EUW1_5489248030
DIAMOND,IV,EUW1_5489221631
DIAMOND,IV,EUW1_5489112405
DIAMOND,IV,EUW1_5489046124
DIAMOND,IV,EUW1_5488259654
DIAMOND,IV,EUW1_5488254485
DIAMOND,IV,EUW1_5488046805
DIAMOND,IV,EUW1_5484520624
DIAMOND,IV,EUW1_5484429295
DIAMOND,IV,EUW1_5483930922
DIAMOND,IV,EUW1_5482828721
DIAMOND,IV,EUW1_5481780789
DIAMOND,IV,EUW1_5481667241
DIAMOND,IV,EUW1_5481567971
DIAMOND,IV,EUW1_5454599540
DIAMOND,IV,EUW1_5449253440
DIAMOND,IV,EUW1_5439002970
DIAMOND,IV,EUW1_5531719025
DIAMOND,IV,EUW1_5531675734
DIAMOND,IV,EUW1_5531477527
DIAMOND,IV,EUW1_5531056584
DIAMOND,IV,EUW1_5531091834
DIAMOND,IV,EUW1_5530857613
DIAMOND,IV,EUW1_5530763393
DIAMOND,IV,EUW1_5530661893
DIAMOND,IV,EUW1_5530585569
DIAMOND,IV,EUW1_5525344370
DIAMOND,IV,EUW1_5525322205
DIAMOND,IV,EUW1_5525219617
DIAMOND,IV,EUW1_5522196941
DIAMOND,IV,EUW1_5522136973
DIAMOND,IV,EUW1_5522155411
DIAMOND,IV,EUW1_5520771744
DIAMOND,IV,EUW1_5520669010
DIAMOND,IV,EUW1_5520624276
DIAMOND,IV,EUW1_5520528809
DIAMOND,IV,EUW1_5520553711
DIAMOND,IV,EUW1_5491865797
DIAMOND,IV,EUW1_5491874479
DIAMOND,IV,EUW1_5490556496
DIAMOND,IV,EUW1_5448162055
DIAMOND,IV,EUW1_5447987300
DIAMOND,IV,EUW1_5532799078
DIAMOND,IV,EUW1_5532836891
DIAMOND,IV,EUW1_5531409262
DIAMOND,IV,EUW1_5529991298
DIAMOND,IV,EUW1_5529791229
DIAMOND,IV,EUW1_5529760947
DIAMOND,IV,EUW1_5529659329
DIAMOND,IV,EUW1_5529010723
DIAMOND,IV,EUW1_5528993647
DIAMOND,IV,EUW1_5524018410
DIAMOND,IV,EUW1_5513233816
DIAMOND,IV,EUW1_5513187678
DIAMOND,IV,EUW1_5513202031
DIAMOND,IV,EUW1_5503111201
DIAMOND,IV,EUW1_5502956164
DIAMOND,IV,EUW1_5499669388
DIAMOND,IV,EUW1_5499715342
DIAMOND,IV,EUW1_5499732454
DIAMOND,IV,EUW1_5499701131
DIAMOND,IV,EUW1_5499559715
DIAMOND,IV,EUW1_5499489560
DIAMOND,IV,EUW1_5498815575
DIAMOND,IV,EUW1_5498761280
DIAMOND,IV,EUW1_5455999371
DIAMOND,IV,EUW1_5456023393
DIAMOND,IV,EUW1_5529555944
DIAMOND,IV,EUW1_5524955988
DIAMOND,IV,EUW1_5524960513
DIAMOND,IV,EUW1_5520776520
DIAMOND,IV,EUW1_5519193778
DIAMOND,IV,EUW1_5516311560
DIAMOND,IV,EUW1_5516285225
DIAMOND,IV,EUW1_5509734858
DIAMOND,IV,EUW1_5499330694
DIAMOND,IV,EUW1_5497742994
DIAMOND,IV,EUW1_5497656643
DIAMOND,IV,EUW1_5488589347
DIAMOND,IV,EUW1_5488625684
DIAMOND,IV,EUW1_5488579564
DIAMOND,IV,EUW1_5488556712
DIAMOND,IV,EUW1_5487086554
DIAMOND,IV,EUW1_5485596084
DIAMOND,IV,EUW1_5485572904
DIAMOND,IV,EUW1_5464286192
DIAMOND,IV,EUW1_5462438182
DIAMOND,IV,EUW1_5456979202
DIAMOND,IV,EUW1_5453135524
DIAMOND,IV,EUW1_5453152604
DIAMOND,IV,EUW1_5451010348
DIAMOND,IV,EUW1_5450234217
DIAMOND,IV,EUW1_5521473484
DIAMOND,IV,EUW1_5521274742
DIAMOND,IV,EUW1_5519603189
DIAMOND,IV,EUW1_5519323065
DIAMOND,IV,EUW1_5518413938
DIAMOND,IV,EUW1_5518357500
DIAMOND,IV,EUW1_5518274002
DIAMOND,IV,EUW1_5518237051
DIAMOND,IV,EUW1_5514992367
DIAMOND,IV,EUW1_5514450217
DIAMOND,IV,EUW1_5513035258
DIAMOND,IV,EUW1_5513060891
DIAMOND,IV,EUW1_5512519272
DIAMOND,IV,EUW1_5512442050
DIAMOND,IV,EUW1_5512131938
DIAMOND,IV,EUW1_5511876363
DIAMOND,IV,EUW1_5511760096
DIAMOND,IV,EUW1_5511394246
DIAMOND,IV,EUW1_5511001249
DIAMOND,IV,EUW1_5510834490
DIAMOND,IV,EUW1_5510096189
DIAMOND,IV,EUW1_5498165210
DIAMOND,IV,EUW1_5498150864
DIAMOND,IV,EUW1_5498037930
DIAMOND,IV,EUW1_5497812435
DIAMOND,IV,EUW1_5527330239
DIAMOND,IV,EUW1_5501357537
DIAMOND,IV,EUW1_5501285142
DIAMOND,IV,EUW1_5481108447
DIAMOND,IV,EUW1_5472867838
DIAMOND,IV,EUW1_5472800999
DIAMOND,IV,EUW1_5459965315
DIAMOND,IV,EUW1_5459930895
DIAMOND,IV,EUW1_5459875025
DIAMOND,IV,EUW1_5457723617
DIAMOND,IV,EUW1_5457507153
DIAMOND,IV,EUW1_5454012729
DIAMOND,IV,EUW1_5448079070
DIAMOND,IV,EUW1_5424742901
DIAMOND,IV,EUW1_5412726260
DIAMOND,IV,EUW1_5412569635
DIAMOND,IV,EUW1_5412355733
DIAMOND,IV,EUW1_5412360795
DIAMOND,IV,EUW1_5411139236
DIAMOND,IV,EUW1_5411114211
DIAMOND,IV,EUW1_5409304509
DIAMOND,IV,EUW1_5409341504
DIAMOND,IV,EUW1_5408899407
DIAMOND,IV,EUW1_5376918309
DIAMOND,IV,EUW1_5376806386
DIAMOND,IV,EUW1_5532232375
DIAMOND,IV,EUW1_5511441785
DIAMOND,IV,EUW1_5511358272
DIAMOND,IV,EUW1_5511324488
DIAMOND,IV,EUW1_5511139264
DIAMOND,IV,EUW1_5510980073
DIAMOND,IV,EUW1_5511002705
DIAMOND,IV,EUW1_5509893864
DIAMOND,IV,EUW1_5509830129
DIAMOND,IV,EUW1_5509844132
DIAMOND,IV,EUW1_5509842054
DIAMOND,IV,EUW1_5509380249
DIAMOND,IV,EUW1_5509023459
DIAMOND,IV,EUW1_5508918197
DIAMOND,IV,EUW1_5508118748
DIAMOND,IV,EUW1_5508136526
DIAMOND,IV,EUW1_5508076211
DIAMOND,IV,EUW1_5508103954
DIAMOND,IV,EUW1_5507677743
DIAMOND,IV,EUW1_5507670796
DIAMOND,IV,EUW1_5503949695
DIAMOND,IV,EUW1_5500698813
DIAMOND,IV,EUW1_5499853451
DIAMOND,IV,EUW1_5481720232
DIAMOND,IV,EUW1_5481717801
DIAMOND,IV,EUW1_5522361510
DIAMOND,IV,EUW1_5522249640
DIAMOND,IV,EUW1_5522316467
DIAMOND,IV,EUW1_5513871175
DIAMOND,IV,EUW1_5513703418
DIAMOND,IV,EUW1_5513550072
DIAMOND,IV,EUW1_5513574919
DIAMOND,IV,EUW1_5513449845
DIAMOND,IV,EUW1_5423757454
DIAMOND,IV,EUW1_5423774004
DIAMOND,IV,EUW1_5423722548
DIAMOND,IV,EUW1_5423675475
DIAMOND,IV,EUW1_5423633039
DIAMOND,IV,EUW1_5423497511
DIAMOND,IV,EUW1_5423427869
DIAMOND,IV,EUW1_5423423277
DIAMOND,IV,EUW1_5332852895
DIAMOND,IV,EUW1_5332698445
DIAMOND,IV,EUW1_5332703793
DIAMOND,IV,EUW1_5332589151
DIAMOND,IV,EUW1_5332590934
DIAMOND,IV,EUW1_5332493365
DIAMOND,IV,EUW1_5332427408
DIAMOND,IV,EUW1_5332372196
DIAMOND,IV,EUW1_5330900351
DIAMOND,IV,EUW1_5531095894
DIAMOND,IV,EUW1_5530155366
DIAMOND,IV,EUW1_5529692561
DIAMOND,IV,EUW1_5529623021
DIAMOND,IV,EUW1_5529601840
DIAMOND,IV,EUW1_5522212554
DIAMOND,IV,EUW1_5522210465
DIAMOND,IV,EUW1_5522089138
DIAMOND,IV,EUW1_5517559423
DIAMOND,IV,EUW1_5517588065
DIAMOND,IV,EUW1_5517488203
DIAMOND,IV,EUW1_5514223238
DIAMOND,IV,EUW1_5512647396
DIAMOND,IV,EUW1_5512703072
DIAMOND,IV,EUW1_5476403932
DIAMOND,IV,EUW1_5474829944
DIAMOND,IV,EUW1_5467153518
DIAMOND,IV,EUW1_5467090066
DIAMOND,IV,EUW1_5466509040
DIAMOND,IV,EUW1_5466534133
DIAMOND,IV,EUW1_5465013585
DIAMOND,IV,EUW1_5464918909
DIAMOND,IV,EUW1_5464337950
DIAMOND,IV,EUW1_5464385212
DIAMOND,IV,EUW1_5464345597
DIAMOND,IV,EUW1_5464453855
DIAMOND,IV,EUW1_5464462203
DIAMOND,IV,EUW1_5464460539
DIAMOND,IV,EUW1_5463729062
DIAMOND,IV,EUW1_5462168280
DIAMOND,IV,EUW1_5461146031
DIAMOND,IV,EUW1_5461069880
DIAMOND,IV,EUW1_5459841902
DIAMOND,IV,EUW1_5459796278
DIAMOND,IV,EUW1_5459801891
DIAMOND,IV,EUW1_5458440301
DIAMOND,IV,EUW1_5458282346
DIAMOND,IV,EUW1_5457421655
DIAMOND,IV,EUW1_5457295104
DIAMOND,IV,EUW1_5457282217
DIAMOND,IV,EUW1_5457229588
DIAMOND,IV,EUW1_5457217842
DIAMOND,IV,EUW1_5457186375
DIAMOND,IV,EUW1_5457204913
DIAMOND,IV,EUW1_5456511857
DIAMOND,IV,EUW1_5456447814
DIAMOND,IV,EUW1_5456240845
DIAMOND,IV,EUW1_5456096769
DIAMOND,IV,EUW1_5456102560
DIAMOND,IV,EUW1_5456042536
DIAMOND,IV,EUW1_5517789825
DIAMOND,IV,EUW1_5517836391
DIAMOND,IV,EUW1_5516708194
DIAMOND,IV,EUW1_5516792245
DIAMOND,IV,EUW1_5516607508
DIAMOND,IV,EUW1_5516600201
DIAMOND,IV,EUW1_5516374480
DIAMOND,IV,EUW1_5516299607
DIAMOND,IV,EUW1_5511735026
DIAMOND,IV,EUW1_5511721634
DIAMOND,IV,EUW1_5453295519
DIAMOND,IV,EUW1_5412334295
DIAMOND,IV,EUW1_5412250508
DIAMOND,IV,EUW1_5409307822
DIAMOND,IV,EUW1_5408059442
DIAMOND,IV,EUW1_5406255292
DIAMOND,IV,EUW1_5406271189
DIAMOND,IV,EUW1_5404739987
DIAMOND,IV,EUW1_5404735323
DIAMOND,IV,EUW1_5404653865
DIAMOND,IV,EUW1_5372929127
DIAMOND,IV,EUW1_5372895413
DIAMOND,IV,EUW1_5372892379
DIAMOND,IV,EUW1_5372891264
DIAMOND,IV,EUW1_5368492578
DIAMOND,IV,EUW1_5521680497
DIAMOND,IV,EUW1_5521604455
DIAMOND,IV,EUW1_5520695976
DIAMOND,IV,EUW1_5516735146
DIAMOND,IV,EUW1_5516700285
DIAMOND,IV,EUW1_5516627506
DIAMOND,IV,EUW1_5507555305
DIAMOND,IV,EUW1_5507550662
DIAMOND,IV,EUW1_5503547655
DIAMOND,IV,EUW1_5503508840
DIAMOND,IV,EUW1_5501399807
DIAMOND,IV,EUW1_5501406226
DIAMOND,IV,EUW1_5489243535
DIAMOND,IV,EUW1_5489099359
DIAMOND,IV,EUW1_5486223597
DIAMOND,IV,EUW1_5485453508
DIAMOND,IV,EUW1_5485347092
DIAMOND,IV,EUW1_5485269170
DIAMOND,IV,EUW1_5476809119
DIAMOND,IV,EUW1_5466228966
DIAMOND,IV,EUW1_5466236606
DIAMOND,IV,EUW1_5464160464
DIAMOND,IV,EUW1_5464093078
DIAMOND,IV,EUW1_5464016196
DIAMOND,IV,EUW1_5463943455
DIAMOND,IV,EUW1_5534659864
DIAMOND,IV,EUW1_5534677392
DIAMOND,IV,EUW1_5534704768
DIAMOND,IV,EUW1_5533272660
DIAMOND,IV,EUW1_5532165731
DIAMOND,IV,EUW1_5530813983
DIAMOND,IV,EUW1_5530212898
DIAMOND,IV,EUW1_5530144709
DIAMOND,IV,EUW1_5530008245
DIAMOND,IV,EUW1_5529969937
DIAMOND,IV,EUW1_5529984161
DIAMOND,IV,EUW1_5529899652
DIAMOND,IV,EUW1_5528531366
DIAMOND,IV,EUW1_5527537526
DIAMOND,IV,EUW1_5526748803
DIAMOND,IV,EUW1_5524077123
DIAMOND,IV,EUW1_5523946059
DIAMOND,IV,EUW1_5522920516
DIAMOND,IV,EUW1_5522639117
DIAMOND,IV,EUW1_5522634778
DIAMOND,IV,EUW1_5522473318
DIAMOND,IV,EUW1_5522390077
DIAMOND,IV,EUW1_5521017552
DIAMOND,IV,EUW1_5519288818
DIAMOND,IV,EUW1_5519304325
DIAMOND,IV,EUW1_5532484001
DIAMOND,IV,EUW1_5525888258
DIAMOND,IV,EUW1_5525864389
DIAMOND,IV,EUW1_5525639462
DIAMOND,IV,EUW1_5525113434
DIAMOND,IV,EUW1_5523944450
DIAMOND,IV,EUW1_5523913167
DIAMOND,IV,EUW1_5523931031
DIAMOND,IV,EUW1_5523810156
DIAMOND,IV,EUW1_5523764786
DIAMOND,IV,EUW1_5523724348
DIAMOND,IV,EUW1_5523751923
DIAMOND,IV,EUW1_5520783926
DIAMOND,IV,EUW1_5518963806
DIAMOND,IV,EUW1_5519021034
DIAMOND,IV,EUW1_5518938466
DIAMOND,IV,EUW1_5515734971
DIAMOND,IV,EUW1_5515685768
DIAMOND,IV,EUW1_5515549711
DIAMOND,IV,EUW1_5512781146
DIAMOND,IV,EUW1_5512717688
DIAMOND,IV,EUW1_5512705957
DIAMOND,IV,EUW1_5512309033
DIAMOND,IV,EUW1_5511202998
DIAMOND,IV,EUW1_5510975346
DIAMOND,IV,EUW1_5529430983
DIAMOND,IV,EUW1_5529364370
DIAMOND,IV,EUW1_5529239354
DIAMOND,IV,EUW1_5529274851
DIAMOND,IV,EUW1_5529197019
DIAMOND,IV,EUW1_5528980864
DIAMOND,IV,EUW1_5528102904
DIAMOND,IV,EUW1_5528101105
DIAMOND,IV,EUW1_5527114859
DIAMOND,IV,EUW1_5527091562
DIAMOND,IV,EUW1_5526967908
DIAMOND,IV,EUW1_5527023273
DIAMOND,IV,EUW1_5519134603
DIAMOND,IV,EUW1_5504697819
DIAMOND,IV,EUW1_5504661182
DIAMOND,IV,EUW1_5504448121
DIAMOND,IV,EUW1_5503598415
DIAMOND,IV,EUW1_5503519033
DIAMOND,IV,EUW1_5502031981
DIAMOND,IV,EUW1_5501782534
DIAMOND,IV,EUW1_5501707346
DIAMOND,IV,EUW1_5500843369
DIAMOND,IV,EUW1_5500758613
DIAMOND,IV,EUW1_5500684199
DIAMOND,IV,EUW1_5500657000
DIAMOND,IV,EUW1_5533204058
DIAMOND,IV,EUW1_5533147054
DIAMOND,IV,EUW1_5533083143
DIAMOND,IV,EUW1_5533037235
DIAMOND,IV,EUW1_5533003247
DIAMOND,IV,EUW1_5531414565
DIAMOND,IV,EUW1_5531421572
DIAMOND,IV,EUW1_5517970193
DIAMOND,IV,EUW1_5517572405
DIAMOND,IV,EUW1_5516714489
DIAMOND,IV,EUW1_5516618165
DIAMOND,IV,EUW1_5516690578
DIAMOND,IV,EUW1_5516576306
DIAMOND,IV,EUW1_5516531048
DIAMOND,IV,EUW1_5515917621
DIAMOND,IV,EUW1_5515964996
DIAMOND,IV,EUW1_5515962549
DIAMOND,IV,EUW1_5515970492
DIAMOND,IV,EUW1_5515887000
DIAMOND,IV,EUW1_5515669733
DIAMOND,IV,EUW1_5514040353
DIAMOND,IV,EUW1_5514142724
DIAMOND,IV,EUW1_5514052173
DIAMOND,IV,EUW1_5513895960
DIAMOND,IV,EUW1_5513831067
DIAMOND,IV,EUW1_5526483169
DIAMOND,IV,EUW1_5513051664
DIAMOND,IV,EUW1_5472669032
DIAMOND,IV,EUW1_5472663254
DIAMOND,IV,EUW1_5472527225
DIAMOND,IV,EUW1_5468741351
DIAMOND,IV,EUW1_5468578048
DIAMOND,IV,EUW1_5468562595
DIAMOND,IV,EUW1_5468397214
DIAMOND,IV,EUW1_5468234942
DIAMOND,IV,EUW1_5468181698
DIAMOND,IV,EUW1_5468016427
DIAMOND,IV,EUW1_5467889398
DIAMOND,IV,EUW1_5467705237
DIAMOND,IV,EUW1_5467638118
DIAMOND,IV,EUW1_5467633902
DIAMOND,IV,EUW1_5467559662
DIAMOND,IV,EUW1_5466916152
DIAMOND,IV,EUW1_5466889776
DIAMOND,IV,EUW1_5466844581
DIAMOND,IV,EUW1_5466699132
DIAMOND,IV,EUW1_5466721541
DIAMOND,IV,EUW1_5466684235
DIAMOND,IV,EUW1_5466611437
DIAMOND,IV,EUW1_5465004663
DIAMOND,IV,EUW1_5513170235
DIAMOND,IV,EUW1_5513126687
DIAMOND,IV,EUW1_5510507253
DIAMOND,IV,EUW1_5500259699
DIAMOND,IV,EUW1_5500273329
DIAMOND,IV,EUW1_5500126802
DIAMOND,IV,EUW1_5500112387
DIAMOND,IV,EUW1_5498566532
DIAMOND,IV,EUW1_5498572484
DIAMOND,IV,EUW1_5498507790
DIAMOND,IV,EUW1_5498492864
DIAMOND,IV,EUW1_5498358515
DIAMOND,IV,EUW1_5498342790
DIAMOND,IV,EUW1_5494426521
DIAMOND,IV,EUW1_5494359882
DIAMOND,IV,EUW1_5494345418
DIAMOND,IV,EUW1_5494228484
DIAMOND,IV,EUW1_5494244248
DIAMOND,IV,EUW1_5490998710
DIAMOND,IV,EUW1_5491004332
DIAMOND,IV,EUW1_5490937300
DIAMOND,IV,EUW1_5489739920
DIAMOND,IV,EUW1_5489488053
DIAMOND,IV,EUW1_5489415676
DIAMOND,IV,EUW1_5489279610
DIAMOND,IV,EUW1_5534601723
DIAMOND,IV,EUW1_5527878234
DIAMOND,IV,EUW1_5524981068
DIAMOND,IV,EUW1_5524967956
DIAMOND,IV,EUW1_5524962003
DIAMOND,IV,EUW1_5524867883
DIAMOND,IV,EUW1_5524783939
DIAMOND,IV,EUW1_5524748433
DIAMOND,IV,EUW1_5524560973
DIAMOND,IV,EUW1_5521634623
DIAMOND,IV,EUW1_5521557373
DIAMOND,IV,EUW1_5518562558
DIAMOND,IV,EUW1_5518494188
DIAMOND,IV,EUW1_5513856901
DIAMOND,IV,EUW1_5513823542
DIAMOND,IV,EUW1_5513220391
DIAMOND,IV,EUW1_5513215436
DIAMOND,IV,EUW1_5511199546
DIAMOND,IV,EUW1_5510977383
DIAMOND,IV,EUW1_5510777748
DIAMOND,IV,EUW1_5510607770
DIAMOND,IV,EUW1_5509537386
DIAMOND,IV,EUW1_5508989410
DIAMOND,IV,EUW1_5508951054
DIAMOND,IV,EUW1_5507188654
DIAMOND,IV,EUW1_5515695910
DIAMOND,IV,EUW1_5515641930
DIAMOND,IV,EUW1_5515554417
DIAMOND,IV,EUW1_5515408622
DIAMOND,IV,EUW1_5515432059
DIAMOND,IV,EUW1_5515306390
DIAMOND,IV,EUW1_5515259448
DIAMOND,IV,EUW1_5515285529
DIAMOND,IV,EUW1_5515107488
DIAMOND,IV,EUW1_5515112122
DIAMOND,IV,EUW1_5515086582
DIAMOND,IV,EUW1_5515033091
DIAMOND,IV,EUW1_5514978327
DIAMOND,IV,EUW1_5514925383
DIAMOND,IV,EUW1_5514556052
DIAMOND,IV,EUW1_5514544226
DIAMOND,IV,EUW1_5511984505
DIAMOND,IV,EUW1_5511920414
DIAMOND,IV,EUW1_5511868211
DIAMOND,IV,EUW1_5511863789
DIAMOND,IV,EUW1_5511821087
DIAMOND,IV,EUW1_5511806139
DIAMOND,IV,EUW1_5507040780
DIAMOND,IV,EUW1_5506946497
DIAMOND,IV,EUW1_5492147440
DIAMOND,IV,EUW1_5492322640
DIAMOND,IV,EUW1_5444452672
DIAMOND,IV,EUW1_5444315539
DIAMOND,IV,EUW1_5442754704
DIAMOND,IV,EUW1_5442540079
DIAMOND,IV,EUW1_5442457665
DIAMOND,IV,EUW1_5442433878
DIAMOND,IV,EUW1_5442165567
DIAMOND,IV,EUW1_5442153242
DIAMOND,IV,EUW1_5379421720
DIAMOND,IV,EUW1_5379267293
DIAMOND,IV,EUW1_5377007131
DIAMOND,IV,EUW1_5374159820
DIAMOND,IV,EUW1_5374108618
DIAMOND,IV,EUW1_5374155719
DIAMOND,IV,EUW1_5374152462
DIAMOND,IV,EUW1_5374039867
DIAMOND,IV,EUW1_5349867059
DIAMOND,IV,EUW1_5349852606
DIAMOND,IV,EUW1_5349816516
DIAMOND,IV,EUW1_5348265109
DIAMOND,IV,EUW1_5348110396
DIAMOND,IV,EUW1_5348144912
DIAMOND,IV,EUW1_5341022425
DIAMOND,IV,EUW1_5341030641
DIAMOND,IV,EUW1_5526508813
DIAMOND,IV,EUW1_5526478297
DIAMOND,IV,EUW1_5526503274
DIAMOND,IV,EUW1_5526405234
DIAMOND,IV,EUW1_5510112325
DIAMOND,IV,EUW1_5503177931
DIAMOND,IV,EUW1_5503181994
DIAMOND,IV,EUW1_5496727065
DIAMOND,IV,EUW1_5496673530
DIAMOND,IV,EUW1_5496370311
DIAMOND,IV,EUW1_5495841510
DIAMOND,IV,EUW1_5494996415
DIAMOND,IV,EUW1_5495034510
DIAMOND,IV,EUW1_5494993877
DIAMOND,IV,EUW1_5493584603
DIAMOND,IV,EUW1_5493603595
DIAMOND,IV,EUW1_5493592576
DIAMOND,IV,EUW1_5493561672
DIAMOND,IV,EUW1_5492734724
DIAMOND,IV,EUW1_5492611850
DIAMOND,IV,EUW1_5492545371
DIAMOND,IV,EUW1_5492501295
DIAMOND,IV,EUW1_5492406579
DIAMOND,IV,EUW1_5492373058
DIAMOND,IV,EUW1_5492259918
DIAMOND,IV,EUW1_5533293678
DIAMOND,IV,EUW1_5532969762
DIAMOND,IV,EUW1_5532976408
DIAMOND,IV,EUW1_5533050563
DIAMOND,IV,EUW1_5529972877
DIAMOND,IV,EUW1_5529830273
DIAMOND,IV,EUW1_5521584018
DIAMOND,IV,EUW1_5519705347
DIAMOND,IV,EUW1_5519591455
DIAMOND,IV,EUW1_5515223497
DIAMOND,IV,EUW1_5513347549
DIAMOND,IV,EUW1_5513318996
DIAMOND,IV,EUW1_5511392149
DIAMOND,IV,EUW1_5511139086
DIAMOND,IV,EUW1_5510484129
DIAMOND,IV,EUW1_5488050741
DIAMOND,IV,EUW1_5487613240
DIAMOND,IV,EUW1_5487500162
DIAMOND,IV,EUW1_5486320062
DIAMOND,IV,EUW1_5486265156
DIAMOND,IV,EUW1_5485077472
DIAMOND,IV,EUW1_5455470113
DIAMOND,IV,EUW1_5455490855
DIAMOND,IV,EUW1_5455165603
DIAMOND,IV,EUW1_5441693806
DIAMOND,IV,EUW1_5530008495
DIAMOND,IV,EUW1_5529839843
DIAMOND,IV,EUW1_5527559582
DIAMOND,IV,EUW1_5527542545
DIAMOND,IV,EUW1_5525769213
DIAMOND,IV,EUW1_5525747532
DIAMOND,IV,EUW1_5517789795
DIAMOND,IV,EUW1_5517836377
DIAMOND,IV,EUW1_5505599778
DIAMOND,IV,EUW1_5505548745
DIAMOND,IV,EUW1_5505495730
DIAMOND,IV,EUW1_5505481674
DIAMOND,IV,EUW1_5505367838
DIAMOND,IV,EUW1_5505335584
DIAMOND,IV,EUW1_5505381633
DIAMOND,IV,EUW1_5504072783
DIAMOND,IV,EUW1_5493984786
DIAMOND,IV,EUW1_5478982309
DIAMOND,IV,EUW1_5456923112
DIAMOND,IV,EUW1_5453418398
DIAMOND,IV,EUW1_5453248184
DIAMOND,IV,EUW1_5453253256
DIAMOND,IV,EUW1_5453143378
DIAMOND,IV,EUW1_5451916375
DIAMOND,IV,EUW1_5451470785
DIAMOND,IV,EUW1_5530272262
DIAMOND,IV,EUW1_5512642636
DIAMOND,IV,EUW1_5512539523
DIAMOND,IV,EUW1_5512535302
DIAMOND,IV,EUW1_5512429928
DIAMOND,IV,EUW1_5512424966
DIAMOND,IV,EUW1_5512385540
DIAMOND,IV,EUW1_5512300024
DIAMOND,IV,EUW1_5509260623
DIAMOND,IV,EUW1_5509211366
DIAMOND,IV,EUW1_5480230523
DIAMOND,IV,EUW1_5479031164
DIAMOND,IV,EUW1_5478804469
DIAMOND,IV,EUW1_5464484952
DIAMOND,IV,EUW1_5464502818
DIAMOND,IV,EUW1_5461613826
DIAMOND,IV,EUW1_5461610489
DIAMOND,IV,EUW1_5461546906
DIAMOND,IV,EUW1_5461563771
DIAMOND,IV,EUW1_5461500532
DIAMOND,IV,EUW1_5458145286
DIAMOND,IV,EUW1_5458079383
DIAMOND,IV,EUW1_5454319048
DIAMOND,IV,EUW1_5452364514
DIAMOND,IV,EUW1_5452269196
DIAMOND,IV,EUW1_5529378107
DIAMOND,IV,EUW1_5516457289
DIAMOND,IV,EUW1_5515190438
DIAMOND,IV,EUW1_5513210665
DIAMOND,IV,EUW1_5512535844
DIAMOND,IV,EUW1_5509173340
DIAMOND,IV,EUW1_5509001846
DIAMOND,IV,EUW1_5507756404
DIAMOND,IV,EUW1_5507751955
DIAMOND,IV,EUW1_5507494021
DIAMOND,IV,EUW1_5500304796
DIAMOND,IV,EUW1_5489226187
DIAMOND,IV,EUW1_5483449518
DIAMOND,IV,EUW1_5472732324
DIAMOND,IV,EUW1_5467464648
DIAMOND,IV,EUW1_5457535341
DIAMOND,IV,EUW1_5454729861
DIAMOND,IV,EUW1_5453661583
DIAMOND,IV,EUW1_5451906159
DIAMOND,IV,EUW1_5446440241
DIAMOND,IV,EUW1_5446373841
DIAMOND,IV,EUW1_5446266450
DIAMOND,IV,EUW1_5444803625
DIAMOND,IV,EUW1_5444685100
DIAMOND,IV,EUW1_5444593687
DIAMOND,IV,EUW1_5505930987
DIAMOND,IV,EUW1_5504535000
DIAMOND,IV,EUW1_5504511150
DIAMOND,IV,EUW1_5504397278
DIAMOND,IV,EUW1_5504382199
DIAMOND,IV,EUW1_5504306981
DIAMOND,IV,EUW1_5504271125
DIAMOND,IV,EUW1_5503302598
DIAMOND,IV,EUW1_5503169653
DIAMOND,IV,EUW1_5503191994
DIAMOND,IV,EUW1_5501623470
DIAMOND,IV,EUW1_5501507670
DIAMOND,IV,EUW1_5501490962
DIAMOND,IV,EUW1_5501426424
DIAMOND,IV,EUW1_5499962998
DIAMOND,IV,EUW1_5497814752
DIAMOND,IV,EUW1_5497743409
DIAMOND,IV,EUW1_5497659922
DIAMOND,IV,EUW1_5497677104
DIAMOND,IV,EUW1_5497682531
DIAMOND,IV,EUW1_5497557574
DIAMOND,IV,EUW1_5497134358
DIAMOND,IV,EUW1_5497068821
DIAMOND,IV,EUW1_5496761673
DIAMOND,IV,EUW1_5495944321
DIAMOND,IV,EUW1_5515438195
DIAMOND,IV,EUW1_5514496699
DIAMOND,IV,EUW1_5512857227
DIAMOND,IV,EUW1_5472393917
DIAMOND,IV,EUW1_5472369039
DIAMOND,IV,EUW1_5469516837
DIAMOND,IV,EUW1_5469490612
DIAMOND,IV,EUW1_5469366868
DIAMOND,IV,EUW1_5468721231
DIAMOND,IV,EUW1_5468250697
DIAMOND,IV,EUW1_5467574068
DIAMOND,IV,EUW1_5467479429
DIAMOND,IV,EUW1_5467317766
DIAMOND,IV,EUW1_5463591117
DIAMOND,IV,EUW1_5462662111
DIAMOND,IV,EUW1_5462336042
DIAMOND,IV,EUW1_5462321954
DIAMOND,IV,EUW1_5461283914
DIAMOND,IV,EUW1_5459845053
DIAMOND,IV,EUW1_5459831069
DIAMOND,IV,EUW1_5459382573
DIAMOND,IV,EUW1_5459309111
DIAMOND,IV,EUW1_5459225213
DIAMOND,IV,EUW1_5458487749
DIAMOND,IV,EUW1_5455473982
DIAMOND,IV,EUW1_5534554302
DIAMOND,IV,EUW1_5534553253
DIAMOND,IV,EUW1_5533068814
DIAMOND,IV,EUW1_5533152679
DIAMOND,IV,EUW1_5533049843
DIAMOND,IV,EUW1_5532679192
DIAMOND,IV,EUW1_5532677191
DIAMOND,IV,EUW1_5532743486
DIAMOND,IV,EUW1_5532598021
DIAMOND,IV,EUW1_5532100101
DIAMOND,IV,EUW1_5532093130
DIAMOND,IV,EUW1_5531948860
DIAMOND,IV,EUW1_5531666027
DIAMOND,IV,EUW1_5531730617
DIAMOND,IV,EUW1_5531298675
DIAMOND,IV,EUW1_5531227799
DIAMOND,IV,EUW1_5530969524
DIAMOND,IV,EUW1_5531044006
DIAMOND,IV,EUW1_5530807781
DIAMOND,IV,EUW1_5530648349
DIAMOND,IV,EUW1_5529527321
DIAMOND,IV,EUW1_5529469529
DIAMOND,IV,EUW1_5529414640
DIAMOND,IV,EUW1_5524378376
DIAMOND,IV,EUW1_5522073574
DIAMOND,IV,EUW1_5533694089
DIAMOND,IV,EUW1_5521730600
DIAMOND,IV,EUW1_5521622917
DIAMOND,IV,EUW1_5521447827
DIAMOND,IV,EUW1_5520954982
DIAMOND,IV,EUW1_5520932525
DIAMOND,IV,EUW1_5520482100
DIAMOND,IV,EUW1_5520316017
DIAMOND,IV,EUW1_5519765642
DIAMOND,IV,EUW1_5519448950
DIAMOND,IV,EUW1_5519302062
DIAMOND,IV,EUW1_5519248098
DIAMOND,IV,EUW1_5519204513
DIAMOND,IV,EUW1_5516959594
DIAMOND,IV,EUW1_5511771186
DIAMOND,IV,EUW1_5511649650
DIAMOND,IV,EUW1_5511675907
DIAMOND,IV,EUW1_5511141637
DIAMOND,IV,EUW1_5510995628
DIAMOND,IV,EUW1_5510993895
DIAMOND,IV,EUW1_5508912620
DIAMOND,IV,EUW1_5507823441
DIAMOND,IV,EUW1_5507758268
DIAMOND,IV,EUW1_5507782034
DIAMOND,IV,EUW1_5506832759
DIAMOND,IV,EUW1_5533294862
DIAMOND,IV,EUW1_5528689586
DIAMOND,IV,EUW1_5516192380
DIAMOND,IV,EUW1_5504997520
DIAMOND,IV,EUW1_5491887894
DIAMOND,IV,EUW1_5451542049
DIAMOND,IV,EUW1_5449964773
DIAMOND,IV,EUW1_5448691806
DIAMOND,IV,EUW1_5443791755
DIAMOND,IV,EUW1_5443738839
DIAMOND,IV,EUW1_5442141194
DIAMOND,IV,EUW1_5421997679
DIAMOND,IV,EUW1_5421521348
DIAMOND,IV,EUW1_5421376930
DIAMOND,IV,EUW1_5420334721
DIAMOND,IV,EUW1_5420097145
DIAMOND,IV,EUW1_5367751480
DIAMOND,IV,EUW1_5367715918
DIAMOND,IV,EUW1_5356023006
DIAMOND,IV,EUW1_5332971689
DIAMOND,IV,EUW1_5321568894
DIAMOND,IV,EUW1_5321584579
DIAMOND,IV,EUW1_5321519539
DIAMOND,IV,EUW1_5321455520
DIAMOND,IV,EUW1_5321359108
DIAMOND,IV,EUW1_5519206515
DIAMOND,IV,EUW1_5516373338
DIAMOND,IV,EUW1_5516100979
DIAMOND,IV,EUW1_5515780236
DIAMOND,IV,EUW1_5515723360
DIAMOND,IV,EUW1_5515666288
DIAMOND,IV,EUW1_5515680685
DIAMOND,IV,EUW1_5515525989
DIAMOND,IV,EUW1_5515501030
DIAMOND,IV,EUW1_5515371296
DIAMOND,IV,EUW1_5515226416
DIAMOND,IV,EUW1_5515112625
DIAMOND,IV,EUW1_5515083181
DIAMOND,IV,EUW1_5515051197
DIAMOND,IV,EUW1_5514559873
DIAMOND,IV,EUW1_5514547881
DIAMOND,IV,EUW1_5514543403
DIAMOND,IV,EUW1_5514082558
DIAMOND,IV,EUW1_5513588320
DIAMOND,IV,EUW1_5513451552
DIAMOND,IV,EUW1_5513403966
DIAMOND,IV,EUW1_5513298891
DIAMOND,IV,EUW1_5513054178
DIAMOND,IV,EUW1_5512985803
DIAMOND,IV,EUW1_5512924617
DIAMOND,IV,EUW1_5534718835
DIAMOND,IV,EUW1_5534638077
DIAMOND,IV,EUW1_5534694886
DIAMOND,IV,EUW1_5534103867
DIAMOND,IV,EUW1_5533329805
DIAMOND,IV,EUW1_5533333812
DIAMOND,IV,EUW1_5533216333
DIAMOND,IV,EUW1_5521452754
DIAMOND,IV,EUW1_5521406207
DIAMOND,IV,EUW1_5521332590
DIAMOND,IV,EUW1_5521283470
DIAMOND,IV,EUW1_5516747015
DIAMOND,IV,EUW1_5516620196
DIAMOND,IV,EUW1_5516495355
DIAMOND,IV,EUW1_5515695271
DIAMOND,IV,EUW1_5515539374
DIAMOND,IV,EUW1_5515552015
DIAMOND,IV,EUW1_5509094630
DIAMOND,IV,EUW1_5506164318
DIAMOND,IV,EUW1_5498086753
DIAMOND,IV,EUW1_5497567316
DIAMOND,IV,EUW1_5497479752
DIAMOND,IV,EUW1_5497423697
DIAMOND,IV,EUW1_5497337027
DIAMOND,IV,EUW1_5497226019
DIAMOND,IV,EUW1_5530663093
DIAMOND,IV,EUW1_5530546954
DIAMOND,IV,EUW1_5530469623
DIAMOND,IV,EUW1_5530005144
DIAMOND,IV,EUW1_5529976303
DIAMOND,IV,EUW1_5529953210
DIAMOND,IV,EUW1_5528936003
DIAMOND,IV,EUW1_5528851402
DIAMOND,IV,EUW1_5528785708
DIAMOND,IV,EUW1_5528532683
DIAMOND,IV,EUW1_5528491298
DIAMOND,IV,EUW1_5528295897
DIAMOND,IV,EUW1_5527472244
DIAMOND,IV,EUW1_5527414978
DIAMOND,IV,EUW1_5527361076
DIAMOND,IV,EUW1_5527263940
DIAMOND,IV,EUW1_5527170470
DIAMOND,IV,EUW1_5526981772
DIAMOND,IV,EUW1_5526934758
DIAMOND,IV,EUW1_5526854054
DIAMOND,IV,EUW1_5526297690
DIAMOND,IV,EUW1_5526236353
DIAMOND,IV,EUW1_5525475457
DIAMOND,IV,EUW1_5524758101
DIAMOND,IV,EUW1_5524751937
DIAMOND,IV,EUW1_5523487157
DIAMOND,IV,EUW1_5522581535
DIAMOND,IV,EUW1_5522486630
DIAMOND,IV,EUW1_5522502909
DIAMOND,IV,EUW1_5521960136
DIAMOND,IV,EUW1_5521964987
DIAMOND,IV,EUW1_5520443322
DIAMOND,IV,EUW1_5520000051
DIAMOND,IV,EUW1_5515124634
DIAMOND,IV,EUW1_5515020142
DIAMOND,IV,EUW1_5515075583
DIAMOND,IV,EUW1_5515012030
DIAMOND,IV,EUW1_5513244048
DIAMOND,IV,EUW1_5513130138
DIAMOND,IV,EUW1_5513174061
DIAMOND,IV,EUW1_5513030337
DIAMOND,IV,EUW1_5513045788
DIAMOND,IV,EUW1_5511808084
DIAMOND,IV,EUW1_5511200183
DIAMOND,IV,EUW1_5510975305
DIAMOND,IV,EUW1_5510650730
DIAMOND,IV,EUW1_5510160484
DIAMOND,IV,EUW1_5509369596
DIAMOND,IV,EUW1_5508951578
DIAMOND,IV,EUW1_5508827378
DIAMOND,IV,EUW1_5534168373
DIAMOND,IV,EUW1_5534054246
DIAMOND,IV,EUW1_5532746820
DIAMOND,IV,EUW1_5531971646
DIAMOND,IV,EUW1_5531362115
DIAMOND,IV,EUW1_5531240050
DIAMOND,IV,EUW1_5531258148
DIAMOND,IV,EUW1_5531197833
DIAMOND,IV,EUW1_5531293973
DIAMOND,IV,EUW1_5531272226
DIAMOND,IV,EUW1_5531063039
DIAMOND,IV,EUW1_5530827223
DIAMOND,IV,EUW1_5529652150
DIAMOND,IV,EUW1_5529566500
DIAMOND,IV,EUW1_5529552742
DIAMOND,IV,EUW1_5529490028
DIAMOND,IV,EUW1_5528905042
DIAMOND,IV,EUW1_5528867347
DIAMOND,IV,EUW1_5525636733
DIAMOND,IV,EUW1_5525021630
DIAMOND,IV,EUW1_5524899091
DIAMOND,IV,EUW1_5524923493
DIAMOND,IV,EUW1_5524890573
DIAMOND,IV,EUW1_5524786675
DIAMOND,IV,EUW1_5524698713
